2026-03-25 07:39:34 [INFO] gex_engine: Stale PID file (PID 31088 dead). Taking over.
2026-03-25 07:39:34 [INFO] gex_engine: Removed stale session lock: C:\Code\gex_telegram\gex_telegram.session-wal
2026-03-25 07:39:34 [INFO] gex_engine: Removed stale session lock: C:\Code\gex_telegram\gex_telegram.session-shm
2026-03-25 07:39:34 [INFO] gex_engine: ============================================================
2026-03-25 07:39:34 [INFO] gex_engine: GEX 0DTE Trading Engine starting...
2026-03-25 07:39:34 [INFO] gex_engine: ============================================================
2026-03-25 07:39:35 [INFO] telethon.crypto.libssl: Failed to load SSL library: <class 'OSError'> (no library called "ssl" found)
2026-03-25 07:39:35 [INFO] telethon.crypto.aes: cryptg module not installed and libssl not found, falling back to (slower) Python encryption
2026-03-25 07:39:35 [INFO] telegram_alerts: Telegram alerts disabled.
2026-03-25 07:39:35 [INFO] day_classifier: DayClassifier: state file is from a different day, ignoring
2026-03-25 07:39:35 [INFO] delivery_watchdog: DeliveryWatchdog: senders wrapped
2026-03-25 07:39:35 [INFO] telegram_listener: Starting Telegram listener on channels: ['spotgammaraed', 'SmartStrategy_Trader', 'SPXW500', 'ipospx', 'abo_shaqran', 'MGTSPXAI_bot', 'controlOptionalspx']
2026-03-25 07:39:35 [INFO] telethon.network.mtprotosender: Connecting to 149.154.175.55:443/TcpFull...
2026-03-25 07:39:35 [INFO] telethon.network.mtprotosender: Connection to 149.154.175.55:443/TcpFull complete!
2026-03-25 07:39:36 [INFO] telegram_listener: Telegram client connected. Listening for messages...
2026-03-25 07:39:38 [INFO] telegram_listener: Primary GEX channel resolved: spotgammaraed = -1002194664808
2026-03-25 07:39:38 [INFO] telegram_listener: Raw message (726 chars): **? SPX Gamma Exposure Update (20260325)**
? 2026-03-25 17:39:38
? **Current Price: $6,605.58**

**Top 5 Call Positions (Positive Gamma):**
- Strike: `$6,600` | Gamma: `942,579,273`
- Strike: `$6,655` | Gamma: `787,295,707`
- Strike: `$6,650` | Gamma: `670,108,714`
- Strike: `$6,625` | Gamma: `636,4...
2026-03-25 07:39:38 [INFO] telegram_listener: Saved snapshot #147273: price=6605.58, gamma=+1.88Bn, session=RTH
2026-03-25 07:41:07 [INFO] telegram_listener: Raw message (726 chars): **? SPX Gamma Exposure Update (20260325)**
? 2026-03-25 17:41:07
? **Current Price: $6,607.40**

**Top 5 Call Positions (Positive Gamma):**
- Strike: `$6,600` | Gamma: `943,098,752`
- Strike: `$6,655` | Gamma: `821,250,014`
- Strike: `$6,650` | Gamma: `707,726,807`
- Strike: `$6,625` | Gamma: `651,7...
2026-03-25 07:41:07 [INFO] telegram_listener: Saved snapshot #147274: price=6607.4, gamma=+2.27Bn, session=RTH
2026-03-25 07:42:36 [INFO] telegram_listener: Raw message (723 chars): **? SPX Gamma Exposure Update (20260325)**
? 2026-03-25 17:42:36
? **Current Price: $6,613.91**

**Top 5 Call Positions (Positive Gamma):**
- Strike: `$6,655` | Gamma: `990,801,569`
- Strike: `$6,600` | Gamma: `879,788,539`
- Strike: `$6,650` | Gamma: `821,088,727`
- Strike: `$6,665` | Gamma: `771,8...
2026-03-25 07:42:36 [INFO] telegram_listener: Saved snapshot #147275: price=6613.91, gamma=+3.92Bn, session=RTH
2026-03-25 07:44:05 [INFO] telegram_listener: Raw message (723 chars): **? SPX Gamma Exposure Update (20260325)**
? 2026-03-25 17:44:05
? **Current Price: $6,612.04**

**Top 5 Call Positions (Positive Gamma):**
- Strike: `$6,655` | Gamma: `939,890,118`
- Strike: `$6,600` | Gamma: `922,712,894`
- Strike: `$6,650` | Gamma: `795,757,078`
- Strike: `$6,665` | Gamma: `736,3...
2026-03-25 07:44:05 [INFO] telegram_listener: Saved snapshot #147276: price=6612.04, gamma=+3.60Bn, session=RTH
2026-03-25 07:45:37 [INFO] telegram_listener: Raw message (723 chars): **? SPX Gamma Exposure Update (20260325)**
? 2026-03-25 17:45:36
? **Current Price: $6,610.96**

**Top 5 Call Positions (Positive Gamma):**
- Strike: `$6,600` | Gamma: `944,115,290`
- Strike: `$6,655` | Gamma: `922,804,833`
- Strike: `$6,650` | Gamma: `770,637,859`
- Strike: `$6,665` | Gamma: `701,0...
2026-03-25 07:45:37 [INFO] telegram_listener: Saved snapshot #147277: price=6610.96, gamma=+3.24Bn, session=RTH
2026-03-25 07:47:06 [INFO] telegram_listener: Raw message (723 chars): **? SPX Gamma Exposure Update (20260325)**
? 2026-03-25 17:47:06
? **Current Price: $6,612.02**

**Top 5 Call Positions (Positive Gamma):**
- Strike: `$6,600` | Gamma: `944,418,073`
- Strike: `$6,655` | Gamma: `939,884,432`
- Strike: `$6,650` | Gamma: `795,752,264`
- Strike: `$6,665` | Gamma: `718,7...
2026-03-25 07:47:06 [INFO] telegram_listener: Saved snapshot #147278: price=6612.02, gamma=+3.39Bn, session=RTH
2026-03-25 07:48:35 [INFO] telegram_listener: Raw message (725 chars): **? SPX Gamma Exposure Update (20260325)**
? 2026-03-25 17:48:35
? **Current Price: $6,614.60**

**Top 5 Call Positions (Positive Gamma):**
- Strike: `$6,655` | Gamma: `1,007,805,062`
- Strike: `$6,600` | Gamma: `923,427,531`
- Strike: `$6,650` | Gamma: `846,146,725`
- Strike: `$6,665` | Gamma: `771...
2026-03-25 07:48:35 [INFO] telegram_listener: Saved snapshot #147279: price=6614.6, gamma=+4.13Bn, session=RTH
2026-03-25 07:50:07 [INFO] telegram_listener: Raw message (725 chars): **? SPX Gamma Exposure Update (20260325)**
? 2026-03-25 17:50:07
? **Current Price: $6,615.11**

**Top 5 Call Positions (Positive Gamma):**
- Strike: `$6,655` | Gamma: `1,024,759,818`
- Strike: `$6,600` | Gamma: `923,569,933`
- Strike: `$6,650` | Gamma: `858,722,463`
- Strike: `$6,665` | Gamma: `789...
2026-03-25 07:50:07 [INFO] telegram_listener: Saved snapshot #147280: price=6615.11, gamma=+4.23Bn, session=RTH
2026-03-25 07:51:36 [INFO] telegram_listener: Raw message (725 chars): **? SPX Gamma Exposure Update (20260325)**
? 2026-03-25 17:51:36
? **Current Price: $6,616.38**

**Top 5 Call Positions (Positive Gamma):**
- Strike: `$6,655` | Gamma: `1,058,764,916`
- Strike: `$6,600` | Gamma: `934,794,291`
- Strike: `$6,650` | Gamma: `883,952,282`
- Strike: `$6,665` | Gamma: `807...
2026-03-25 07:51:36 [INFO] telegram_listener: Saved snapshot #147281: price=6616.38, gamma=+4.56Bn, session=RTH
2026-03-25 07:53:05 [INFO] telegram_listener: Raw message (723 chars): **? SPX Gamma Exposure Update (20260325)**
? 2026-03-25 17:53:05
? **Current Price: $6,614.46**

**Top 5 Call Positions (Positive Gamma):**
- Strike: `$6,655` | Gamma: `990,966,362`
- Strike: `$6,600` | Gamma: `934,251,835`
- Strike: `$6,650` | Gamma: `846,110,907`
- Strike: `$6,665` | Gamma: `754,3...
2026-03-25 07:53:05 [INFO] telegram_listener: Saved snapshot #147282: price=6614.46, gamma=+4.06Bn, session=RTH
2026-03-25 07:54:35 [INFO] telegram_listener: Raw message (725 chars): **? SPX Gamma Exposure Update (20260325)**
? 2026-03-25 17:54:34
? **Current Price: $6,615.77**

**Top 5 Call Positions (Positive Gamma):**
- Strike: `$6,655` | Gamma: `1,024,964,312`
- Strike: `$6,600` | Gamma: `956,357,325`
- Strike: `$6,650` | Gamma: `871,341,560`
- Strike: `$6,665` | Gamma: `772...
2026-03-25 07:54:35 [INFO] telegram_listener: Saved snapshot #147283: price=6615.77, gamma=+4.13Bn, session=RTH
2026-03-25 07:56:07 [INFO] telegram_listener: Raw message (723 chars): **? SPX Gamma Exposure Update (20260325)**
? 2026-03-25 17:56:06
? **Current Price: $6,614.30**

**Top 5 Call Positions (Positive Gamma):**
- Strike: `$6,655` | Gamma: `990,918,421`
- Strike: `$6,600` | Gamma: `955,932,374`
- Strike: `$6,650` | Gamma: `846,069,974`
- Strike: `$6,665` | Gamma: `736,8...
2026-03-25 07:56:07 [INFO] telegram_listener: Saved snapshot #147284: price=6614.3, gamma=+4.01Bn, session=RTH
2026-03-25 07:57:54 [INFO] telegram_listener: Raw message (723 chars): **? SPX Gamma Exposure Update (20260325)**
? 2026-03-25 17:57:54
? **Current Price: $6,615.58**

**Top 5 Call Positions (Positive Gamma):**
- Strike: `$6,655` | Gamma: `991,301,983`
- Strike: `$6,600` | Gamma: `967,169,466`
- Strike: `$6,650` | Gamma: `858,844,490`
- Strike: `$6,625` | Gamma: `751,0...
2026-03-25 07:57:54 [INFO] telegram_listener: Saved snapshot #147285: price=6615.58, gamma=+3.98Bn, session=RTH
2026-03-25 07:59:01 [INFO] telegram_listener: Raw message (725 chars): **? SPX Gamma Exposure Update (20260325)**
? 2026-03-25 17:59:01
? **Current Price: $6,615.31**

**Top 5 Call Positions (Positive Gamma):**
- Strike: `$6,655` | Gamma: `1,008,021,426`
- Strike: `$6,600` | Gamma: `977,956,708`
- Strike: `$6,650` | Gamma: `871,220,394`
- Strike: `$6,625` | Gamma: `765...
2026-03-25 07:59:01 [INFO] telegram_listener: Saved snapshot #147286: price=6615.31, gamma=+3.91Bn, session=RTH
--- Logging error ---
Traceback (most recent call last):
  File "C:\Program Files\WindowsApps\PythonSoftwareFoundation.Python.3.12_3.12.2800.0_x64__qbz5n2kfra8p0\Lib\logging\__init__.py", line 1163, in emit
    stream.write(msg + self.terminator)
  File "C:\Program Files\WindowsApps\PythonSoftwareFoundation.Python.3.12_3.12.2800.0_x64__qbz5n2kfra8p0\Lib\encodings\cp1252.py", line 19, in encode
    return codecs.charmap_encode(input,self.errors,encoding_table)[0]
           ^^^^^^^^^^^^^^^^^^^^^^^^^^^^^^^^^^^^^^^^^^^^^^^^^^^^^^^
UnicodeEncodeError: 'charmap' codec can't encode characters in position 67-68: character maps to <undefined>
Call stack:
  File "C:\Code\gex_telegram\main.py", line 92, in <module>
    main()
  File "C:\Code\gex_telegram\main.py", line 80, in main
    asyncio.run(start_listener())
  File "C:\Program Files\WindowsApps\PythonSoftwareFoundation.Python.3.12_3.12.2800.0_x64__qbz5n2kfra8p0\Lib\asyncio\runners.py", line 195, in run
    return runner.run(main)
  File "C:\Program Files\WindowsApps\PythonSoftwareFoundation.Python.3.12_3.12.2800.0_x64__qbz5n2kfra8p0\Lib\asyncio\runners.py", line 118, in run
    return self._loop.run_until_complete(task)
  File "C:\Program Files\WindowsApps\PythonSoftwareFoundation.Python.3.12_3.12.2800.0_x64__qbz5n2kfra8p0\Lib\asyncio\base_events.py", line 678, in run_until_complete
    self.run_forever()
  File "C:\Program Files\WindowsApps\PythonSoftwareFoundation.Python.3.12_3.12.2800.0_x64__qbz5n2kfra8p0\Lib\asyncio\windows_events.py", line 322, in run_forever
    super().run_forever()
  File "C:\Program Files\WindowsApps\PythonSoftwareFoundation.Python.3.12_3.12.2800.0_x64__qbz5n2kfra8p0\Lib\asyncio\base_events.py", line 645, in run_forever
    self._run_once()
  File "C:\Program Files\WindowsApps\PythonSoftwareFoundation.Python.3.12_3.12.2800.0_x64__qbz5n2kfra8p0\Lib\asyncio\base_events.py", line 1999, in _run_once
    handle._run()
  File "C:\Program Files\WindowsApps\PythonSoftwareFoundation.Python.3.12_3.12.2800.0_x64__qbz5n2kfra8p0\Lib\asyncio\events.py", line 88, in _run
    self._context.run(self._callback, *self._args)
  File "C:\Code\gex_telegram\telegram_listener.py", line 1939, in data_feed_watchdog
    pipeline.watchdog.check_signal_flow()
  File "C:\Code\gex_telegram\delivery_watchdog.py", line 226, in check_signal_flow
    log.warning(f"DeliveryWatchdog: {msg}")
Message: 'DeliveryWatchdog: \u26a0\ufe0f ENGINE IDLE: No signals delivered in 20+ minutes\nCheck data feed, Telegram listener, or GEX engine health.\nTime: 07:59 AM PT'
Arguments: ()
2026-03-25 07:59:37 [INFO] discord_alerts: Sent DATA_RESTORED to gex_engine
2026-03-25 08:00:35 [INFO] telegram_listener: Raw message (725 chars): **? SPX Gamma Exposure Update (20260325)**
? 2026-03-25 18:00:34
? **Current Price: $6,613.18**

**Top 5 Call Positions (Positive Gamma):**
- Strike: `$6,600` | Gamma: `1,009,904,612`
- Strike: `$6,655` | Gamma: `940,214,244`
- Strike: `$6,650` | Gamma: `820,907,484`
- Strike: `$6,625` | Gamma: `757...
2026-03-25 08:00:35 [INFO] telegram_listener: Saved snapshot #147287: price=6613.18, gamma=+3.35Bn, session=RTH
2026-03-25 08:01:42 [INFO] telegram_listener: Raw message (723 chars): **? SPX Gamma Exposure Update (20260325)**
? 2026-03-25 18:01:42
? **Current Price: $6,611.88**

**Top 5 Call Positions (Positive Gamma):**
- Strike: `$6,600` | Gamma: `998,652,682`
- Strike: `$6,655` | Gamma: `906,278,752`
- Strike: `$6,650` | Gamma: `783,285,464`
- Strike: `$6,625` | Gamma: `742,6...
2026-03-25 08:01:42 [INFO] telegram_listener: Saved snapshot #147288: price=6611.88, gamma=+3.09Bn, session=RTH
2026-03-25 08:03:11 [INFO] telegram_listener: Raw message (725 chars): **? SPX Gamma Exposure Update (20260325)**
? 2026-03-25 18:03:11
? **Current Price: $6,611.19**

**Top 5 Call Positions (Positive Gamma):**
- Strike: `$6,600` | Gamma: `1,009,296,914`
- Strike: `$6,655` | Gamma: `889,310,170`
- Strike: `$6,650` | Gamma: `770,691,482`
- Strike: `$6,625` | Gamma: `742...
2026-03-25 08:03:11 [INFO] telegram_listener: Saved snapshot #147289: price=6611.19, gamma=+2.85Bn, session=RTH
2026-03-25 08:04:40 [INFO] telegram_listener: Raw message (723 chars): **? SPX Gamma Exposure Update (20260325)**
? 2026-03-25 18:04:40
? **Current Price: $6,613.61**

**Top 5 Call Positions (Positive Gamma):**
- Strike: `$6,600` | Gamma: `966,593,541`
- Strike: `$6,655` | Gamma: `957,128,240`
- Strike: `$6,650` | Gamma: `833,453,850`
- Strike: `$6,625` | Gamma: `743,0...
2026-03-25 08:04:40 [INFO] telegram_listener: Saved snapshot #147290: price=6613.61, gamma=+3.60Bn, session=RTH
2026-03-25 08:06:13 [INFO] telegram_listener: Raw message (726 chars): **? SPX Gamma Exposure Update (20260325)**
? 2026-03-25 18:06:12
? **Current Price: $6,610.74**

**Top 5 Call Positions (Positive Gamma):**
- Strike: `$6,600` | Gamma: `1,009,159,520`
- Strike: `$6,655` | Gamma: `872,411,957`
- Strike: `$6,650` | Gamma: `758,157,753`
- Strike: `$6,625` | Gamma: `742...
2026-03-25 08:06:13 [INFO] telegram_listener: Saved snapshot #147291: price=6610.74, gamma=+2.77Bn, session=RTH
2026-03-25 08:07:42 [INFO] telegram_listener: Raw message (726 chars): **? SPX Gamma Exposure Update (20260325)**
? 2026-03-25 18:07:42
? **Current Price: $6,603.95**

**Top 5 Call Positions (Positive Gamma):**
- Strike: `$6,600` | Gamma: `1,028,745,332`
- Strike: `$6,655` | Gamma: `686,450,968`
- Strike: `$6,625` | Gamma: `666,062,285`
- Strike: `$6,575` | Gamma: `660...
2026-03-25 08:07:42 [INFO] telegram_listener: Saved snapshot #147292: price=6603.95, gamma=+0.94Bn, session=RTH
2026-03-25 08:09:11 [INFO] telegram_listener: Raw message (724 chars): **? SPX Gamma Exposure Update (20260325)**
? 2026-03-25 18:09:11
? **Current Price: $6,601.55**

**Top 5 Call Positions (Positive Gamma):**
- Strike: `$6,600` | Gamma: `995,534,651`
- Strike: `$6,575` | Gamma: `669,605,089`
- Strike: `$6,655` | Gamma: `652,491,041`
- Strike: `$6,625` | Gamma: `628,1...
2026-03-25 08:09:11 [INFO] telegram_listener: Saved snapshot #147293: price=6601.55, gamma=+0.76Bn, session=RTH
2026-03-25 08:09:36 [INFO] telethon.client.updates: Got difference for account updates
2026-03-25 08:10:41 [INFO] telegram_listener: Raw message (728 chars): **? SPX Gamma Exposure Update (20260325)**
? 2026-03-25 18:10:41
? **Current Price: $6,598.36**

**Top 5 Call Positions (Positive Gamma):**
- Strike: `$6,600` | Gamma: `1,016,193,906`
- Strike: `$6,575` | Gamma: `706,122,452`
- Strike: `$6,625` | Gamma: `597,694,533`
- Strike: `$6,655` | Gamma: `585...
2026-03-25 08:10:41 [INFO] telegram_listener: Saved snapshot #147294: price=6598.36, gamma=-0.01Bn, session=RTH
2026-03-25 08:12:13 [INFO] telegram_listener: Raw message (729 chars): **? SPX Gamma Exposure Update (20260325)**
? 2026-03-25 18:12:13
? **Current Price: $6,594.83**

**Top 5 Call Positions (Positive Gamma):**
- Strike: `$6,600` | Gamma: `1,015,106,907`
- Strike: `$6,575` | Gamma: `742,491,715`
- Strike: `$6,625` | Gamma: `559,739,244`
- Strike: `$6,655` | Gamma: `517...
2026-03-25 08:12:13 [INFO] telegram_listener: Saved snapshot #147295: price=6594.83, gamma=-0.74Bn, session=RTH
2026-03-25 08:13:42 [INFO] telegram_listener: Raw message (731 chars): **? SPX Gamma Exposure Update (20260325)**
? 2026-03-25 18:13:42
? **Current Price: $6,594.49**

**Top 5 Call Positions (Positive Gamma):**
- Strike: `$6,600` | Gamma: `1,036,598,034`
- Strike: `$6,575` | Gamma: `760,975,537`
- Strike: `$6,625` | Gamma: `559,681,530`
- Strike: `$6,655` | Gamma: `500...
2026-03-25 08:13:42 [INFO] telegram_listener: Saved snapshot #147296: price=6594.49, gamma=-1.01Bn, session=RTH
2026-03-25 08:15:12 [INFO] telegram_listener: Raw message (731 chars): **? SPX Gamma Exposure Update (20260325)**
? 2026-03-25 18:15:12
? **Current Price: $6,591.63**

**Top 5 Call Positions (Positive Gamma):**
- Strike: `$6,600` | Gamma: `1,003,333,496`
- Strike: `$6,575` | Gamma: `769,587,758`
- Strike: `$6,625` | Gamma: `529,372,377`
- Strike: `$6,655` | Gamma: `467...
2026-03-25 08:15:12 [INFO] telegram_listener: Saved snapshot #147297: price=6591.63, gamma=-1.33Bn, session=RTH
2026-03-25 08:16:44 [INFO] telegram_listener: Raw message (726 chars): **? SPX Gamma Exposure Update (20260325)**
? 2026-03-25 18:16:43
? **Current Price: $6,580.38**

**Top 5 Call Positions (Positive Gamma):**
- Strike: `$6,600` | Gamma: `849,387,291`
- Strike: `$6,575` | Gamma: `757,722,555`
- Strike: `$6,625` | Gamma: `393,817,581`
- Strike: `$6,655` | Gamma: `332,4...
2026-03-25 08:16:44 [INFO] telegram_listener: Saved snapshot #147298: price=6580.38, gamma=-3.63Bn, session=RTH
2026-03-25 08:18:13 [INFO] telegram_listener: Raw message (726 chars): **? SPX Gamma Exposure Update (20260325)**
? 2026-03-25 18:18:12
? **Current Price: $6,568.96**

**Top 5 Call Positions (Positive Gamma):**
- Strike: `$6,600` | Gamma: `685,724,913`
- Strike: `$6,575` | Gamma: `663,010,103`
- Strike: `$6,625` | Gamma: `318,404,336`
- Strike: `$6,655` | Gamma: `298,1...
2026-03-25 08:18:13 [INFO] telegram_listener: Saved snapshot #147299: price=6568.96, gamma=-5.54Bn, session=RTH
2026-03-25 08:19:42 [INFO] telegram_listener: Raw message (726 chars): **? SPX Gamma Exposure Update (20260325)**
? 2026-03-25 18:19:42
? **Current Price: $6,572.87**

**Top 5 Call Positions (Positive Gamma):**
- Strike: `$6,600` | Gamma: `750,904,739`
- Strike: `$6,575` | Gamma: `709,896,812`
- Strike: `$6,625` | Gamma: `341,024,202`
- Strike: `$6,655` | Gamma: `298,5...
2026-03-25 08:19:42 [INFO] telegram_listener: Saved snapshot #147300: price=6572.87, gamma=-4.61Bn, session=RTH
2026-03-25 08:21:11 [INFO] telegram_listener: Raw message (728 chars): **? SPX Gamma Exposure Update (20260325)**
? 2026-03-25 18:21:10
? **Current Price: $6,582.27**

**Top 5 Call Positions (Positive Gamma):**
- Strike: `$6,600` | Gamma: `871,391,108`
- Strike: `$6,575` | Gamma: `748,912,052`
- Strike: `$6,625` | Gamma: `423,782,994`
- Strike: `$6,655` | Gamma: `365,9...
2026-03-25 08:21:11 [INFO] telegram_listener: Saved snapshot #147301: price=6582.27, gamma=-2.94Bn, session=RTH
2026-03-25 08:22:42 [INFO] telegram_listener: Raw message (728 chars): **? SPX Gamma Exposure Update (20260325)**
? 2026-03-25 18:22:42
? **Current Price: $6,586.27**

**Top 5 Call Positions (Positive Gamma):**
- Strike: `$6,600` | Gamma: `926,305,476`
- Strike: `$6,575` | Gamma: `740,565,477`
- Strike: `$6,625` | Gamma: `461,517,352`
- Strike: `$6,655` | Gamma: `399,6...
2026-03-25 08:22:42 [INFO] telegram_listener: Saved snapshot #147302: price=6586.27, gamma=-2.26Bn, session=RTH
2026-03-25 08:24:11 [INFO] telegram_listener: Raw message (728 chars): **? SPX Gamma Exposure Update (20260325)**
? 2026-03-25 18:24:11
? **Current Price: $6,590.54**

**Top 5 Call Positions (Positive Gamma):**
- Strike: `$6,600` | Gamma: `970,646,805`
- Strike: `$6,575` | Gamma: `741,526,033`
- Strike: `$6,625` | Gamma: `514,290,349`
- Strike: `$6,655` | Gamma: `450,2...
2026-03-25 08:24:11 [INFO] telegram_listener: Saved snapshot #147303: price=6590.54, gamma=-1.51Bn, session=RTH
2026-03-25 08:25:40 [INFO] telegram_listener: Raw message (729 chars): **? SPX Gamma Exposure Update (20260325)**
? 2026-03-25 18:25:40
? **Current Price: $6,596.26**

**Top 5 Call Positions (Positive Gamma):**
- Strike: `$6,600` | Gamma: `1,004,743,486`
- Strike: `$6,575` | Gamma: `714,958,233`
- Strike: `$6,625` | Gamma: `582,381,294`
- Strike: `$6,655` | Gamma: `517...
2026-03-25 08:25:40 [INFO] telegram_listener: Saved snapshot #147304: price=6596.26, gamma=-0.29Bn, session=RTH
2026-03-25 08:27:11 [INFO] telegram_listener: Raw message (731 chars): **? SPX Gamma Exposure Update (20260325)**
? 2026-03-25 18:27:11
? **Current Price: $6,594.16**

**Top 5 Call Positions (Positive Gamma):**
- Strike: `$6,600` | Gamma: `1,036,494,290`
- Strike: `$6,575` | Gamma: `751,620,117`
- Strike: `$6,625` | Gamma: `567,087,190`
- Strike: `$6,655` | Gamma: `467...
2026-03-25 08:27:11 [INFO] telegram_listener: Saved snapshot #147305: price=6594.16, gamma=-1.10Bn, session=RTH
2026-03-25 08:28:40 [INFO] telegram_listener: Raw message (727 chars): **? SPX Gamma Exposure Update (20260325)**
? 2026-03-25 18:28:40
? **Current Price: $6,598.51**

**Top 5 Call Positions (Positive Gamma):**
- Strike: `$6,600` | Gamma: `1,027,051,174`
- Strike: `$6,575` | Gamma: `706,154,557`
- Strike: `$6,625` | Gamma: `612,664,751`
- Strike: `$6,655` | Gamma: `551...
2026-03-25 08:28:40 [INFO] telegram_listener: Saved snapshot #147306: price=6598.51, gamma=+0.04Bn, session=RTH
2026-03-25 08:29:23 [INFO] telegram_listener: Channel msg [SPXW500]: ??? ???? ???
2026-03-25 08:29:23 [INFO] consensus_tracker: ConsensusTracker: daily reset
--- Logging error ---
Traceback (most recent call last):
  File "C:\Program Files\WindowsApps\PythonSoftwareFoundation.Python.3.12_3.12.2800.0_x64__qbz5n2kfra8p0\Lib\logging\__init__.py", line 1163, in emit
    stream.write(msg + self.terminator)
  File "C:\Program Files\WindowsApps\PythonSoftwareFoundation.Python.3.12_3.12.2800.0_x64__qbz5n2kfra8p0\Lib\encodings\cp1252.py", line 19, in encode
    return codecs.charmap_encode(input,self.errors,encoding_table)[0]
           ^^^^^^^^^^^^^^^^^^^^^^^^^^^^^^^^^^^^^^^^^^^^^^^^^^^^^^^
UnicodeEncodeError: 'charmap' codec can't encode characters in position 67-68: character maps to <undefined>
Call stack:
  File "C:\Code\gex_telegram\main.py", line 92, in <module>
    main()
  File "C:\Code\gex_telegram\main.py", line 80, in main
    asyncio.run(start_listener())
  File "C:\Program Files\WindowsApps\PythonSoftwareFoundation.Python.3.12_3.12.2800.0_x64__qbz5n2kfra8p0\Lib\asyncio\runners.py", line 195, in run
    return runner.run(main)
  File "C:\Program Files\WindowsApps\PythonSoftwareFoundation.Python.3.12_3.12.2800.0_x64__qbz5n2kfra8p0\Lib\asyncio\runners.py", line 118, in run
    return self._loop.run_until_complete(task)
  File "C:\Program Files\WindowsApps\PythonSoftwareFoundation.Python.3.12_3.12.2800.0_x64__qbz5n2kfra8p0\Lib\asyncio\base_events.py", line 678, in run_until_complete
    self.run_forever()
  File "C:\Program Files\WindowsApps\PythonSoftwareFoundation.Python.3.12_3.12.2800.0_x64__qbz5n2kfra8p0\Lib\asyncio\windows_events.py", line 322, in run_forever
    super().run_forever()
  File "C:\Program Files\WindowsApps\PythonSoftwareFoundation.Python.3.12_3.12.2800.0_x64__qbz5n2kfra8p0\Lib\asyncio\base_events.py", line 645, in run_forever
    self._run_once()
  File "C:\Program Files\WindowsApps\PythonSoftwareFoundation.Python.3.12_3.12.2800.0_x64__qbz5n2kfra8p0\Lib\asyncio\base_events.py", line 1999, in _run_once
    handle._run()
  File "C:\Program Files\WindowsApps\PythonSoftwareFoundation.Python.3.12_3.12.2800.0_x64__qbz5n2kfra8p0\Lib\asyncio\events.py", line 88, in _run
    self._context.run(self._callback, *self._args)
  File "C:\Code\gex_telegram\telegram_listener.py", line 1939, in data_feed_watchdog
    pipeline.watchdog.check_signal_flow()
  File "C:\Code\gex_telegram\delivery_watchdog.py", line 226, in check_signal_flow
    log.warning(f"DeliveryWatchdog: {msg}")
Message: 'DeliveryWatchdog: \u26a0\ufe0f ENGINE IDLE: No signals delivered in 50+ minutes\nCheck data feed, Telegram listener, or GEX engine health.\nTime: 08:29 AM PT'
Arguments: ()
2026-03-25 08:29:37 [INFO] discord_alerts: Sent DATA_RESTORED to gex_engine
2026-03-25 08:30:09 [INFO] telegram_listener: Raw message (727 chars): **? SPX Gamma Exposure Update (20260325)**
? 2026-03-25 18:30:09
? **Current Price: $6,604.31**

**Top 5 Call Positions (Positive Gamma):**
- Strike: `$6,600` | Gamma: `1,028,857,495`
- Strike: `$6,625` | Gamma: `688,588,891`
- Strike: `$6,655` | Gamma: `669,781,279`
- Strike: `$6,575` | Gamma: `651...
2026-03-25 08:30:10 [INFO] telegram_listener: Saved snapshot #147307: price=6604.31, gamma=+1.37Bn, session=RTH
2026-03-25 08:31:39 [INFO] telegram_listener: Raw message (728 chars): **? SPX Gamma Exposure Update (20260325)**
? 2026-03-25 18:31:38
? **Current Price: $6,604.95**

**Top 5 Call Positions (Positive Gamma):**
- Strike: `$6,600` | Gamma: `1,050,721,267`
- Strike: `$6,625` | Gamma: `703,694,580`
- Strike: `$6,655` | Gamma: `669,911,097`
- Strike: `$6,575` | Gamma: `660...
2026-03-25 08:31:39 [INFO] telegram_listener: Saved snapshot #147308: price=6604.95, gamma=+1.20Bn, session=RTH
2026-03-25 08:32:49 [INFO] telegram_listener: Raw message (727 chars): **? SPX Gamma Exposure Update (20260325)**
? 2026-03-25 18:32:49
? **Current Price: $6,606.94**

**Top 5 Call Positions (Positive Gamma):**
- Strike: `$6,600` | Gamma: `1,040,515,798`
- Strike: `$6,625` | Gamma: `726,590,547`
- Strike: `$6,655` | Gamma: `720,588,444`
- Strike: `$6,650` | Gamma: `657...
2026-03-25 08:32:49 [INFO] telegram_listener: Saved snapshot #147309: price=6606.94, gamma=+1.75Bn, session=RTH
2026-03-25 08:34:19 [INFO] telegram_listener: Raw message (728 chars): **? SPX Gamma Exposure Update (20260325)**
? 2026-03-25 18:34:19
? **Current Price: $6,606.62**

**Top 5 Call Positions (Positive Gamma):**
- Strike: `$6,600` | Gamma: `1,051,252,664`
- Strike: `$6,625` | Gamma: `726,520,166`
- Strike: `$6,655` | Gamma: `703,762,397`
- Strike: `$6,650` | Gamma: `645...
2026-03-25 08:34:19 [INFO] telegram_listener: Saved snapshot #147310: price=6606.62, gamma=+1.47Bn, session=RTH
2026-03-25 08:35:33 [INFO] telegram_listener: Channel msg [controlOptionalspx]: 780$ ( 2925? )
2026-03-25 08:35:48 [INFO] telegram_listener: Raw message (726 chars): **? SPX Gamma Exposure Update (20260325)**
? 2026-03-25 18:35:48
? **Current Price: $6,602.13**

**Top 5 Call Positions (Positive Gamma):**
- Strike: `$6,600` | Gamma: `1,093,115,963`
- Strike: `$6,575` | Gamma: `706,929,574`
- Strike: `$6,625` | Gamma: `680,654,655`
- Strike: `$6,655` | Gamma: `568...
2026-03-25 08:35:48 [INFO] telegram_listener: Saved snapshot #147311: price=6602.13, gamma=+0.28Bn, session=RTH
2026-03-25 08:37:19 [INFO] telegram_listener: Raw message (729 chars): **? SPX Gamma Exposure Update (20260325)**
? 2026-03-25 18:37:19
? **Current Price: $6,600.31**

**Top 5 Call Positions (Positive Gamma):**
- Strike: `$6,600` | Gamma: `1,114,147,299`
- Strike: `$6,575` | Gamma: `734,429,603`
- Strike: `$6,625` | Gamma: `665,328,240`
- Strike: `$6,655` | Gamma: `535...
2026-03-25 08:37:19 [INFO] telegram_listener: Saved snapshot #147312: price=6600.31, gamma=-0.14Bn, session=RTH
2026-03-25 08:38:48 [INFO] telegram_listener: Raw message (731 chars): **? SPX Gamma Exposure Update (20260325)**
? 2026-03-25 18:38:48
? **Current Price: $6,594.03**

**Top 5 Call Positions (Positive Gamma):**
- Strike: `$6,600` | Gamma: `1,079,638,982`
- Strike: `$6,575` | Gamma: `788,706,061`
- Strike: `$6,625` | Gamma: `567,064,831`
- Strike: `$6,605` | Gamma: `428...
2026-03-25 08:38:48 [INFO] telegram_listener: Saved snapshot #147313: price=6594.03, gamma=-1.39Bn, session=RTH
2026-03-25 08:40:18 [INFO] telegram_listener: Raw message (731 chars): **? SPX Gamma Exposure Update (20260325)**
? 2026-03-25 18:40:17
? **Current Price: $6,594.26**

**Top 5 Call Positions (Positive Gamma):**
- Strike: `$6,600` | Gamma: `1,112,105,728`
- Strike: `$6,575` | Gamma: `798,040,624`
- Strike: `$6,625` | Gamma: `574,566,290`
- Strike: `$6,610` | Gamma: `437...
2026-03-25 08:40:18 [INFO] telegram_listener: Saved snapshot #147314: price=6594.26, gamma=-1.35Bn, session=RTH
2026-03-25 08:41:46 [INFO] telegram_listener: Raw message (730 chars): **? SPX Gamma Exposure Update (20260325)**
? 2026-03-25 18:41:46
? **Current Price: $6,591.74**

**Top 5 Call Positions (Positive Gamma):**
- Strike: `$6,600` | Gamma: `1,078,889,230`
- Strike: `$6,575` | Gamma: `806,703,248`
- Strike: `$6,625` | Gamma: `536,846,243`
- Strike: `$6,605` | Gamma: `423...
2026-03-25 08:41:46 [INFO] telegram_listener: Saved snapshot #147315: price=6591.74, gamma=-1.87Bn, session=RTH
2026-03-25 08:43:17 [INFO] telegram_listener: Raw message (730 chars): **? SPX Gamma Exposure Update (20260325)**
? 2026-03-25 18:43:17
? **Current Price: $6,588.69**

**Top 5 Call Positions (Positive Gamma):**
- Strike: `$6,600` | Gamma: `1,056,333,235`
- Strike: `$6,575` | Gamma: `833,748,515`
- Strike: `$6,625` | Gamma: `499,103,063`
- Strike: `$6,605` | Gamma: `410...
2026-03-25 08:43:17 [INFO] telegram_listener: Saved snapshot #147316: price=6588.69, gamma=-2.53Bn, session=RTH
2026-03-25 08:44:47 [INFO] telegram_listener: Raw message (730 chars): **? SPX Gamma Exposure Update (20260325)**
? 2026-03-25 18:44:46
? **Current Price: $6,592.51**

**Top 5 Call Positions (Positive Gamma):**
- Strike: `$6,600` | Gamma: `1,089,932,714`
- Strike: `$6,575` | Gamma: `806,891,726`
- Strike: `$6,625` | Gamma: `551,887,551`
- Strike: `$6,605` | Gamma: `428...
2026-03-25 08:44:47 [INFO] telegram_listener: Saved snapshot #147317: price=6592.51, gamma=-1.64Bn, session=RTH
2026-03-25 08:46:16 [INFO] telegram_listener: Raw message (730 chars): **? SPX Gamma Exposure Update (20260325)**
? 2026-03-25 18:46:16
? **Current Price: $6,590.76**

**Top 5 Call Positions (Positive Gamma):**
- Strike: `$6,600` | Gamma: `1,089,354,139`
- Strike: `$6,575` | Gamma: `825,002,788`
- Strike: `$6,625` | Gamma: `529,232,647`
- Strike: `$6,605` | Gamma: `423...
2026-03-25 08:46:16 [INFO] telegram_listener: Saved snapshot #147318: price=6590.76, gamma=-1.91Bn, session=RTH
2026-03-25 08:47:48 [INFO] telegram_listener: Raw message (730 chars): **? SPX Gamma Exposure Update (20260325)**
? 2026-03-25 18:47:47
? **Current Price: $6,591.43**

**Top 5 Call Positions (Positive Gamma):**
- Strike: `$6,600` | Gamma: `1,121,939,265`
- Strike: `$6,575` | Gamma: `834,442,111`
- Strike: `$6,625` | Gamma: `536,795,750`
- Strike: `$6,605` | Gamma: `436...
2026-03-25 08:47:48 [INFO] telegram_listener: Saved snapshot #147319: price=6591.43, gamma=-1.97Bn, session=RTH
2026-03-25 08:49:17 [INFO] telegram_listener: Raw message (730 chars): **? SPX Gamma Exposure Update (20260325)**
? 2026-03-25 18:49:16
? **Current Price: $6,591.65**

**Top 5 Call Positions (Positive Gamma):**
- Strike: `$6,600` | Gamma: `1,111,225,562`
- Strike: `$6,575` | Gamma: `825,225,616`
- Strike: `$6,625` | Gamma: `536,831,583`
- Strike: `$6,605` | Gamma: `436...
2026-03-25 08:49:17 [INFO] telegram_listener: Saved snapshot #147320: price=6591.65, gamma=-1.69Bn, session=RTH
2026-03-25 08:49:55 [INFO] telethon.client.updates: Got difference for channel 1339255863 updates
2026-03-25 08:50:46 [INFO] telegram_listener: Raw message (729 chars): **? SPX Gamma Exposure Update (20260325)**
? 2026-03-25 18:50:46
? **Current Price: $6,594.93**

**Top 5 Call Positions (Positive Gamma):**
- Strike: `$6,600` | Gamma: `1,101,532,390`
- Strike: `$6,575` | Gamma: `788,921,372`
- Strike: `$6,625` | Gamma: `582,146,468`
- Strike: `$6,655` | Gamma: `450...
2026-03-25 08:50:46 [INFO] telegram_listener: Saved snapshot #147321: price=6594.93, gamma=-0.82Bn, session=RTH
2026-03-25 08:52:16 [INFO] telegram_listener: Raw message (731 chars): **? SPX Gamma Exposure Update (20260325)**
? 2026-03-25 18:52:15
? **Current Price: $6,593.17**

**Top 5 Call Positions (Positive Gamma):**
- Strike: `$6,600` | Gamma: `1,122,531,680`
- Strike: `$6,575` | Gamma: `825,606,245`
- Strike: `$6,625` | Gamma: `559,457,493`
- Strike: `$6,605` | Gamma: `441...
2026-03-25 08:52:16 [INFO] telegram_listener: Saved snapshot #147322: price=6593.17, gamma=-1.31Bn, session=RTH
2026-03-25 08:53:47 [INFO] telegram_listener: Raw message (731 chars): **? SPX Gamma Exposure Update (20260325)**
? 2026-03-25 18:53:47
? **Current Price: $6,592.33**

**Top 5 Call Positions (Positive Gamma):**
- Strike: `$6,600` | Gamma: `1,133,036,491`
- Strike: `$6,575` | Gamma: `843,944,109`
- Strike: `$6,625` | Gamma: `551,857,414`
- Strike: `$6,605` | Gamma: `445...
2026-03-25 08:53:47 [INFO] telegram_listener: Saved snapshot #147323: price=6592.33, gamma=-1.62Bn, session=RTH
2026-03-25 08:55:17 [INFO] telegram_listener: Raw message (731 chars): **? SPX Gamma Exposure Update (20260325)**
? 2026-03-25 18:55:16
? **Current Price: $6,594.22**

**Top 5 Call Positions (Positive Gamma):**
- Strike: `$6,600` | Gamma: `1,155,280,284`
- Strike: `$6,575` | Gamma: `816,589,802`
- Strike: `$6,625` | Gamma: `582,021,128`
- Strike: `$6,605` | Gamma: `454...
2026-03-25 08:55:17 [INFO] telegram_listener: Saved snapshot #147324: price=6594.22, gamma=-1.18Bn, session=RTH
2026-03-25 08:56:32 [INFO] telegram_listener: Channel msg [SPXW500]: **?????? ??? ????? VIP -????? ?????**

?**???? ???? ?????????**
?????? **SPX** + ???? ??????? ??
?????????: **XSP | QQQ | SPY | IWM**
??????? ???? ???
--- Logging error ---
Traceback (most recent call last):
  File "C:\Program Files\WindowsApps\PythonSoftwareFoundation.Python.3.12_3.12.2800.0_x64__qbz5n2kfra8p0\Lib\logging\__init__.py", line 1163, in emit
    stream.write(msg + self.terminator)
  File "C:\Program Files\WindowsApps\PythonSoftwareFoundation.Python.3.12_3.12.2800.0_x64__qbz5n2kfra8p0\Lib\encodings\cp1252.py", line 19, in encode
    return codecs.charmap_encode(input,self.errors,encoding_table)[0]
           ^^^^^^^^^^^^^^^^^^^^^^^^^^^^^^^^^^^^^^^^^^^^^^^^^^^^^^^
UnicodeEncodeError: 'charmap' codec can't encode character '\u2192' in position 82: character maps to <undefined>
Call stack:
  File "C:\Code\gex_telegram\main.py", line 92, in <module>
    main()
  File "C:\Code\gex_telegram\main.py", line 80, in main
    asyncio.run(start_listener())
  File "C:\Program Files\WindowsApps\PythonSoftwareFoundation.Python.3.12_3.12.2800.0_x64__qbz5n2kfra8p0\Lib\asyncio\runners.py", line 195, in run
    return runner.run(main)
  File "C:\Program Files\WindowsApps\PythonSoftwareFoundation.Python.3.12_3.12.2800.0_x64__qbz5n2kfra8p0\Lib\asyncio\runners.py", line 118, in run
    return self._loop.run_until_complete(task)
  File "C:\Program Files\WindowsApps\PythonSoftwareFoundation.Python.3.12_3.12.2800.0_x64__qbz5n2kfra8p0\Lib\asyncio\base_events.py", line 678, in run_until_complete
    self.run_forever()
  File "C:\Program Files\WindowsApps\PythonSoftwareFoundation.Python.3.12_3.12.2800.0_x64__qbz5n2kfra8p0\Lib\asyncio\windows_events.py", line 322, in run_forever
    super().run_forever()
  File "C:\Program Files\WindowsApps\PythonSoftwareFoundation.Python.3.12_3.12.2800.0_x64__qbz5n2kfra8p0\Lib\asyncio\base_events.py", line 645, in run_forever
    self._run_once()
  File "C:\Program Files\WindowsApps\PythonSoftwareFoundation.Python.3.12_3.12.2800.0_x64__qbz5n2kfra8p0\Lib\asyncio\base_events.py", line 1999, in _run_once
    handle._run()
  File "C:\Program Files\WindowsApps\PythonSoftwareFoundation.Python.3.12_3.12.2800.0_x64__qbz5n2kfra8p0\Lib\asyncio\events.py", line 88, in _run
    self._context.run(self._callback, *self._args)
  File "C:\Users\raghu\AppData\Local\Packages\PythonSoftwareFoundation.Python.3.12_qbz5n2kfra8p0\LocalCache\local-packages\Python312\site-packages\telethon\client\updates.py", line 574, in _dispatch_update
    await callback(event)
  File "C:\Code\gex_telegram\telegram_listener.py", line 2132, in handler
    call = pipeline.consensus.ingest_raw_text(chat_username, text) if is_consensus_ch else None
  File "C:\Code\gex_telegram\consensus_tracker.py", line 172, in ingest_raw_text
    log.info(
Message: 'ConsensusTracker (keyword): SPXW500 \u2192 SHORT (entry=None, 1 channels active)'
Arguments: ()
C:\Users\raghu\AppData\Local\Packages\PythonSoftwareFoundation.Python.3.12_qbz5n2kfra8p0\LocalCache\local-packages\Python312\site-packages\yfinance\scrapers\quote.py:146: Pandas4Warning: Timestamp.utcnow is deprecated and will be removed in a future version. Use Timestamp.now('UTC') instead.
  dnow = pd.Timestamp.utcnow().tz_convert(self.timezone).date()
2026-03-25 08:56:34 [INFO] discord_alerts: Sent SPX_MILLION to gex_relay
2026-03-25 08:56:46 [INFO] telegram_listener: Raw message (729 chars): **? SPX Gamma Exposure Update (20260325)**
? 2026-03-25 18:56:45
? **Current Price: $6,596.42**

**Top 5 Call Positions (Positive Gamma):**
- Strike: `$6,600` | Gamma: `1,112,834,404`
- Strike: `$6,575` | Gamma: `761,421,029`
- Strike: `$6,625` | Gamma: `612,276,704`
- Strike: `$6,655` | Gamma: `451...
2026-03-25 08:56:46 [INFO] telegram_listener: Saved snapshot #147325: price=6596.42, gamma=-0.52Bn, session=RTH
2026-03-25 08:56:49 [INFO] telegram_listener: Channel msg [SmartStrategy_Trader]: ?????? ???? 3.50-3.80
2026-03-25 08:58:16 [INFO] telegram_listener: Raw message (731 chars): **? SPX Gamma Exposure Update (20260325)**
? 2026-03-25 18:58:16
? **Current Price: $6,594.99**

**Top 5 Call Positions (Positive Gamma):**
- Strike: `$6,600` | Gamma: `1,144,750,568`
- Strike: `$6,575` | Gamma: `816,780,517`
- Strike: `$6,625` | Gamma: `589,620,612`
- Strike: `$6,610` | Gamma: `455...
2026-03-25 08:58:16 [INFO] telegram_listener: Saved snapshot #147326: price=6594.99, gamma=-1.20Bn, session=RTH
2026-03-25 08:59:00 [INFO] telegram_listener: Channel msg [controlOptionalspx]: ?? ???? ?? ??????? ..
2026-03-25 08:59:46 [INFO] telegram_listener: Raw message (729 chars): **? SPX Gamma Exposure Update (20260325)**
? 2026-03-25 18:59:46
? **Current Price: $6,597.04**

**Top 5 Call Positions (Positive Gamma):**
- Strike: `$6,600` | Gamma: `1,167,074,849`
- Strike: `$6,575` | Gamma: `789,426,272`
- Strike: `$6,625` | Gamma: `627,328,191`
- Strike: `$6,610` | Gamma: `468...
2026-03-25 08:59:46 [INFO] telegram_listener: Saved snapshot #147327: price=6597.04, gamma=-0.99Bn, session=RTH
2026-03-25 09:01:15 [INFO] telegram_listener: Raw message (731 chars): **? SPX Gamma Exposure Update (20260325)**
? 2026-03-25 19:01:15
? **Current Price: $6,593.57**

**Top 5 Call Positions (Positive Gamma):**
- Strike: `$6,600` | Gamma: `1,187,437,191`
- Strike: `$6,575` | Gamma: `862,816,826`
- Strike: `$6,625` | Gamma: `574,446,055`
- Strike: `$6,605` | Gamma: `462...
2026-03-25 09:01:15 [INFO] telegram_listener: Saved snapshot #147328: price=6593.57, gamma=-1.72Bn, session=RTH
2026-03-25 09:02:44 [INFO] telegram_listener: Raw message (730 chars): **? SPX Gamma Exposure Update (20260325)**
? 2026-03-25 19:02:44
? **Current Price: $6,592.74**

**Top 5 Call Positions (Positive Gamma):**
- Strike: `$6,600` | Gamma: `1,143,969,596`
- Strike: `$6,575` | Gamma: `844,049,088`
- Strike: `$6,625` | Gamma: `551,926,060`
- Strike: `$6,605` | Gamma: `449...
2026-03-25 09:02:44 [INFO] telegram_listener: Saved snapshot #147329: price=6592.74, gamma=-1.77Bn, session=RTH
2026-03-25 09:04:16 [INFO] telegram_listener: Raw message (730 chars): **? SPX Gamma Exposure Update (20260325)**
? 2026-03-25 19:04:16
? **Current Price: $6,590.94**

**Top 5 Call Positions (Positive Gamma):**
- Strike: `$6,600` | Gamma: `1,132,558,737`
- Strike: `$6,575` | Gamma: `852,858,454`
- Strike: `$6,625` | Gamma: `529,261,555`
- Strike: `$6,605` | Gamma: `440...
2026-03-25 09:04:16 [INFO] telegram_listener: Saved snapshot #147330: price=6590.94, gamma=-2.23Bn, session=RTH
2026-03-25 09:05:03 [INFO] telethon.client.updates: Got difference for channel 1604154175 updates
2026-03-25 09:05:45 [INFO] telegram_listener: Raw message (730 chars): **? SPX Gamma Exposure Update (20260325)**
? 2026-03-25 19:05:45
? **Current Price: $6,589.52**

**Top 5 Call Positions (Positive Gamma):**
- Strike: `$6,600` | Gamma: `1,099,725,897`
- Strike: `$6,575` | Gamma: `843,224,795`
- Strike: `$6,625` | Gamma: `506,679,994`
- Strike: `$6,605` | Gamma: `427...
2026-03-25 09:05:45 [INFO] telegram_listener: Saved snapshot #147331: price=6589.52, gamma=-2.10Bn, session=RTH
2026-03-25 09:06:08 [INFO] telegram_listener: Channel msg [SmartStrategy_Trader]: ???? ??? ????? ???? 6591 ?
2026-03-25 09:07:14 [INFO] telegram_listener: Raw message (730 chars): **? SPX Gamma Exposure Update (20260325)**
? 2026-03-25 19:07:14
? **Current Price: $6,591.88**

**Top 5 Call Positions (Positive Gamma):**
- Strike: `$6,600` | Gamma: `1,111,303,110`
- Strike: `$6,575` | Gamma: `816,010,360`
- Strike: `$6,625` | Gamma: `544,325,561`
- Strike: `$6,605` | Gamma: `436...
2026-03-25 09:07:14 [INFO] telegram_listener: Saved snapshot #147332: price=6591.88, gamma=-1.63Bn, session=RTH
2026-03-25 09:08:45 [INFO] telegram_listener: Raw message (730 chars): **? SPX Gamma Exposure Update (20260325)**
? 2026-03-25 19:08:45
? **Current Price: $6,590.24**

**Top 5 Call Positions (Positive Gamma):**
- Strike: `$6,600` | Gamma: `1,143,102,163`
- Strike: `$6,575` | Gamma: `861,945,537`
- Strike: `$6,625` | Gamma: `521,696,334`
- Strike: `$6,605` | Gamma: `440...
2026-03-25 09:08:45 [INFO] telegram_listener: Saved snapshot #147333: price=6590.24, gamma=-2.13Bn, session=RTH
2026-03-25 09:10:14 [INFO] telegram_listener: Raw message (730 chars): **? SPX Gamma Exposure Update (20260325)**
? 2026-03-25 19:10:15
? **Current Price: $6,590.37**

**Top 5 Call Positions (Positive Gamma):**
- Strike: `$6,600` | Gamma: `1,164,716,077`
- Strike: `$6,575` | Gamma: `880,516,737`
- Strike: `$6,625` | Gamma: `521,716,917`
- Strike: `$6,605` | Gamma: `449...
2026-03-25 09:10:14 [INFO] telegram_listener: Saved snapshot #147334: price=6590.37, gamma=-2.33Bn, session=RTH
2026-03-25 09:11:43 [INFO] telegram_listener: Raw message (730 chars): **? SPX Gamma Exposure Update (20260325)**
? 2026-03-25 19:11:43
? **Current Price: $6,589.10**

**Top 5 Call Positions (Positive Gamma):**
- Strike: `$6,600` | Gamma: `1,142,706,722`
- Strike: `$6,575` | Gamma: `880,177,409`
- Strike: `$6,625` | Gamma: `499,165,181`
- Strike: `$6,605` | Gamma: `436...
2026-03-25 09:11:43 [INFO] telegram_listener: Saved snapshot #147335: price=6589.1, gamma=-2.38Bn, session=RTH
2026-03-25 09:13:12 [INFO] telegram_listener: Raw message (730 chars): **? SPX Gamma Exposure Update (20260325)**
? 2026-03-25 19:13:13
? **Current Price: $6,590.30**

**Top 5 Call Positions (Positive Gamma):**
- Strike: `$6,600` | Gamma: `1,186,259,693`
- Strike: `$6,575` | Gamma: `908,303,234`
- Strike: `$6,625` | Gamma: `521,705,834`
- Strike: `$6,605` | Gamma: `458...
2026-03-25 09:13:12 [INFO] telegram_listener: Saved snapshot #147336: price=6590.3, gamma=-2.30Bn, session=RTH
2026-03-25 09:14:44 [INFO] telegram_listener: Raw message (731 chars): **? SPX Gamma Exposure Update (20260325)**
? 2026-03-25 19:14:44
? **Current Price: $6,591.45**

**Top 5 Call Positions (Positive Gamma):**
- Strike: `$6,600` | Gamma: `1,197,461,674`
- Strike: `$6,575` | Gamma: `890,076,987`
- Strike: `$6,625` | Gamma: `536,799,007`
- Strike: `$6,605` | Gamma: `466...
2026-03-25 09:14:44 [INFO] telegram_listener: Saved snapshot #147337: price=6591.45, gamma=-2.03Bn, session=RTH
2026-03-25 09:16:13 [INFO] telegram_listener: Raw message (730 chars): **? SPX Gamma Exposure Update (20260325)**
? 2026-03-25 19:16:13
? **Current Price: $6,589.46**

**Top 5 Call Positions (Positive Gamma):**
- Strike: `$6,600` | Gamma: `1,185,957,311`
- Strike: `$6,575` | Gamma: `908,071,704`
- Strike: `$6,625` | Gamma: `506,670,767`
- Strike: `$6,605` | Gamma: `453...
2026-03-25 09:16:13 [INFO] telegram_listener: Saved snapshot #147338: price=6589.46, gamma=-2.54Bn, session=RTH
--- Logging error ---
Traceback (most recent call last):
  File "C:\Program Files\WindowsApps\PythonSoftwareFoundation.Python.3.12_3.12.2800.0_x64__qbz5n2kfra8p0\Lib\logging\__init__.py", line 1163, in emit
    stream.write(msg + self.terminator)
  File "C:\Program Files\WindowsApps\PythonSoftwareFoundation.Python.3.12_3.12.2800.0_x64__qbz5n2kfra8p0\Lib\encodings\cp1252.py", line 19, in encode
    return codecs.charmap_encode(input,self.errors,encoding_table)[0]
           ^^^^^^^^^^^^^^^^^^^^^^^^^^^^^^^^^^^^^^^^^^^^^^^^^^^^^^^
UnicodeEncodeError: 'charmap' codec can't encode characters in position 67-68: character maps to <undefined>
Call stack:
  File "C:\Code\gex_telegram\main.py", line 92, in <module>
    main()
  File "C:\Code\gex_telegram\main.py", line 80, in main
    asyncio.run(start_listener())
  File "C:\Program Files\WindowsApps\PythonSoftwareFoundation.Python.3.12_3.12.2800.0_x64__qbz5n2kfra8p0\Lib\asyncio\runners.py", line 195, in run
    return runner.run(main)
  File "C:\Program Files\WindowsApps\PythonSoftwareFoundation.Python.3.12_3.12.2800.0_x64__qbz5n2kfra8p0\Lib\asyncio\runners.py", line 118, in run
    return self._loop.run_until_complete(task)
  File "C:\Program Files\WindowsApps\PythonSoftwareFoundation.Python.3.12_3.12.2800.0_x64__qbz5n2kfra8p0\Lib\asyncio\base_events.py", line 678, in run_until_complete
    self.run_forever()
  File "C:\Program Files\WindowsApps\PythonSoftwareFoundation.Python.3.12_3.12.2800.0_x64__qbz5n2kfra8p0\Lib\asyncio\windows_events.py", line 322, in run_forever
    super().run_forever()
  File "C:\Program Files\WindowsApps\PythonSoftwareFoundation.Python.3.12_3.12.2800.0_x64__qbz5n2kfra8p0\Lib\asyncio\base_events.py", line 645, in run_forever
    self._run_once()
  File "C:\Program Files\WindowsApps\PythonSoftwareFoundation.Python.3.12_3.12.2800.0_x64__qbz5n2kfra8p0\Lib\asyncio\base_events.py", line 1999, in _run_once
    handle._run()
  File "C:\Program Files\WindowsApps\PythonSoftwareFoundation.Python.3.12_3.12.2800.0_x64__qbz5n2kfra8p0\Lib\asyncio\events.py", line 88, in _run
    self._context.run(self._callback, *self._args)
  File "C:\Code\gex_telegram\telegram_listener.py", line 1939, in data_feed_watchdog
    pipeline.watchdog.check_signal_flow()
  File "C:\Code\gex_telegram\delivery_watchdog.py", line 226, in check_signal_flow
    log.warning(f"DeliveryWatchdog: {msg}")
Message: 'DeliveryWatchdog: \u26a0\ufe0f ENGINE IDLE: No signals delivered in 20+ minutes\nCheck data feed, Telegram listener, or GEX engine health.\nTime: 09:16 AM PT'
Arguments: ()
2026-03-25 09:16:38 [INFO] discord_alerts: Sent DATA_RESTORED to gex_engine
2026-03-25 09:17:43 [INFO] telegram_listener: Raw message (730 chars): **? SPX Gamma Exposure Update (20260325)**
? 2026-03-25 19:17:42
? **Current Price: $6,588.48**

**Top 5 Call Positions (Positive Gamma):**
- Strike: `$6,600` | Gamma: `1,174,826,357`
- Strike: `$6,575` | Gamma: `926,328,186`
- Strike: `$6,625` | Gamma: `491,622,423`
- Strike: `$6,605` | Gamma: `449...
2026-03-25 09:17:43 [INFO] telegram_listener: Saved snapshot #147339: price=6588.48, gamma=-2.79Bn, session=RTH
2026-03-25 09:19:14 [INFO] telegram_listener: Raw message (730 chars): **? SPX Gamma Exposure Update (20260325)**
? 2026-03-25 19:19:14
? **Current Price: $6,588.28**

**Top 5 Call Positions (Positive Gamma):**
- Strike: `$6,600` | Gamma: `1,163,977,463`
- Strike: `$6,575` | Gamma: `917,009,228`
- Strike: `$6,625` | Gamma: `484,144,204`
- Strike: `$6,605` | Gamma: `444...
2026-03-25 09:19:14 [INFO] telegram_listener: Saved snapshot #147340: price=6588.28, gamma=-2.53Bn, session=RTH
2026-03-25 09:19:55 [INFO] telethon.client.updates: Got difference for channel 1339255863 updates
2026-03-25 09:20:44 [INFO] telegram_listener: Raw message (730 chars): **? SPX Gamma Exposure Update (20260325)**
? 2026-03-25 19:20:43
? **Current Price: $6,590.10**

**Top 5 Call Positions (Positive Gamma):**
- Strike: `$6,600` | Gamma: `1,229,321,792`
- Strike: `$6,575` | Gamma: `945,319,456`
- Strike: `$6,625` | Gamma: `514,221,681`
- Strike: `$6,605` | Gamma: `471...
2026-03-25 09:20:44 [INFO] telegram_listener: Saved snapshot #147341: price=6590.1, gamma=-2.46Bn, session=RTH
2026-03-25 09:22:13 [INFO] telegram_listener: Raw message (730 chars): **? SPX Gamma Exposure Update (20260325)**
? 2026-03-25 19:22:13
? **Current Price: $6,588.27**

**Top 5 Call Positions (Positive Gamma):**
- Strike: `$6,600` | Gamma: `1,185,529,002`
- Strike: `$6,575` | Gamma: `944,794,519`
- Strike: `$6,625` | Gamma: `476,694,384`
- Strike: `$6,605` | Gamma: `449...
2026-03-25 09:22:13 [INFO] telegram_listener: Saved snapshot #147342: price=6588.27, gamma=-2.94Bn, session=RTH
2026-03-25 09:23:43 [INFO] telegram_listener: Raw message (731 chars): **? SPX Gamma Exposure Update (20260325)**
? 2026-03-25 19:23:43
? **Current Price: $6,595.58**

**Top 5 Call Positions (Positive Gamma):**
- Strike: `$6,600` | Gamma: `1,263,771,526`
- Strike: `$6,575` | Gamma: `854,059,695`
- Strike: `$6,625` | Gamma: `612,120,777`
- Strike: `$6,605` | Gamma: `502...
2026-03-25 09:23:43 [INFO] telegram_listener: Saved snapshot #147343: price=6595.58, gamma=-1.31Bn, session=RTH
2026-03-25 09:24:37 [INFO] telethon.client.updates: Got difference for channel 1220977767 updates
2026-03-25 09:24:37 [INFO] telethon.client.updates: Got difference for channel 1674492582 updates
2026-03-25 09:25:13 [INFO] telethon.client.updates: Got difference for channel 1339255863 updates
2026-03-25 09:25:15 [INFO] telegram_listener: Raw message (727 chars): **? SPX Gamma Exposure Update (20260325)**
? 2026-03-25 19:25:14
? **Current Price: $6,600.23**

**Top 5 Call Positions (Positive Gamma):**
- Strike: `$6,600` | Gamma: `1,233,104,011`
- Strike: `$6,575` | Gamma: `790,189,911`
- Strike: `$6,625` | Gamma: `687,738,363`
- Strike: `$6,655` | Gamma: `535...
2026-03-25 09:25:15 [INFO] telegram_listener: Saved snapshot #147344: price=6600.23, gamma=+0.10Bn, session=RTH
2026-03-25 09:26:44 [INFO] telegram_listener: Raw message (728 chars): **? SPX Gamma Exposure Update (20260325)**
? 2026-03-25 19:26:43
? **Current Price: $6,600.40**

**Top 5 Call Positions (Positive Gamma):**
- Strike: `$6,600` | Gamma: `1,200,715,756`
- Strike: `$6,575` | Gamma: `762,340,124`
- Strike: `$6,625` | Gamma: `672,822,187`
- Strike: `$6,655` | Gamma: `551...
2026-03-25 09:26:44 [INFO] telegram_listener: Saved snapshot #147345: price=6600.4, gamma=+0.58Bn, session=RTH
2026-03-25 09:28:13 [INFO] telegram_listener: Raw message (728 chars): **? SPX Gamma Exposure Update (20260325)**
? 2026-03-25 19:28:13
? **Current Price: $6,599.88**

**Top 5 Call Positions (Positive Gamma):**
- Strike: `$6,600` | Gamma: `1,222,157,681`
- Strike: `$6,575` | Gamma: `771,515,376`
- Strike: `$6,625` | Gamma: `680,190,801`
- Strike: `$6,655` | Gamma: `518...
2026-03-25 09:28:13 [INFO] telegram_listener: Saved snapshot #147346: price=6599.88, gamma=+0.39Bn, session=RTH
2026-03-25 09:29:44 [INFO] telegram_listener: Raw message (728 chars): **? SPX Gamma Exposure Update (20260325)**
? 2026-03-25 19:29:44
? **Current Price: $6,598.88**

**Top 5 Call Positions (Positive Gamma):**
- Strike: `$6,600` | Gamma: `1,243,411,906`
- Strike: `$6,575` | Gamma: `789,866,696`
- Strike: `$6,625` | Gamma: `665,039,976`
- Strike: `$6,610` | Gamma: `500...
2026-03-25 09:29:44 [INFO] telegram_listener: Saved snapshot #147347: price=6598.88, gamma=-0.02Bn, session=RTH
2026-03-25 09:31:15 [INFO] telegram_listener: Raw message (728 chars): **? SPX Gamma Exposure Update (20260325)**
? 2026-03-25 19:31:14
? **Current Price: $6,601.01**

**Top 5 Call Positions (Positive Gamma):**
- Strike: `$6,600` | Gamma: `1,190,118,445`
- Strike: `$6,575` | Gamma: `734,585,392`
- Strike: `$6,625` | Gamma: `695,378,107`
- Strike: `$6,655` | Gamma: `535...
2026-03-25 09:31:15 [INFO] telegram_listener: Saved snapshot #147348: price=6601.01, gamma=+0.82Bn, session=RTH
2026-03-25 09:32:44 [INFO] telegram_listener: Raw message (730 chars): **? SPX Gamma Exposure Update (20260325)**
? 2026-03-25 19:32:44
? **Current Price: $6,604.27**

**Top 5 Call Positions (Positive Gamma):**
- Strike: `$6,600` | Gamma: `1,223,784,091`
- Strike: `$6,625` | Gamma: `755,941,690`
- Strike: `$6,575` | Gamma: `716,695,670`
- Strike: `$6,655` | Gamma: `602...
2026-03-25 09:32:44 [INFO] telegram_listener: Saved snapshot #147349: price=6604.27, gamma=+1.48Bn, session=RTH
2026-03-25 09:34:13 [INFO] telegram_listener: Raw message (729 chars): **? SPX Gamma Exposure Update (20260325)**
? 2026-03-25 19:34:13
? **Current Price: $6,608.43**

**Top 5 Call Positions (Positive Gamma):**
- Strike: `$6,600` | Gamma: `1,203,639,098`
- Strike: `$6,625` | Gamma: `816,846,344`
- Strike: `$6,655` | Gamma: `720,913,496`
- Strike: `$6,650` | Gamma: `658...
2026-03-25 09:34:13 [INFO] telegram_listener: Saved snapshot #147350: price=6608.43, gamma=+2.63Bn, session=RTH
2026-03-25 09:35:23 [INFO] telegram_listener: Raw message (730 chars): **? SPX Gamma Exposure Update (20260325)**
? 2026-03-25 19:35:23
? **Current Price: $6,606.62**

**Top 5 Call Positions (Positive Gamma):**
- Strike: `$6,600` | Gamma: `1,246,330,478`
- Strike: `$6,625` | Gamma: `801,419,152`
- Strike: `$6,575` | Gamma: `689,262,721`
- Strike: `$6,655` | Gamma: `636...
2026-03-25 09:35:23 [INFO] telegram_listener: Saved snapshot #147351: price=6606.62, gamma=+1.75Bn, session=RTH
2026-03-25 09:36:53 [INFO] telegram_listener: Raw message (729 chars): **? SPX Gamma Exposure Update (20260325)**
? 2026-03-25 19:36:53
? **Current Price: $6,607.14**

**Top 5 Call Positions (Positive Gamma):**
- Strike: `$6,600` | Gamma: `1,214,008,593`
- Strike: `$6,625` | Gamma: `801,545,314`
- Strike: `$6,575` | Gamma: `670,739,573`
- Strike: `$6,655` | Gamma: `670...
2026-03-25 09:36:53 [INFO] telegram_listener: Saved snapshot #147352: price=6607.14, gamma=+2.31Bn, session=RTH
2026-03-25 09:38:23 [INFO] telegram_listener: Raw message (730 chars): **? SPX Gamma Exposure Update (20260325)**
? 2026-03-25 19:38:23
? **Current Price: $6,604.41**

**Top 5 Call Positions (Positive Gamma):**
- Strike: `$6,600` | Gamma: `1,299,648,824`
- Strike: `$6,625` | Gamma: `778,428,406`
- Strike: `$6,575` | Gamma: `735,342,317`
- Strike: `$6,655` | Gamma: `569...
2026-03-25 09:38:23 [INFO] telegram_listener: Saved snapshot #147353: price=6604.41, gamma=+1.09Bn, session=RTH
2026-03-25 09:39:52 [INFO] telegram_listener: Raw message (730 chars): **? SPX Gamma Exposure Update (20260325)**
? 2026-03-25 19:39:52
? **Current Price: $6,606.57**

**Top 5 Call Positions (Positive Gamma):**
- Strike: `$6,600` | Gamma: `1,278,824,090`
- Strike: `$6,625` | Gamma: `816,386,592`
- Strike: `$6,575` | Gamma: `689,252,288`
- Strike: `$6,655` | Gamma: `619...
2026-03-25 09:39:52 [INFO] telegram_listener: Saved snapshot #147354: price=6606.57, gamma=+1.71Bn, session=RTH
2026-03-25 09:41:24 [INFO] telegram_listener: Raw message (730 chars): **? SPX Gamma Exposure Update (20260325)**
? 2026-03-25 19:41:24
? **Current Price: $6,605.44**

**Top 5 Call Positions (Positive Gamma):**
- Strike: `$6,600` | Gamma: `1,289,220,448`
- Strike: `$6,625` | Gamma: `801,132,896`
- Strike: `$6,575` | Gamma: `707,638,595`
- Strike: `$6,655` | Gamma: `586...
2026-03-25 09:41:24 [INFO] telegram_listener: Saved snapshot #147355: price=6605.44, gamma=+1.36Bn, session=RTH
2026-03-25 09:42:54 [INFO] telegram_listener: Raw message (730 chars): **? SPX Gamma Exposure Update (20260325)**
? 2026-03-25 19:42:54
? **Current Price: $6,606.10**

**Top 5 Call Positions (Positive Gamma):**
- Strike: `$6,600` | Gamma: `1,321,985,943`
- Strike: `$6,625` | Gamma: `816,270,438`
- Strike: `$6,575` | Gamma: `717,092,908`
- Strike: `$6,655` | Gamma: `586...
2026-03-25 09:42:54 [INFO] telegram_listener: Saved snapshot #147356: price=6606.1, gamma=+1.25Bn, session=RTH
2026-03-25 09:44:23 [INFO] telegram_listener: Raw message (730 chars): **? SPX Gamma Exposure Update (20260325)**
? 2026-03-25 19:44:23
? **Current Price: $6,606.85**

**Top 5 Call Positions (Positive Gamma):**
- Strike: `$6,600` | Gamma: `1,311,447,723`
- Strike: `$6,625` | Gamma: `831,436,634`
- Strike: `$6,575` | Gamma: `689,310,713`
- Strike: `$6,655` | Gamma: `620...
2026-03-25 09:44:23 [INFO] telegram_listener: Saved snapshot #147357: price=6606.85, gamma=+1.60Bn, session=RTH
2026-03-25 09:45:56 [INFO] telegram_listener: Raw message (730 chars): **? SPX Gamma Exposure Update (20260325)**
? 2026-03-25 19:45:56
? **Current Price: $6,605.98**

**Top 5 Call Positions (Positive Gamma):**
- Strike: `$6,600` | Gamma: `1,311,102,359`
- Strike: `$6,625` | Gamma: `823,729,231`
- Strike: `$6,575` | Gamma: `698,441,743`
- Strike: `$6,655` | Gamma: `586...
2026-03-25 09:45:56 [INFO] telegram_listener: Saved snapshot #147358: price=6605.98, gamma=+1.63Bn, session=RTH
--- Logging error ---
Traceback (most recent call last):
  File "C:\Program Files\WindowsApps\PythonSoftwareFoundation.Python.3.12_3.12.2800.0_x64__qbz5n2kfra8p0\Lib\logging\__init__.py", line 1163, in emit
    stream.write(msg + self.terminator)
  File "C:\Program Files\WindowsApps\PythonSoftwareFoundation.Python.3.12_3.12.2800.0_x64__qbz5n2kfra8p0\Lib\encodings\cp1252.py", line 19, in encode
    return codecs.charmap_encode(input,self.errors,encoding_table)[0]
           ^^^^^^^^^^^^^^^^^^^^^^^^^^^^^^^^^^^^^^^^^^^^^^^^^^^^^^^
UnicodeEncodeError: 'charmap' codec can't encode characters in position 67-68: character maps to <undefined>
Call stack:
  File "C:\Code\gex_telegram\main.py", line 92, in <module>
    main()
  File "C:\Code\gex_telegram\main.py", line 80, in main
    asyncio.run(start_listener())
  File "C:\Program Files\WindowsApps\PythonSoftwareFoundation.Python.3.12_3.12.2800.0_x64__qbz5n2kfra8p0\Lib\asyncio\runners.py", line 195, in run
    return runner.run(main)
  File "C:\Program Files\WindowsApps\PythonSoftwareFoundation.Python.3.12_3.12.2800.0_x64__qbz5n2kfra8p0\Lib\asyncio\runners.py", line 118, in run
    return self._loop.run_until_complete(task)
  File "C:\Program Files\WindowsApps\PythonSoftwareFoundation.Python.3.12_3.12.2800.0_x64__qbz5n2kfra8p0\Lib\asyncio\base_events.py", line 678, in run_until_complete
    self.run_forever()
  File "C:\Program Files\WindowsApps\PythonSoftwareFoundation.Python.3.12_3.12.2800.0_x64__qbz5n2kfra8p0\Lib\asyncio\windows_events.py", line 322, in run_forever
    super().run_forever()
  File "C:\Program Files\WindowsApps\PythonSoftwareFoundation.Python.3.12_3.12.2800.0_x64__qbz5n2kfra8p0\Lib\asyncio\base_events.py", line 645, in run_forever
    self._run_once()
  File "C:\Program Files\WindowsApps\PythonSoftwareFoundation.Python.3.12_3.12.2800.0_x64__qbz5n2kfra8p0\Lib\asyncio\base_events.py", line 1999, in _run_once
    handle._run()
  File "C:\Program Files\WindowsApps\PythonSoftwareFoundation.Python.3.12_3.12.2800.0_x64__qbz5n2kfra8p0\Lib\asyncio\events.py", line 88, in _run
    self._context.run(self._callback, *self._args)
  File "C:\Code\gex_telegram\telegram_listener.py", line 1939, in data_feed_watchdog
    pipeline.watchdog.check_signal_flow()
  File "C:\Code\gex_telegram\delivery_watchdog.py", line 226, in check_signal_flow
    log.warning(f"DeliveryWatchdog: {msg}")
Message: 'DeliveryWatchdog: \u26a0\ufe0f ENGINE IDLE: No signals delivered in 50+ minutes\nCheck data feed, Telegram listener, or GEX engine health.\nTime: 09:46 AM PT'
Arguments: ()
2026-03-25 09:46:39 [INFO] discord_alerts: Sent DATA_RESTORED to gex_engine
2026-03-25 09:47:25 [INFO] telegram_listener: Raw message (728 chars): **? SPX Gamma Exposure Update (20260325)**
? 2026-03-25 19:47:25
? **Current Price: $6,603.06**

**Top 5 Call Positions (Positive Gamma):**
- Strike: `$6,600` | Gamma: `1,385,725,396`
- Strike: `$6,575` | Gamma: `772,259,029`
- Strike: `$6,625` | Gamma: `770,628,374`
- Strike: `$6,610` | Gamma: `581...
2026-03-25 09:47:25 [INFO] telegram_listener: Saved snapshot #147359: price=6603.06, gamma=+0.45Bn, session=RTH
2026-03-25 09:48:54 [INFO] telegram_listener: Raw message (728 chars): **? SPX Gamma Exposure Update (20260325)**
? 2026-03-25 19:48:54
? **Current Price: $6,601.73**

**Top 5 Call Positions (Positive Gamma):**
- Strike: `$6,600` | Gamma: `1,395,988,841`
- Strike: `$6,575` | Gamma: `799,849,694`
- Strike: `$6,625` | Gamma: `747,881,517`
- Strike: `$6,610` | Gamma: `572...
2026-03-25 09:48:54 [INFO] telegram_listener: Saved snapshot #147360: price=6601.73, gamma=+0.29Bn, session=RTH
2026-03-25 09:50:23 [INFO] telegram_listener: Raw message (728 chars): **? SPX Gamma Exposure Update (20260325)**
? 2026-03-25 19:50:23
? **Current Price: $6,602.16**

**Top 5 Call Positions (Positive Gamma):**
- Strike: `$6,600` | Gamma: `1,374,524,643`
- Strike: `$6,575` | Gamma: `781,350,314`
- Strike: `$6,625` | Gamma: `755,458,735`
- Strike: `$6,610` | Gamma: `567...
2026-03-25 09:50:23 [INFO] telegram_listener: Saved snapshot #147361: price=6602.16, gamma=+0.61Bn, session=RTH
2026-03-25 09:51:55 [INFO] telegram_listener: Raw message (729 chars): **? SPX Gamma Exposure Update (20260325)**
? 2026-03-25 19:51:54
? **Current Price: $6,600.15**

**Top 5 Call Positions (Positive Gamma):**
- Strike: `$6,600` | Gamma: `1,427,770,032`
- Strike: `$6,575` | Gamma: `845,947,515`
- Strike: `$6,625` | Gamma: `717,622,634`
- Strike: `$6,605` | Gamma: `572...
2026-03-25 09:51:55 [INFO] telegram_listener: Saved snapshot #147362: price=6600.15, gamma=-0.22Bn, session=RTH
2026-03-25 09:52:19 [INFO] telegram_listener: Channel msg [SmartStrategy_Trader]: ?? 4.00 ??? 5.00 ????? 
???? ????? ??? 4.00 ?????
2026-03-25 09:53:25 [INFO] telegram_listener: Raw message (728 chars): **? SPX Gamma Exposure Update (20260325)**
? 2026-03-25 19:53:25
? **Current Price: $6,602.72**

**Top 5 Call Positions (Positive Gamma):**
- Strike: `$6,600` | Gamma: `1,407,232,424`
- Strike: `$6,575` | Gamma: `772,179,502`
- Strike: `$6,625` | Gamma: `770,549,015`
- Strike: `$6,610` | Gamma: `585...
2026-03-25 09:53:25 [INFO] telegram_listener: Saved snapshot #147363: price=6602.72, gamma=+0.47Bn, session=RTH
2026-03-25 09:54:55 [INFO] telegram_listener: Raw message (730 chars): **? SPX Gamma Exposure Update (20260325)**
? 2026-03-25 19:54:55
? **Current Price: $6,606.27**

**Top 5 Call Positions (Positive Gamma):**
- Strike: `$6,600` | Gamma: `1,354,563,508`
- Strike: `$6,625` | Gamma: `846,268,870`
- Strike: `$6,575` | Gamma: `698,503,067`
- Strike: `$6,610` | Gamma: `595...
2026-03-25 09:54:55 [INFO] telegram_listener: Saved snapshot #147364: price=6606.27, gamma=+1.60Bn, session=RTH
2026-03-25 09:56:27 [INFO] telegram_listener: Raw message (730 chars): **? SPX Gamma Exposure Update (20260325)**
? 2026-03-25 19:56:26
? **Current Price: $6,605.71**

**Top 5 Call Positions (Positive Gamma):**
- Strike: `$6,600` | Gamma: `1,408,507,225`
- Strike: `$6,625` | Gamma: `846,125,404`
- Strike: `$6,575` | Gamma: `717,008,241`
- Strike: `$6,610` | Gamma: `608...
2026-03-25 09:56:27 [INFO] telegram_listener: Saved snapshot #147365: price=6605.71, gamma=+1.23Bn, session=RTH
2026-03-25 09:57:56 [INFO] telegram_listener: Raw message (728 chars): **? SPX Gamma Exposure Update (20260325)**
? 2026-03-25 19:57:55
? **Current Price: $6,603.69**

**Top 5 Call Positions (Positive Gamma):**
- Strike: `$6,600` | Gamma: `1,429,302,016`
- Strike: `$6,625` | Gamma: `808,191,716`
- Strike: `$6,575` | Gamma: `753,794,197`
- Strike: `$6,610` | Gamma: `604...
2026-03-25 09:57:56 [INFO] telegram_listener: Saved snapshot #147366: price=6603.69, gamma=+0.76Bn, session=RTH
2026-03-25 09:59:25 [INFO] telegram_listener: Raw message (732 chars): **? SPX Gamma Exposure Update (20260325)**
? 2026-03-25 19:59:25
? **Current Price: $6,604.21**

**Top 5 Call Positions (Positive Gamma):**
- Strike: `$6,600` | Gamma: `1,418,697,372`
- Strike: `$6,625` | Gamma: `815,803,436`
- Strike: `$6,575` | Gamma: `744,605,348`
- Strike: `$6,610` | Gamma: `608...
2026-03-25 09:59:25 [INFO] telegram_listener: Saved snapshot #147367: price=6604.21, gamma=+1.24Bn, session=RTH
2026-03-25 10:00:55 [INFO] telegram_listener: Raw message (732 chars): **? SPX Gamma Exposure Update (20260325)**
? 2026-03-25 20:00:55
? **Current Price: $6,604.72**

**Top 5 Call Positions (Positive Gamma):**
- Strike: `$6,600` | Gamma: `1,451,410,764`
- Strike: `$6,625` | Gamma: `830,900,622`
- Strike: `$6,575` | Gamma: `744,720,354`
- Strike: `$6,610` | Gamma: `622...
2026-03-25 10:00:55 [INFO] telegram_listener: Saved snapshot #147368: price=6604.72, gamma=+1.10Bn, session=RTH
2026-03-25 10:02:27 [INFO] telegram_listener: Raw message (732 chars): **? SPX Gamma Exposure Update (20260325)**
? 2026-03-25 20:02:27
? **Current Price: $6,603.72**

**Top 5 Call Positions (Positive Gamma):**
- Strike: `$6,600` | Gamma: `1,407,658,715`
- Strike: `$6,625` | Gamma: `800,715,734`
- Strike: `$6,575` | Gamma: `744,494,860`
- Strike: `$6,610` | Gamma: `599...
2026-03-25 10:02:27 [INFO] telegram_listener: Saved snapshot #147369: price=6603.72, gamma=+1.39Bn, session=RTH
2026-03-25 10:03:57 [INFO] telegram_listener: Raw message (730 chars): **? SPX Gamma Exposure Update (20260325)**
? 2026-03-25 20:03:56
? **Current Price: $6,602.93**

**Top 5 Call Positions (Positive Gamma):**
- Strike: `$6,600` | Gamma: `1,515,577,474`
- Strike: `$6,625` | Gamma: `793,042,633`
- Strike: `$6,575` | Gamma: `790,836,540`
- Strike: `$6,610` | Gamma: `626...
2026-03-25 10:03:57 [INFO] telegram_listener: Saved snapshot #147370: price=6602.93, gamma=+0.66Bn, session=RTH
2026-03-25 10:05:26 [INFO] telegram_listener: Raw message (729 chars): **? SPX Gamma Exposure Update (20260325)**
? 2026-03-25 20:05:25
? **Current Price: $6,600.10**

**Top 5 Call Positions (Positive Gamma):**
- Strike: `$6,600` | Gamma: `1,514,278,606`
- Strike: `$6,575` | Gamma: `845,934,698`
- Strike: `$6,625` | Gamma: `725,086,884`
- Strike: `$6,605` | Gamma: `606...
2026-03-25 10:05:26 [INFO] telegram_listener: Saved snapshot #147371: price=6600.1, gamma=+0.05Bn, session=RTH
2026-03-25 10:06:57 [INFO] telegram_listener: Raw message (730 chars): **? SPX Gamma Exposure Update (20260325)**
? 2026-03-25 20:06:57
? **Current Price: $6,600.84**

**Top 5 Call Positions (Positive Gamma):**
- Strike: `$6,600` | Gamma: `1,514,618,186`
- Strike: `$6,575` | Gamma: `827,528,259`
- Strike: `$6,625` | Gamma: `740,203,083`
- Strike: `$6,610` | Gamma: `612...
2026-03-25 10:06:57 [INFO] telegram_listener: Saved snapshot #147372: price=6600.84, gamma=+0.16Bn, session=RTH
2026-03-25 10:08:27 [INFO] telegram_listener: Raw message (731 chars): **? SPX Gamma Exposure Update (20260325)**
? 2026-03-25 20:08:26
? **Current Price: $6,598.44**

**Top 5 Call Positions (Positive Gamma):**
- Strike: `$6,600` | Gamma: `1,513,516,985`
- Strike: `$6,575` | Gamma: `891,965,778`
- Strike: `$6,625` | Gamma: `679,894,018`
- Strike: `$6,605` | Gamma: `602...
2026-03-25 10:08:27 [INFO] telegram_listener: Saved snapshot #147373: price=6598.44, gamma=-0.59Bn, session=RTH
2026-03-25 10:09:56 [INFO] telegram_listener: Raw message (733 chars): **? SPX Gamma Exposure Update (20260325)**
? 2026-03-25 20:09:56
? **Current Price: $6,596.15**

**Top 5 Call Positions (Positive Gamma):**
- Strike: `$6,600` | Gamma: `1,523,269,963`
- Strike: `$6,575` | Gamma: `947,055,942`
- Strike: `$6,625` | Gamma: `627,158,938`
- Strike: `$6,605` | Gamma: `593...
2026-03-25 10:09:56 [INFO] telegram_listener: Saved snapshot #147374: price=6596.15, gamma=-1.16Bn, session=RTH
2026-03-25 10:11:25 [INFO] telegram_listener: Raw message (731 chars): **? SPX Gamma Exposure Update (20260325)**
? 2026-03-25 20:11:25
? **Current Price: $6,596.52**

**Top 5 Call Positions (Positive Gamma):**
- Strike: `$6,600` | Gamma: `1,523,440,859`
- Strike: `$6,575` | Gamma: `928,590,384`
- Strike: `$6,625` | Gamma: `634,696,314`
- Strike: `$6,605` | Gamma: `597...
2026-03-25 10:11:25 [INFO] telegram_listener: Saved snapshot #147375: price=6596.52, gamma=-0.84Bn, session=RTH
2026-03-25 10:12:56 [INFO] telegram_listener: Raw message (730 chars): **? SPX Gamma Exposure Update (20260325)**
? 2026-03-25 20:12:56
? **Current Price: $6,600.61**

**Top 5 Call Positions (Positive Gamma):**
- Strike: `$6,600` | Gamma: `1,492,876,742`
- Strike: `$6,575` | Gamma: `808,875,747`
- Strike: `$6,625` | Gamma: `740,151,501`
- Strike: `$6,610` | Gamma: `607...
2026-03-25 10:12:56 [INFO] telegram_listener: Saved snapshot #147376: price=6600.61, gamma=+0.40Bn, session=RTH
2026-03-25 10:14:25 [INFO] telegram_listener: Raw message (730 chars): **? SPX Gamma Exposure Update (20260325)**
? 2026-03-25 20:14:25
? **Current Price: $6,602.17**

**Top 5 Call Positions (Positive Gamma):**
- Strike: `$6,600` | Gamma: `1,526,051,668`
- Strike: `$6,575` | Gamma: `799,956,317`
- Strike: `$6,625` | Gamma: `777,900,460`
- Strike: `$6,610` | Gamma: `635...
2026-03-25 10:14:25 [INFO] telegram_listener: Saved snapshot #147377: price=6602.17, gamma=+0.76Bn, session=RTH
2026-03-25 10:15:55 [INFO] telegram_listener: Raw message (731 chars): **? SPX Gamma Exposure Update (20260325)**
? 2026-03-25 20:15:55
? **Current Price: $6,598.59**

**Top 5 Call Positions (Positive Gamma):**
- Strike: `$6,600` | Gamma: `1,578,453,762`
- Strike: `$6,575` | Gamma: `892,006,332`
- Strike: `$6,625` | Gamma: `687,396,632`
- Strike: `$6,605` | Gamma: `628...
2026-03-25 10:15:55 [INFO] telegram_listener: Saved snapshot #147378: price=6598.59, gamma=-0.46Bn, session=RTH
--- Logging error ---
Traceback (most recent call last):
  File "C:\Program Files\WindowsApps\PythonSoftwareFoundation.Python.3.12_3.12.2800.0_x64__qbz5n2kfra8p0\Lib\logging\__init__.py", line 1163, in emit
    stream.write(msg + self.terminator)
  File "C:\Program Files\WindowsApps\PythonSoftwareFoundation.Python.3.12_3.12.2800.0_x64__qbz5n2kfra8p0\Lib\encodings\cp1252.py", line 19, in encode
    return codecs.charmap_encode(input,self.errors,encoding_table)[0]
           ^^^^^^^^^^^^^^^^^^^^^^^^^^^^^^^^^^^^^^^^^^^^^^^^^^^^^^^
UnicodeEncodeError: 'charmap' codec can't encode characters in position 67-68: character maps to <undefined>
Call stack:
  File "C:\Code\gex_telegram\main.py", line 92, in <module>
    main()
  File "C:\Code\gex_telegram\main.py", line 80, in main
    asyncio.run(start_listener())
  File "C:\Program Files\WindowsApps\PythonSoftwareFoundation.Python.3.12_3.12.2800.0_x64__qbz5n2kfra8p0\Lib\asyncio\runners.py", line 195, in run
    return runner.run(main)
  File "C:\Program Files\WindowsApps\PythonSoftwareFoundation.Python.3.12_3.12.2800.0_x64__qbz5n2kfra8p0\Lib\asyncio\runners.py", line 118, in run
    return self._loop.run_until_complete(task)
  File "C:\Program Files\WindowsApps\PythonSoftwareFoundation.Python.3.12_3.12.2800.0_x64__qbz5n2kfra8p0\Lib\asyncio\base_events.py", line 678, in run_until_complete
    self.run_forever()
  File "C:\Program Files\WindowsApps\PythonSoftwareFoundation.Python.3.12_3.12.2800.0_x64__qbz5n2kfra8p0\Lib\asyncio\windows_events.py", line 322, in run_forever
    super().run_forever()
  File "C:\Program Files\WindowsApps\PythonSoftwareFoundation.Python.3.12_3.12.2800.0_x64__qbz5n2kfra8p0\Lib\asyncio\base_events.py", line 645, in run_forever
    self._run_once()
  File "C:\Program Files\WindowsApps\PythonSoftwareFoundation.Python.3.12_3.12.2800.0_x64__qbz5n2kfra8p0\Lib\asyncio\base_events.py", line 1999, in _run_once
    handle._run()
  File "C:\Program Files\WindowsApps\PythonSoftwareFoundation.Python.3.12_3.12.2800.0_x64__qbz5n2kfra8p0\Lib\asyncio\events.py", line 88, in _run
    self._context.run(self._callback, *self._args)
  File "C:\Code\gex_telegram\telegram_listener.py", line 1939, in data_feed_watchdog
    pipeline.watchdog.check_signal_flow()
  File "C:\Code\gex_telegram\delivery_watchdog.py", line 226, in check_signal_flow
    log.warning(f"DeliveryWatchdog: {msg}")
Message: 'DeliveryWatchdog: \u26a0\ufe0f ENGINE IDLE: No signals delivered in 80+ minutes\nCheck data feed, Telegram listener, or GEX engine health.\nTime: 10:16 AM PT'
Arguments: ()
2026-03-25 10:16:40 [INFO] discord_alerts: Sent DATA_RESTORED to gex_engine
2026-03-25 10:17:28 [INFO] telegram_listener: Raw message (731 chars): **? SPX Gamma Exposure Update (20260325)**
? 2026-03-25 20:17:27
? **Current Price: $6,597.43**

**Top 5 Call Positions (Positive Gamma):**
- Strike: `$6,600` | Gamma: `1,599,513,894`
- Strike: `$6,575` | Gamma: `938,135,069`
- Strike: `$6,625` | Gamma: `657,278,668`
- Strike: `$6,605` | Gamma: `623...
2026-03-25 10:17:28 [INFO] telegram_listener: Saved snapshot #147379: price=6597.43, gamma=-0.89Bn, session=RTH
2026-03-25 10:18:57 [INFO] telegram_listener: Raw message (733 chars): **? SPX Gamma Exposure Update (20260325)**
? 2026-03-25 20:18:57
? **Current Price: $6,596.65**

**Top 5 Call Positions (Positive Gamma):**
- Strike: `$6,600` | Gamma: `1,599,135,702`
- Strike: `$6,575` | Gamma: `965,772,064`
- Strike: `$6,625` | Gamma: `634,721,331`
- Strike: `$6,605` | Gamma: `623...
2026-03-25 10:18:57 [INFO] telegram_listener: Saved snapshot #147380: price=6596.65, gamma=-1.15Bn, session=RTH
2026-03-25 10:20:26 [INFO] telegram_listener: Raw message (731 chars): **? SPX Gamma Exposure Update (20260325)**
? 2026-03-25 20:20:26
? **Current Price: $6,598.74**

**Top 5 Call Positions (Positive Gamma):**
- Strike: `$6,600` | Gamma: `1,578,525,526`
- Strike: `$6,575` | Gamma: `892,046,887`
- Strike: `$6,625` | Gamma: `687,427,884`
- Strike: `$6,605` | Gamma: `628...
2026-03-25 10:20:26 [INFO] telegram_listener: Saved snapshot #147381: price=6598.74, gamma=-0.37Bn, session=RTH
2026-03-25 10:21:38 [INFO] telethon.client.updates: Got difference for channel 1674492582 updates
2026-03-25 10:21:55 [INFO] telegram_listener: Raw message (730 chars): **? SPX Gamma Exposure Update (20260325)**
? 2026-03-25 20:21:55
? **Current Price: $6,601.54**

**Top 5 Call Positions (Positive Gamma):**
- Strike: `$6,600` | Gamma: `1,558,223,429`
- Strike: `$6,575` | Gamma: `818,403,740`
- Strike: `$6,625` | Gamma: `770,273,623`
- Strike: `$6,610` | Gamma: `639...
2026-03-25 10:21:55 [INFO] telegram_listener: Saved snapshot #147382: price=6601.54, gamma=+0.73Bn, session=RTH
2026-03-25 10:22:47 [INFO] telethon.client.updates: Got difference for channel 2116662251 updates
2026-03-25 10:22:56 [INFO] telethon.client.updates: Got difference for channel 2116662251 updates
2026-03-25 10:23:26 [INFO] telegram_listener: Raw message (732 chars): **? SPX Gamma Exposure Update (20260325)**
? 2026-03-25 20:23:26
? **Current Price: $6,603.28**

**Top 5 Call Positions (Positive Gamma):**
- Strike: `$6,600` | Gamma: `1,494,084,747`
- Strike: `$6,625` | Gamma: `808,091,363`
- Strike: `$6,575` | Gamma: `763,005,544`
- Strike: `$6,610` | Gamma: `630...
2026-03-25 10:23:26 [INFO] telegram_listener: Saved snapshot #147383: price=6603.28, gamma=+1.13Bn, session=RTH
2026-03-25 10:24:26 [INFO] telegram_listener: Channel msg [SPXW500]: **??**????? ????? ???? 48 ?????**
?????? ??? ????? VIP -????? ?????**

?**???? ???? ?????????**
?????? **SPX** + ???? ??????? ??
?????????: **XSP | QQ
--- Logging error ---
Traceback (most recent call last):
  File "C:\Program Files\WindowsApps\PythonSoftwareFoundation.Python.3.12_3.12.2800.0_x64__qbz5n2kfra8p0\Lib\logging\__init__.py", line 1163, in emit
    stream.write(msg + self.terminator)
  File "C:\Program Files\WindowsApps\PythonSoftwareFoundation.Python.3.12_3.12.2800.0_x64__qbz5n2kfra8p0\Lib\encodings\cp1252.py", line 19, in encode
    return codecs.charmap_encode(input,self.errors,encoding_table)[0]
           ^^^^^^^^^^^^^^^^^^^^^^^^^^^^^^^^^^^^^^^^^^^^^^^^^^^^^^^
UnicodeEncodeError: 'charmap' codec can't encode character '\u2192' in position 82: character maps to <undefined>
Call stack:
  File "C:\Code\gex_telegram\main.py", line 92, in <module>
    main()
  File "C:\Code\gex_telegram\main.py", line 80, in main
    asyncio.run(start_listener())
  File "C:\Program Files\WindowsApps\PythonSoftwareFoundation.Python.3.12_3.12.2800.0_x64__qbz5n2kfra8p0\Lib\asyncio\runners.py", line 195, in run
    return runner.run(main)
  File "C:\Program Files\WindowsApps\PythonSoftwareFoundation.Python.3.12_3.12.2800.0_x64__qbz5n2kfra8p0\Lib\asyncio\runners.py", line 118, in run
    return self._loop.run_until_complete(task)
  File "C:\Program Files\WindowsApps\PythonSoftwareFoundation.Python.3.12_3.12.2800.0_x64__qbz5n2kfra8p0\Lib\asyncio\base_events.py", line 678, in run_until_complete
    self.run_forever()
  File "C:\Program Files\WindowsApps\PythonSoftwareFoundation.Python.3.12_3.12.2800.0_x64__qbz5n2kfra8p0\Lib\asyncio\windows_events.py", line 322, in run_forever
    super().run_forever()
  File "C:\Program Files\WindowsApps\PythonSoftwareFoundation.Python.3.12_3.12.2800.0_x64__qbz5n2kfra8p0\Lib\asyncio\base_events.py", line 645, in run_forever
    self._run_once()
  File "C:\Program Files\WindowsApps\PythonSoftwareFoundation.Python.3.12_3.12.2800.0_x64__qbz5n2kfra8p0\Lib\asyncio\base_events.py", line 1999, in _run_once
    handle._run()
  File "C:\Program Files\WindowsApps\PythonSoftwareFoundation.Python.3.12_3.12.2800.0_x64__qbz5n2kfra8p0\Lib\asyncio\events.py", line 88, in _run
    self._context.run(self._callback, *self._args)
  File "C:\Users\raghu\AppData\Local\Packages\PythonSoftwareFoundation.Python.3.12_qbz5n2kfra8p0\LocalCache\local-packages\Python312\site-packages\telethon\client\updates.py", line 574, in _dispatch_update
    await callback(event)
  File "C:\Code\gex_telegram\telegram_listener.py", line 2132, in handler
    call = pipeline.consensus.ingest_raw_text(chat_username, text) if is_consensus_ch else None
  File "C:\Code\gex_telegram\consensus_tracker.py", line 172, in ingest_raw_text
    log.info(
Message: 'ConsensusTracker (keyword): SPXW500 \u2192 SHORT (entry=None, 1 channels active)'
Arguments: ()
C:\Users\raghu\AppData\Local\Packages\PythonSoftwareFoundation.Python.3.12_qbz5n2kfra8p0\LocalCache\local-packages\Python312\site-packages\yfinance\scrapers\quote.py:146: Pandas4Warning: Timestamp.utcnow is deprecated and will be removed in a future version. Use Timestamp.now('UTC') instead.
  dnow = pd.Timestamp.utcnow().tz_convert(self.timezone).date()
2026-03-25 10:24:27 [INFO] discord_alerts: Sent SPX_MILLION to gex_relay
2026-03-25 10:24:56 [INFO] telegram_listener: Raw message (730 chars): **? SPX Gamma Exposure Update (20260325)**
? 2026-03-25 20:24:56
? **Current Price: $6,601.51**

**Top 5 Call Positions (Positive Gamma):**
- Strike: `$6,600` | Gamma: `1,590,671,959`
- Strike: `$6,575` | Gamma: `827,696,260`
- Strike: `$6,625` | Gamma: `762,788,306`
- Strike: `$6,610` | Gamma: `648...
2026-03-25 10:24:56 [INFO] telegram_listener: Saved snapshot #147384: price=6601.51, gamma=+0.28Bn, session=RTH
2026-03-25 10:26:25 [INFO] telegram_listener: Raw message (732 chars): **? SPX Gamma Exposure Update (20260325)**
? 2026-03-25 20:26:25
? **Current Price: $6,605.99**

**Top 5 Call Positions (Positive Gamma):**
- Strike: `$6,600` | Gamma: `1,441,133,403`
- Strike: `$6,625` | Gamma: `876,151,016`
- Strike: `$6,575` | Gamma: `707,756,442`
- Strike: `$6,610` | Gamma: `631...
2026-03-25 10:26:25 [INFO] telegram_listener: Saved snapshot #147385: price=6605.99, gamma=+2.05Bn, session=RTH
2026-03-25 10:27:57 [INFO] telegram_listener: Raw message (732 chars): **? SPX Gamma Exposure Update (20260325)**
? 2026-03-25 20:27:57
? **Current Price: $6,608.02**

**Top 5 Call Positions (Positive Gamma):**
- Strike: `$6,600` | Gamma: `1,452,861,500`
- Strike: `$6,625` | Gamma: `944,127,236`
- Strike: `$6,575` | Gamma: `670,918,255`
- Strike: `$6,610` | Gamma: `663...
2026-03-25 10:27:57 [INFO] telegram_listener: Saved snapshot #147386: price=6608.02, gamma=+2.39Bn, session=RTH
2026-03-25 10:29:26 [INFO] telegram_listener: Raw message (732 chars): **? SPX Gamma Exposure Update (20260325)**
? 2026-03-25 20:29:26
? **Current Price: $6,607.10**

**Top 5 Call Positions (Positive Gamma):**
- Strike: `$6,600` | Gamma: `1,539,170,829`
- Strike: `$6,625` | Gamma: `928,882,388`
- Strike: `$6,575` | Gamma: `689,362,881`
- Strike: `$6,610` | Gamma: `685...
2026-03-25 10:29:26 [INFO] telegram_listener: Saved snapshot #147387: price=6607.1, gamma=+1.73Bn, session=RTH
2026-03-25 10:30:55 [INFO] telegram_listener: Raw message (732 chars): **? SPX Gamma Exposure Update (20260325)**
? 2026-03-25 20:30:55
? **Current Price: $6,604.98**

**Top 5 Call Positions (Positive Gamma):**
- Strike: `$6,600` | Gamma: `1,581,512,355`
- Strike: `$6,625` | Gamma: `868,396,944`
- Strike: `$6,575` | Gamma: `744,778,988`
- Strike: `$6,610` | Gamma: `680...
2026-03-25 10:30:55 [INFO] telegram_listener: Saved snapshot #147388: price=6604.98, gamma=+1.45Bn, session=RTH
2026-03-25 10:32:24 [INFO] telegram_listener: Raw message (730 chars): **? SPX Gamma Exposure Update (20260325)**
? 2026-03-25 20:32:24
? **Current Price: $6,602.47**

**Top 5 Call Positions (Positive Gamma):**
- Strike: `$6,600` | Gamma: `1,699,375,079`
- Strike: `$6,575` | Gamma: `809,331,681`
- Strike: `$6,625` | Gamma: `800,412,633`
- Strike: `$6,605` | Gamma: `689...
2026-03-25 10:32:24 [INFO] telegram_listener: Saved snapshot #147389: price=6602.47, gamma=+0.26Bn, session=RTH
2026-03-25 10:33:55 [INFO] telegram_listener: Raw message (732 chars): **? SPX Gamma Exposure Update (20260325)**
? 2026-03-25 20:33:55
? **Current Price: $6,605.80**

**Top 5 Call Positions (Positive Gamma):**
- Strike: `$6,600` | Gamma: `1,581,905,065`
- Strike: `$6,625` | Gamma: `898,564,736`
- Strike: `$6,575` | Gamma: `717,027,779`
- Strike: `$6,610` | Gamma: `693...
2026-03-25 10:33:55 [INFO] telegram_listener: Saved snapshot #147390: price=6605.8, gamma=+1.93Bn, session=RTH
2026-03-25 10:35:25 [INFO] telegram_listener: Raw message (734 chars): **? SPX Gamma Exposure Update (20260325)**
? 2026-03-25 20:35:25
? **Current Price: $6,609.46**

**Top 5 Call Positions (Positive Gamma):**
- Strike: `$6,600` | Gamma: `1,507,729,655`
- Strike: `$6,625` | Gamma: `1,004,509,479`
- Strike: `$6,610` | Gamma: `703,686,097`
- Strike: `$6,605` | Gamma: `6...
2026-03-25 10:35:25 [INFO] telegram_listener: Saved snapshot #147391: price=6609.46, gamma=+2.55Bn, session=RTH
2026-03-25 10:36:54 [INFO] telegram_listener: Raw message (732 chars): **? SPX Gamma Exposure Update (20260325)**
? 2026-03-25 20:36:54
? **Current Price: $6,608.77**

**Top 5 Call Positions (Positive Gamma):**
- Strike: `$6,600` | Gamma: `1,572,483,138`
- Strike: `$6,625` | Gamma: `996,804,982`
- Strike: `$6,610` | Gamma: `721,463,746`
- Strike: `$6,605` | Gamma: `673...
2026-03-25 10:36:55 [INFO] telegram_listener: Saved snapshot #147392: price=6608.77, gamma=+2.25Bn, session=RTH
2026-03-25 10:38:26 [INFO] telegram_listener: Raw message (732 chars): **? SPX Gamma Exposure Update (20260325)**
? 2026-03-25 20:38:26
? **Current Price: $6,607.94**

**Top 5 Call Positions (Positive Gamma):**
- Strike: `$6,600` | Gamma: `1,593,772,160`
- Strike: `$6,625` | Gamma: `966,583,051`
- Strike: `$6,610` | Gamma: `716,802,523`
- Strike: `$6,605` | Gamma: `677...
2026-03-25 10:38:26 [INFO] telegram_listener: Saved snapshot #147393: price=6607.94, gamma=+2.10Bn, session=RTH
2026-03-25 10:39:56 [INFO] telegram_listener: Raw message (731 chars): **? SPX Gamma Exposure Update (20260325)**
? 2026-03-25 20:39:56
? **Current Price: $6,612.11**

**Top 5 Call Positions (Positive Gamma):**
- Strike: `$6,600` | Gamma: `1,508,938,917`
- Strike: `$6,625` | Gamma: `1,095,343,358`
- Strike: `$6,610` | Gamma: `731,164,513`
- Strike: `$6,630` | Gamma: `6...
2026-03-25 10:39:56 [INFO] telegram_listener: Saved snapshot #147394: price=6612.11, gamma=+3.04Bn, session=RTH
2026-03-25 10:40:14 [INFO] telethon.client.updates: Got difference for channel 1339255863 updates
2026-03-25 10:41:26 [INFO] telegram_listener: Raw message (733 chars): **? SPX Gamma Exposure Update (20260325)**
? 2026-03-25 20:41:26
? **Current Price: $6,611.30**

**Top 5 Call Positions (Positive Gamma):**
- Strike: `$6,600` | Gamma: `1,497,716,226`
- Strike: `$6,625` | Gamma: `1,080,073,983`
- Strike: `$6,610` | Gamma: `717,531,667`
- Strike: `$6,630` | Gamma: `6...
2026-03-25 10:41:26 [INFO] telegram_listener: Saved snapshot #147395: price=6611.3, gamma=+2.93Bn, session=RTH
2026-03-25 10:42:57 [INFO] telegram_listener: Raw message (734 chars): **? SPX Gamma Exposure Update (20260325)**
? 2026-03-25 20:42:56
? **Current Price: $6,610.22**

**Top 5 Call Positions (Positive Gamma):**
- Strike: `$6,600` | Gamma: `1,594,872,178`
- Strike: `$6,625` | Gamma: `1,057,226,946`
- Strike: `$6,610` | Gamma: `739,712,798`
- Strike: `$6,605` | Gamma: `6...
2026-03-25 10:42:57 [INFO] telegram_listener: Saved snapshot #147396: price=6610.22, gamma=+2.25Bn, session=RTH
2026-03-25 10:44:29 [INFO] telegram_listener: Raw message (727 chars): **? SPX Gamma Exposure Update (20260325)**
? 2026-03-25 20:44:29
? **Current Price: $6,615.09**

**Top 5 Call Positions (Positive Gamma):**
- Strike: `$6,600` | Gamma: `1,390,779,254`
- Strike: `$6,625` | Gamma: `1,141,385,592`
- Strike: `$6,655` | Gamma: `772,765,026`
- Strike: `$6,650` | Gamma: `7...
2026-03-25 10:44:29 [INFO] telegram_listener: Saved snapshot #147397: price=6615.09, gamma=+4.04Bn, session=RTH
2026-03-25 10:45:58 [INFO] telegram_listener: Raw message (733 chars): **? SPX Gamma Exposure Update (20260325)**
? 2026-03-25 20:45:58
? **Current Price: $6,610.98**

**Top 5 Call Positions (Positive Gamma):**
- Strike: `$6,600` | Gamma: `1,497,571,245`
- Strike: `$6,625` | Gamma: `1,049,970,279`
- Strike: `$6,610` | Gamma: `712,978,070`
- Strike: `$6,630` | Gamma: `6...
2026-03-25 10:45:58 [INFO] telegram_listener: Saved snapshot #147398: price=6610.98, gamma=+2.91Bn, session=RTH
--- Logging error ---
Traceback (most recent call last):
  File "C:\Program Files\WindowsApps\PythonSoftwareFoundation.Python.3.12_3.12.2800.0_x64__qbz5n2kfra8p0\Lib\logging\__init__.py", line 1163, in emit
    stream.write(msg + self.terminator)
  File "C:\Program Files\WindowsApps\PythonSoftwareFoundation.Python.3.12_3.12.2800.0_x64__qbz5n2kfra8p0\Lib\encodings\cp1252.py", line 19, in encode
    return codecs.charmap_encode(input,self.errors,encoding_table)[0]
           ^^^^^^^^^^^^^^^^^^^^^^^^^^^^^^^^^^^^^^^^^^^^^^^^^^^^^^^
UnicodeEncodeError: 'charmap' codec can't encode characters in position 67-68: character maps to <undefined>
Call stack:
  File "C:\Code\gex_telegram\main.py", line 92, in <module>
    main()
  File "C:\Code\gex_telegram\main.py", line 80, in main
    asyncio.run(start_listener())
  File "C:\Program Files\WindowsApps\PythonSoftwareFoundation.Python.3.12_3.12.2800.0_x64__qbz5n2kfra8p0\Lib\asyncio\runners.py", line 195, in run
    return runner.run(main)
  File "C:\Program Files\WindowsApps\PythonSoftwareFoundation.Python.3.12_3.12.2800.0_x64__qbz5n2kfra8p0\Lib\asyncio\runners.py", line 118, in run
    return self._loop.run_until_complete(task)
  File "C:\Program Files\WindowsApps\PythonSoftwareFoundation.Python.3.12_3.12.2800.0_x64__qbz5n2kfra8p0\Lib\asyncio\base_events.py", line 678, in run_until_complete
    self.run_forever()
  File "C:\Program Files\WindowsApps\PythonSoftwareFoundation.Python.3.12_3.12.2800.0_x64__qbz5n2kfra8p0\Lib\asyncio\windows_events.py", line 322, in run_forever
    super().run_forever()
  File "C:\Program Files\WindowsApps\PythonSoftwareFoundation.Python.3.12_3.12.2800.0_x64__qbz5n2kfra8p0\Lib\asyncio\base_events.py", line 645, in run_forever
    self._run_once()
  File "C:\Program Files\WindowsApps\PythonSoftwareFoundation.Python.3.12_3.12.2800.0_x64__qbz5n2kfra8p0\Lib\asyncio\base_events.py", line 1999, in _run_once
    handle._run()
  File "C:\Program Files\WindowsApps\PythonSoftwareFoundation.Python.3.12_3.12.2800.0_x64__qbz5n2kfra8p0\Lib\asyncio\events.py", line 88, in _run
    self._context.run(self._callback, *self._args)
  File "C:\Code\gex_telegram\telegram_listener.py", line 1939, in data_feed_watchdog
    pipeline.watchdog.check_signal_flow()
  File "C:\Code\gex_telegram\delivery_watchdog.py", line 226, in check_signal_flow
    log.warning(f"DeliveryWatchdog: {msg}")
Message: 'DeliveryWatchdog: \u26a0\ufe0f ENGINE IDLE: No signals delivered in 22+ minutes\nCheck data feed, Telegram listener, or GEX engine health.\nTime: 10:46 AM PT'
Arguments: ()
2026-03-25 10:46:41 [INFO] discord_alerts: Sent DATA_RESTORED to gex_engine
2026-03-25 10:47:28 [INFO] telegram_listener: Raw message (733 chars): **? SPX Gamma Exposure Update (20260325)**
? 2026-03-25 20:47:28
? **Current Price: $6,610.99**

**Top 5 Call Positions (Positive Gamma):**
- Strike: `$6,600` | Gamma: `1,519,279,772`
- Strike: `$6,625` | Gamma: `1,064,973,076`
- Strike: `$6,610` | Gamma: `721,948,531`
- Strike: `$6,605` | Gamma: `6...
2026-03-25 10:47:28 [INFO] telegram_listener: Saved snapshot #147399: price=6610.99, gamma=+2.78Bn, session=RTH
2026-03-25 10:49:00 [INFO] telegram_listener: Raw message (732 chars): **? SPX Gamma Exposure Update (20260325)**
? 2026-03-25 20:49:00
? **Current Price: $6,608.54**

**Top 5 Call Positions (Positive Gamma):**
- Strike: `$6,600` | Gamma: `1,583,217,645`
- Strike: `$6,625` | Gamma: `989,241,348`
- Strike: `$6,610` | Gamma: `721,413,529`
- Strike: `$6,605` | Gamma: `682...
2026-03-25 10:49:00 [INFO] telegram_listener: Saved snapshot #147400: price=6608.54, gamma=+2.24Bn, session=RTH
2026-03-25 10:50:29 [INFO] telegram_listener: Raw message (730 chars): **? SPX Gamma Exposure Update (20260325)**
? 2026-03-25 20:50:29
? **Current Price: $6,605.17**

**Top 5 Call Positions (Positive Gamma):**
- Strike: `$6,600` | Gamma: `1,722,431,040`
- Strike: `$6,625` | Gamma: `890,906,740`
- Strike: `$6,610` | Gamma: `734,106,735`
- Strike: `$6,575` | Gamma: `726...
2026-03-25 10:50:29 [INFO] telegram_listener: Saved snapshot #147401: price=6605.17, gamma=+1.00Bn, session=RTH
2026-03-25 10:51:58 [INFO] telegram_listener: Raw message (732 chars): **? SPX Gamma Exposure Update (20260325)**
? 2026-03-25 20:51:58
? **Current Price: $6,606.15**

**Top 5 Call Positions (Positive Gamma):**
- Strike: `$6,600` | Gamma: `1,625,417,158`
- Strike: `$6,625` | Gamma: `928,615,289`
- Strike: `$6,610` | Gamma: `720,891,821`
- Strike: `$6,575` | Gamma: `707...
2026-03-25 10:51:58 [INFO] telegram_listener: Saved snapshot #147402: price=6606.15, gamma=+1.97Bn, session=RTH
2026-03-25 10:53:27 [INFO] telegram_listener: Raw message (731 chars): **? SPX Gamma Exposure Update (20260325)**
? 2026-03-25 20:53:27
? **Current Price: $6,600.82**

**Top 5 Call Positions (Positive Gamma):**
- Strike: `$6,600` | Gamma: `1,741,800,358`
- Strike: `$6,575` | Gamma: `864,715,301`
- Strike: `$6,625` | Gamma: `747,675,351`
- Strike: `$6,605` | Gamma: `693...
2026-03-25 10:53:27 [INFO] telegram_listener: Saved snapshot #147403: price=6600.82, gamma=-0.33Bn, session=RTH
2026-03-25 10:54:58 [INFO] telegram_listener: Raw message (730 chars): **? SPX Gamma Exposure Update (20260325)**
? 2026-03-25 20:54:58
? **Current Price: $6,600.62**

**Top 5 Call Positions (Positive Gamma):**
- Strike: `$6,600` | Gamma: `1,687,604,908`
- Strike: `$6,575` | Gamma: `855,365,450`
- Strike: `$6,625` | Gamma: `740,153,744`
- Strike: `$6,605` | Gamma: `680...
2026-03-25 10:54:58 [INFO] telegram_listener: Saved snapshot #147404: price=6600.62, gamma=+0.27Bn, session=RTH
2026-03-25 10:56:27 [INFO] telegram_listener: Raw message (730 chars): **? SPX Gamma Exposure Update (20260325)**
? 2026-03-25 20:56:27
? **Current Price: $6,601.16**

**Top 5 Call Positions (Positive Gamma):**
- Strike: `$6,600` | Gamma: `1,666,241,547`
- Strike: `$6,575` | Gamma: `836,907,468`
- Strike: `$6,625` | Gamma: `762,707,425`
- Strike: `$6,605` | Gamma: `676...
2026-03-25 10:56:27 [INFO] telegram_listener: Saved snapshot #147405: price=6601.16, gamma=+0.66Bn, session=RTH
2026-03-25 10:57:32 [INFO] telegram_listener: Channel msg [controlOptionalspx]: ???$ ( ????? )
2026-03-25 10:57:56 [INFO] telegram_listener: Raw message (732 chars): **? SPX Gamma Exposure Update (20260325)**
? 2026-03-25 20:57:56
? **Current Price: $6,605.90**

**Top 5 Call Positions (Positive Gamma):**
- Strike: `$6,600` | Gamma: `1,646,964,726`
- Strike: `$6,625` | Gamma: `921,056,740`
- Strike: `$6,610` | Gamma: `725,314,510`
- Strike: `$6,575` | Gamma: `717...
2026-03-25 10:57:56 [INFO] telegram_listener: Saved snapshot #147406: price=6605.9, gamma=+1.99Bn, session=RTH
2026-03-25 10:59:29 [INFO] telegram_listener: Raw message (730 chars): **? SPX Gamma Exposure Update (20260325)**
? 2026-03-25 20:59:28
? **Current Price: $6,605.11**

**Top 5 Call Positions (Positive Gamma):**
- Strike: `$6,600` | Gamma: `1,819,894,073`
- Strike: `$6,625` | Gamma: `898,377,029`
- Strike: `$6,610` | Gamma: `778,855,190`
- Strike: `$6,605` | Gamma: `764...
2026-03-25 10:59:29 [INFO] telegram_listener: Saved snapshot #147407: price=6605.11, gamma=+0.43Bn, session=RTH
2026-03-25 11:00:41 [INFO] delivery_watchdog: DeliveryWatchdog: firing Mid-Day health report
2026-03-25 11:00:41 [INFO] discord_alerts: Sent DATA_RESTORED to gex_engine
2026-03-25 11:00:58 [INFO] telegram_listener: Raw message (732 chars): **? SPX Gamma Exposure Update (20260325)**
? 2026-03-25 21:00:58
? **Current Price: $6,603.89**

**Top 5 Call Positions (Positive Gamma):**
- Strike: `$6,600` | Gamma: `1,721,763,533`
- Strike: `$6,625` | Gamma: `853,142,930`
- Strike: `$6,575` | Gamma: `772,453,186`
- Strike: `$6,610` | Gamma: `729...
2026-03-25 11:00:58 [INFO] telegram_listener: Saved snapshot #147408: price=6603.89, gamma=+1.21Bn, session=RTH
2026-03-25 11:02:28 [INFO] telegram_listener: Raw message (730 chars): **? SPX Gamma Exposure Update (20260325)**
? 2026-03-25 21:02:28
? **Current Price: $6,603.74**

**Top 5 Call Positions (Positive Gamma):**
- Strike: `$6,600` | Gamma: `1,808,310,994`
- Strike: `$6,625` | Gamma: `853,104,174`
- Strike: `$6,575` | Gamma: `772,418,096`
- Strike: `$6,610` | Gamma: `760...
2026-03-25 11:02:28 [INFO] telegram_listener: Saved snapshot #147409: price=6603.74, gamma=+0.87Bn, session=RTH
2026-03-25 11:03:57 [INFO] telegram_listener: Raw message (729 chars): **? SPX Gamma Exposure Update (20260325)**
? 2026-03-25 21:03:57
? **Current Price: $6,602.35**

**Top 5 Call Positions (Positive Gamma):**
- Strike: `$6,600` | Gamma: `1,850,844,430`
- Strike: `$6,575` | Gamma: `809,302,262`
- Strike: `$6,625` | Gamma: `800,383,538`
- Strike: `$6,605` | Gamma: `754...
2026-03-25 11:03:57 [INFO] telegram_listener: Saved snapshot #147410: price=6602.35, gamma=+0.10Bn, session=RTH
2026-03-25 11:05:30 [INFO] telegram_listener: Raw message (732 chars): **? SPX Gamma Exposure Update (20260325)**
? 2026-03-25 21:05:29
? **Current Price: $6,605.23**

**Top 5 Call Positions (Positive Gamma):**
- Strike: `$6,600` | Gamma: `1,754,961,622`
- Strike: `$6,625` | Gamma: `905,896,420`
- Strike: `$6,610` | Gamma: `765,454,465`
- Strike: `$6,605` | Gamma: `737...
2026-03-25 11:05:30 [INFO] telegram_listener: Saved snapshot #147411: price=6605.23, gamma=+1.58Bn, session=RTH
2026-03-25 11:05:38 [INFO] telethon.client.updates: Got difference for channel 2125872291 updates
2026-03-25 11:07:00 [INFO] telegram_listener: Raw message (732 chars): **? SPX Gamma Exposure Update (20260325)**
? 2026-03-25 21:06:59
? **Current Price: $6,606.31**

**Top 5 Call Positions (Positive Gamma):**
- Strike: `$6,600` | Gamma: `1,755,535,565`
- Strike: `$6,625` | Gamma: `943,638,663`
- Strike: `$6,610` | Gamma: `774,660,411`
- Strike: `$6,605` | Gamma: `742...
2026-03-25 11:07:00 [INFO] telegram_listener: Saved snapshot #147412: price=6606.31, gamma=+2.01Bn, session=RTH
2026-03-25 11:08:29 [INFO] telegram_listener: Raw message (730 chars): **? SPX Gamma Exposure Update (20260325)**
? 2026-03-25 21:08:29
? **Current Price: $6,602.53**

**Top 5 Call Positions (Positive Gamma):**
- Strike: `$6,600` | Gamma: `1,861,769,592`
- Strike: `$6,575` | Gamma: `809,346,390`
- Strike: `$6,625` | Gamma: `807,907,808`
- Strike: `$6,605` | Gamma: `754...
2026-03-25 11:08:29 [INFO] telegram_listener: Saved snapshot #147413: price=6602.53, gamma=+0.70Bn, session=RTH
2026-03-25 11:09:37 [INFO] telethon.client.updates: Got difference for account updates
2026-03-25 11:10:01 [INFO] telegram_listener: Raw message (730 chars): **? SPX Gamma Exposure Update (20260325)**
? 2026-03-25 21:10:01
? **Current Price: $6,603.97**

**Top 5 Call Positions (Positive Gamma):**
- Strike: `$6,600` | Gamma: `1,884,239,706`
- Strike: `$6,625` | Gamma: `860,647,492`
- Strike: `$6,610` | Gamma: `787,535,631`
- Strike: `$6,605` | Gamma: `785...
2026-03-25 11:10:01 [INFO] telegram_listener: Saved snapshot #147414: price=6603.97, gamma=+0.88Bn, session=RTH
2026-03-25 11:11:31 [INFO] telegram_listener: Raw message (732 chars): **? SPX Gamma Exposure Update (20260325)**
? 2026-03-25 21:11:31
? **Current Price: $6,606.41**

**Top 5 Call Positions (Positive Gamma):**
- Strike: `$6,600` | Gamma: `1,842,284,452`
- Strike: `$6,625` | Gamma: `958,646,076`
- Strike: `$6,610` | Gamma: `814,985,336`
- Strike: `$6,605` | Gamma: `786...
2026-03-25 11:11:31 [INFO] telegram_listener: Saved snapshot #147415: price=6606.41, gamma=+2.07Bn, session=RTH
2026-03-25 11:13:00 [INFO] telegram_listener: Raw message (732 chars): **? SPX Gamma Exposure Update (20260325)**
? 2026-03-25 21:13:00
? **Current Price: $6,605.50**

**Top 5 Call Positions (Positive Gamma):**
- Strike: `$6,600` | Gamma: `1,928,448,812`
- Strike: `$6,625` | Gamma: `928,432,560`
- Strike: `$6,610` | Gamma: `832,667,663`
- Strike: `$6,605` | Gamma: `811...
2026-03-25 11:13:00 [INFO] telegram_listener: Saved snapshot #147416: price=6605.5, gamma=+1.66Bn, session=RTH
2026-03-25 11:14:29 [INFO] telegram_listener: Raw message (732 chars): **? SPX Gamma Exposure Update (20260325)**
? 2026-03-25 21:14:29
? **Current Price: $6,604.91**

**Top 5 Call Positions (Positive Gamma):**
- Strike: `$6,600` | Gamma: `1,928,104,331`
- Strike: `$6,625` | Gamma: `898,322,625`
- Strike: `$6,610` | Gamma: `828,043,014`
- Strike: `$6,605` | Gamma: `807...
2026-03-25 11:14:29 [INFO] telegram_listener: Saved snapshot #147417: price=6604.91, gamma=+1.54Bn, session=RTH
2026-03-25 11:16:01 [INFO] telegram_listener: Raw message (732 chars): **? SPX Gamma Exposure Update (20260325)**
? 2026-03-25 21:16:01
? **Current Price: $6,604.96**

**Top 5 Call Positions (Positive Gamma):**
- Strike: `$6,600` | Gamma: `1,971,462,367`
- Strike: `$6,625` | Gamma: `905,822,361`
- Strike: `$6,610` | Gamma: `845,959,455`
- Strike: `$6,605` | Gamma: `829...
2026-03-25 11:16:01 [INFO] telegram_listener: Saved snapshot #147418: price=6604.96, gamma=+1.46Bn, session=RTH
2026-03-25 11:16:13 [INFO] telegram_listener: Channel msg [SmartStrategy_Trader]: ???? 3.40-3.00
--- Logging error ---
Traceback (most recent call last):
  File "C:\Program Files\WindowsApps\PythonSoftwareFoundation.Python.3.12_3.12.2800.0_x64__qbz5n2kfra8p0\Lib\logging\__init__.py", line 1163, in emit
    stream.write(msg + self.terminator)
  File "C:\Program Files\WindowsApps\PythonSoftwareFoundation.Python.3.12_3.12.2800.0_x64__qbz5n2kfra8p0\Lib\encodings\cp1252.py", line 19, in encode
    return codecs.charmap_encode(input,self.errors,encoding_table)[0]
           ^^^^^^^^^^^^^^^^^^^^^^^^^^^^^^^^^^^^^^^^^^^^^^^^^^^^^^^
UnicodeEncodeError: 'charmap' codec can't encode characters in position 67-68: character maps to <undefined>
Call stack:
  File "C:\Code\gex_telegram\main.py", line 92, in <module>
    main()
  File "C:\Code\gex_telegram\main.py", line 80, in main
    asyncio.run(start_listener())
  File "C:\Program Files\WindowsApps\PythonSoftwareFoundation.Python.3.12_3.12.2800.0_x64__qbz5n2kfra8p0\Lib\asyncio\runners.py", line 195, in run
    return runner.run(main)
  File "C:\Program Files\WindowsApps\PythonSoftwareFoundation.Python.3.12_3.12.2800.0_x64__qbz5n2kfra8p0\Lib\asyncio\runners.py", line 118, in run
    return self._loop.run_until_complete(task)
  File "C:\Program Files\WindowsApps\PythonSoftwareFoundation.Python.3.12_3.12.2800.0_x64__qbz5n2kfra8p0\Lib\asyncio\base_events.py", line 678, in run_until_complete
    self.run_forever()
  File "C:\Program Files\WindowsApps\PythonSoftwareFoundation.Python.3.12_3.12.2800.0_x64__qbz5n2kfra8p0\Lib\asyncio\windows_events.py", line 322, in run_forever
    super().run_forever()
  File "C:\Program Files\WindowsApps\PythonSoftwareFoundation.Python.3.12_3.12.2800.0_x64__qbz5n2kfra8p0\Lib\asyncio\base_events.py", line 645, in run_forever
    self._run_once()
  File "C:\Program Files\WindowsApps\PythonSoftwareFoundation.Python.3.12_3.12.2800.0_x64__qbz5n2kfra8p0\Lib\asyncio\base_events.py", line 1999, in _run_once
    handle._run()
  File "C:\Program Files\WindowsApps\PythonSoftwareFoundation.Python.3.12_3.12.2800.0_x64__qbz5n2kfra8p0\Lib\asyncio\events.py", line 88, in _run
    self._context.run(self._callback, *self._args)
  File "C:\Code\gex_telegram\telegram_listener.py", line 1939, in data_feed_watchdog
    pipeline.watchdog.check_signal_flow()
  File "C:\Code\gex_telegram\delivery_watchdog.py", line 226, in check_signal_flow
    log.warning(f"DeliveryWatchdog: {msg}")
Message: 'DeliveryWatchdog: \u26a0\ufe0f ENGINE IDLE: No signals delivered in 52+ minutes\nCheck data feed, Telegram listener, or GEX engine health.\nTime: 11:16 AM PT'
Arguments: ()
2026-03-25 11:16:42 [INFO] discord_alerts: Sent DATA_RESTORED to gex_engine
2026-03-25 11:17:30 [INFO] telegram_listener: Raw message (732 chars): **? SPX Gamma Exposure Update (20260325)**
? 2026-03-25 21:17:30
? **Current Price: $6,606.85**

**Top 5 Call Positions (Positive Gamma):**
- Strike: `$6,600` | Gamma: `1,940,075,558`
- Strike: `$6,625` | Gamma: `988,735,456`
- Strike: `$6,610` | Gamma: `868,836,354`
- Strike: `$6,605` | Gamma: `829...
2026-03-25 11:17:30 [INFO] telegram_listener: Saved snapshot #147419: price=6606.85, gamma=+1.83Bn, session=RTH
2026-03-25 11:18:13 [INFO] telegram_listener: Channel msg [controlOptionalspx]: ???

2.00
2026-03-25 11:18:59 [INFO] telegram_listener: Raw message (734 chars): **? SPX Gamma Exposure Update (20260325)**
? 2026-03-25 21:18:59
? **Current Price: $6,607.41**

**Top 5 Call Positions (Positive Gamma):**
- Strike: `$6,600` | Gamma: `1,875,362,965`
- Strike: `$6,625` | Gamma: `1,011,378,145`
- Strike: `$6,610` | Gamma: `855,545,755`
- Strike: `$6,605` | Gamma: `8...
2026-03-25 11:18:59 [INFO] telegram_listener: Saved snapshot #147420: price=6607.41, gamma=+2.16Bn, session=RTH
2026-03-25 11:20:32 [INFO] telegram_listener: Raw message (732 chars): **? SPX Gamma Exposure Update (20260325)**
? 2026-03-25 21:20:32
? **Current Price: $6,605.33**

**Top 5 Call Positions (Positive Gamma):**
- Strike: `$6,600` | Gamma: `2,015,016,947`
- Strike: `$6,625` | Gamma: `920,897,798`
- Strike: `$6,610` | Gamma: `863,960,146`
- Strike: `$6,605` | Gamma: `850...
2026-03-25 11:20:32 [INFO] telegram_listener: Saved snapshot #147421: price=6605.33, gamma=+1.30Bn, session=RTH
2026-03-25 11:22:04 [INFO] telegram_listener: Raw message (734 chars): **? SPX Gamma Exposure Update (20260325)**
? 2026-03-25 21:22:04
? **Current Price: $6,607.48**

**Top 5 Call Positions (Positive Gamma):**
- Strike: `$6,600` | Gamma: `2,005,488,438`
- Strike: `$6,625` | Gamma: `1,026,383,272`
- Strike: `$6,610` | Gamma: `913,795,979`
- Strike: `$6,605` | Gamma: `8...
2026-03-25 11:22:04 [INFO] telegram_listener: Saved snapshot #147422: price=6607.48, gamma=+1.62Bn, session=RTH
2026-03-25 11:23:33 [INFO] telegram_listener: Raw message (732 chars): **? SPX Gamma Exposure Update (20260325)**
? 2026-03-25 21:23:33
? **Current Price: $6,606.55**

**Top 5 Call Positions (Positive Gamma):**
- Strike: `$6,600` | Gamma: `2,069,948,494`
- Strike: `$6,625` | Gamma: `981,155,927`
- Strike: `$6,610` | Gamma: `918,016,896`
- Strike: `$6,605` | Gamma: `890...
2026-03-25 11:23:33 [INFO] telegram_listener: Saved snapshot #147423: price=6606.55, gamma=+1.25Bn, session=RTH
2026-03-25 11:25:03 [INFO] telegram_listener: Raw message (732 chars): **? SPX Gamma Exposure Update (20260325)**
? 2026-03-25 21:25:03
? **Current Price: $6,605.68**

**Top 5 Call Positions (Positive Gamma):**
- Strike: `$6,600` | Gamma: `2,036,899,640`
- Strike: `$6,625` | Gamma: `943,458,695`
- Strike: `$6,610` | Gamma: `890,913,418`
- Strike: `$6,605` | Gamma: `872...
2026-03-25 11:25:03 [INFO] telegram_listener: Saved snapshot #147424: price=6605.68, gamma=+1.86Bn, session=RTH
2026-03-25 11:26:35 [INFO] telegram_listener: Raw message (730 chars): **? SPX Gamma Exposure Update (20260325)**
? 2026-03-25 21:26:34
? **Current Price: $6,603.74**

**Top 5 Call Positions (Positive Gamma):**
- Strike: `$6,600` | Gamma: `2,208,954,748`
- Strike: `$6,605` | Gamma: `919,896,304`
- Strike: `$6,610` | Gamma: `899,338,841`
- Strike: `$6,625` | Gamma: `845...
2026-03-25 11:26:35 [INFO] telegram_listener: Saved snapshot #147425: price=6603.74, gamma=+0.45Bn, session=RTH
2026-03-25 11:28:03 [INFO] telegram_listener: Raw message (732 chars): **? SPX Gamma Exposure Update (20260325)**
? 2026-03-25 21:28:03
? **Current Price: $6,602.80**

**Top 5 Call Positions (Positive Gamma):**
- Strike: `$6,600` | Gamma: `2,100,074,660`
- Strike: `$6,605` | Gamma: `863,241,762`
- Strike: `$6,610` | Gamma: `845,406,242`
- Strike: `$6,625` | Gamma: `807...
2026-03-25 11:28:03 [INFO] telegram_listener: Saved snapshot #147426: price=6602.8, gamma=+1.03Bn, session=RTH
2026-03-25 11:29:34 [INFO] telegram_listener: Raw message (730 chars): **? SPX Gamma Exposure Update (20260325)**
? 2026-03-25 21:29:33
? **Current Price: $6,601.57**

**Top 5 Call Positions (Positive Gamma):**
- Strike: `$6,600` | Gamma: `2,175,039,971`
- Strike: `$6,605` | Gamma: `867,256,457`
- Strike: `$6,610` | Gamma: `827,205,769`
- Strike: `$6,575` | Gamma: `818...
2026-03-25 11:29:34 [INFO] telegram_listener: Saved snapshot #147427: price=6601.57, gamma=+0.12Bn, session=RTH
2026-03-25 11:31:06 [INFO] telegram_listener: Raw message (730 chars): **? SPX Gamma Exposure Update (20260325)**
? 2026-03-25 21:31:06
? **Current Price: $6,602.31**

**Top 5 Call Positions (Positive Gamma):**
- Strike: `$6,600` | Gamma: `2,207,998,180`
- Strike: `$6,605` | Gamma: `897,811,678`
- Strike: `$6,610` | Gamma: `867,642,695`
- Strike: `$6,625` | Gamma: `777...
2026-03-25 11:31:06 [INFO] telegram_listener: Saved snapshot #147428: price=6602.31, gamma=+0.59Bn, session=RTH
2026-03-25 11:32:36 [INFO] telegram_listener: Raw message (732 chars): **? SPX Gamma Exposure Update (20260325)**
? 2026-03-25 21:32:36
? **Current Price: $6,602.37**

**Top 5 Call Positions (Positive Gamma):**
- Strike: `$6,600` | Gamma: `2,208,038,311`
- Strike: `$6,605` | Gamma: `893,490,663`
- Strike: `$6,610` | Gamma: `867,658,465`
- Strike: `$6,575` | Gamma: `800...
2026-03-25 11:32:36 [INFO] telegram_listener: Saved snapshot #147429: price=6602.37, gamma=+1.29Bn, session=RTH
2026-03-25 11:34:06 [INFO] telegram_listener: Raw message (732 chars): **? SPX Gamma Exposure Update (20260325)**
? 2026-03-25 21:34:06
? **Current Price: $6,603.17**

**Top 5 Call Positions (Positive Gamma):**
- Strike: `$6,600` | Gamma: `2,306,010,497`
- Strike: `$6,605` | Gamma: `950,106,201`
- Strike: `$6,610` | Gamma: `926,024,897`
- Strike: `$6,625` | Gamma: `808...
2026-03-25 11:34:06 [INFO] telegram_listener: Saved snapshot #147430: price=6603.17, gamma=+1.46Bn, session=RTH
2026-03-25 11:35:37 [INFO] telegram_listener: Raw message (730 chars): **? SPX Gamma Exposure Update (20260325)**
? 2026-03-25 21:35:36
? **Current Price: $6,602.01**

**Top 5 Call Positions (Positive Gamma):**
- Strike: `$6,600` | Gamma: `2,359,313,044`
- Strike: `$6,605` | Gamma: `958,446,134`
- Strike: `$6,610` | Gamma: `912,283,634`
- Strike: `$6,575` | Gamma: `781...
2026-03-25 11:35:37 [INFO] telegram_listener: Saved snapshot #147431: price=6602.01, gamma=+0.48Bn, session=RTH
2026-03-25 11:37:13 [INFO] telegram_listener: Raw message (731 chars): **? SPX Gamma Exposure Update (20260325)**
? 2026-03-25 21:37:12
? **Current Price: $6,601.93**

**Top 5 Call Positions (Positive Gamma):**
- Strike: `$6,600` | Gamma: `2,435,011,789`
- Strike: `$6,605` | Gamma: `975,769,927`
- Strike: `$6,610` | Gamma: `925,677,135`
- Strike: `$6,575` | Gamma: `744...
2026-03-25 11:37:13 [INFO] telegram_listener: Saved snapshot #147432: price=6601.93, gamma=-0.26Bn, session=RTH
2026-03-25 11:38:21 [INFO] telegram_listener: Raw message (731 chars): **? SPX Gamma Exposure Update (20260325)**
? 2026-03-25 21:38:21
? **Current Price: $6,600.65**

**Top 5 Call Positions (Positive Gamma):**
- Strike: `$6,600` | Gamma: `2,401,613,431`
- Strike: `$6,605` | Gamma: `949,381,152`
- Strike: `$6,610` | Gamma: `876,146,725`
- Strike: `$6,575` | Gamma: `818...
2026-03-25 11:38:21 [INFO] telegram_listener: Saved snapshot #147433: price=6600.65, gamma=-0.67Bn, session=RTH
2026-03-25 11:39:12 [INFO] telegram_listener: Channel msg [controlOptionalspx]: ??? 6576 ????? ????
2026-03-25 11:39:51 [INFO] telegram_listener: Raw message (731 chars): **? SPX Gamma Exposure Update (20260325)**
? 2026-03-25 21:39:50
? **Current Price: $6,602.01**

**Top 5 Call Positions (Positive Gamma):**
- Strike: `$6,600` | Gamma: `2,467,538,413`
- Strike: `$6,605` | Gamma: `993,141,017`
- Strike: `$6,610` | Gamma: `939,115,506`
- Strike: `$6,625` | Gamma: `732...
2026-03-25 11:39:51 [INFO] telegram_listener: Saved snapshot #147434: price=6602.01, gamma=-0.37Bn, session=RTH
2026-03-25 11:40:44 [INFO] telethon.client.updates: Got difference for channel 1339255863 updates
2026-03-25 11:41:15 [INFO] telegram_listener: Channel msg [controlOptionalspx]: ???? ???? ??? ???? ??? ??? 

6576 


?? ???????? ?? ??? ????? ???? ?????? ???? ? ???????? ?? ????? ..
2026-03-25 11:41:21 [INFO] telegram_listener: Channel msg [controlOptionalspx]: ???? ?
2026-03-25 11:41:22 [INFO] telegram_listener: Raw message (731 chars): **? SPX Gamma Exposure Update (20260325)**
? 2026-03-25 21:41:22
? **Current Price: $6,599.65**

**Top 5 Call Positions (Positive Gamma):**
- Strike: `$6,600` | Gamma: `2,335,996,991`
- Strike: `$6,605` | Gamma: `914,423,428`
- Strike: `$6,575` | Gamma: `892,292,939`
- Strike: `$6,610` | Gamma: `840...
2026-03-25 11:41:22 [INFO] telegram_listener: Saved snapshot #147435: price=6599.65, gamma=-0.46Bn, session=RTH
2026-03-25 11:42:10 [INFO] telegram_listener: Channel msg [controlOptionalspx]: ????? ????? 
6576
2026-03-25 11:42:17 [INFO] telegram_listener: Channel msg [controlOptionalspx]: ??? 1.50
2026-03-25 11:42:52 [INFO] telegram_listener: Raw message (733 chars): **? SPX Gamma Exposure Update (20260325)**
? 2026-03-25 21:42:52
? **Current Price: $6,597.44**

**Top 5 Call Positions (Positive Gamma):**
- Strike: `$6,600` | Gamma: `2,356,047,878`
- Strike: `$6,575` | Gamma: `984,580,384`
- Strike: `$6,605` | Gamma: `883,495,103`
- Strike: `$6,610` | Gamma: `785...
2026-03-25 11:42:52 [INFO] telegram_listener: Saved snapshot #147436: price=6597.44, gamma=-1.42Bn, session=RTH
2026-03-25 11:44:23 [INFO] telegram_listener: Raw message (733 chars): **? SPX Gamma Exposure Update (20260325)**
? 2026-03-25 21:44:22
? **Current Price: $6,599.48**

**Top 5 Call Positions (Positive Gamma):**
- Strike: `$6,600` | Gamma: `2,476,461,816`
- Strike: `$6,605` | Gamma: `957,711,690`
- Strike: `$6,610` | Gamma: `862,430,494`
- Strike: `$6,575` | Gamma: `845...
2026-03-25 11:44:23 [INFO] telegram_listener: Saved snapshot #147437: price=6599.48, gamma=-1.08Bn, session=RTH
2026-03-25 11:45:54 [INFO] telegram_listener: Raw message (733 chars): **? SPX Gamma Exposure Update (20260325)**
? 2026-03-25 21:45:54
? **Current Price: $6,598.18**

**Top 5 Call Positions (Positive Gamma):**
- Strike: `$6,600` | Gamma: `2,486,296,243`
- Strike: `$6,605` | Gamma: `935,675,267`
- Strike: `$6,575` | Gamma: `910,476,643`
- Strike: `$6,610` | Gamma: `826...
2026-03-25 11:45:54 [INFO] telegram_listener: Saved snapshot #147438: price=6598.18, gamma=-1.83Bn, session=RTH
--- Logging error ---
Traceback (most recent call last):
  File "C:\Program Files\WindowsApps\PythonSoftwareFoundation.Python.3.12_3.12.2800.0_x64__qbz5n2kfra8p0\Lib\logging\__init__.py", line 1163, in emit
    stream.write(msg + self.terminator)
  File "C:\Program Files\WindowsApps\PythonSoftwareFoundation.Python.3.12_3.12.2800.0_x64__qbz5n2kfra8p0\Lib\encodings\cp1252.py", line 19, in encode
    return codecs.charmap_encode(input,self.errors,encoding_table)[0]
           ^^^^^^^^^^^^^^^^^^^^^^^^^^^^^^^^^^^^^^^^^^^^^^^^^^^^^^^
UnicodeEncodeError: 'charmap' codec can't encode characters in position 67-68: character maps to <undefined>
Call stack:
  File "C:\Code\gex_telegram\main.py", line 92, in <module>
    main()
  File "C:\Code\gex_telegram\main.py", line 80, in main
    asyncio.run(start_listener())
  File "C:\Program Files\WindowsApps\PythonSoftwareFoundation.Python.3.12_3.12.2800.0_x64__qbz5n2kfra8p0\Lib\asyncio\runners.py", line 195, in run
    return runner.run(main)
  File "C:\Program Files\WindowsApps\PythonSoftwareFoundation.Python.3.12_3.12.2800.0_x64__qbz5n2kfra8p0\Lib\asyncio\runners.py", line 118, in run
    return self._loop.run_until_complete(task)
  File "C:\Program Files\WindowsApps\PythonSoftwareFoundation.Python.3.12_3.12.2800.0_x64__qbz5n2kfra8p0\Lib\asyncio\base_events.py", line 678, in run_until_complete
    self.run_forever()
  File "C:\Program Files\WindowsApps\PythonSoftwareFoundation.Python.3.12_3.12.2800.0_x64__qbz5n2kfra8p0\Lib\asyncio\windows_events.py", line 322, in run_forever
    super().run_forever()
  File "C:\Program Files\WindowsApps\PythonSoftwareFoundation.Python.3.12_3.12.2800.0_x64__qbz5n2kfra8p0\Lib\asyncio\base_events.py", line 645, in run_forever
    self._run_once()
  File "C:\Program Files\WindowsApps\PythonSoftwareFoundation.Python.3.12_3.12.2800.0_x64__qbz5n2kfra8p0\Lib\asyncio\base_events.py", line 1999, in _run_once
    handle._run()
  File "C:\Program Files\WindowsApps\PythonSoftwareFoundation.Python.3.12_3.12.2800.0_x64__qbz5n2kfra8p0\Lib\asyncio\events.py", line 88, in _run
    self._context.run(self._callback, *self._args)
  File "C:\Code\gex_telegram\telegram_listener.py", line 1939, in data_feed_watchdog
    pipeline.watchdog.check_signal_flow()
  File "C:\Code\gex_telegram\delivery_watchdog.py", line 226, in check_signal_flow
    log.warning(f"DeliveryWatchdog: {msg}")
Message: 'DeliveryWatchdog: \u26a0\ufe0f ENGINE IDLE: No signals delivered in 82+ minutes\nCheck data feed, Telegram listener, or GEX engine health.\nTime: 11:46 AM PT'
Arguments: ()
2026-03-25 11:46:42 [INFO] discord_alerts: Sent DATA_RESTORED to gex_engine
2026-03-25 11:47:04 [INFO] telegram_listener: Raw message (733 chars): **? SPX Gamma Exposure Update (20260325)**
? 2026-03-25 21:47:04
? **Current Price: $6,598.75**

**Top 5 Call Positions (Positive Gamma):**
- Strike: `$6,600` | Gamma: `2,540,785,088`
- Strike: `$6,605` | Gamma: `957,499,828`
- Strike: `$6,610` | Gamma: `848,837,019`
- Strike: `$6,575` | Gamma: `808...
2026-03-25 11:47:04 [INFO] telegram_listener: Saved snapshot #147439: price=6598.75, gamma=-1.79Bn, session=RTH
2026-03-25 11:48:14 [INFO] telegram_listener: Raw message (733 chars): **? SPX Gamma Exposure Update (20260325)**
? 2026-03-25 21:48:14
? **Current Price: $6,598.57**

**Top 5 Call Positions (Positive Gamma):**
- Strike: `$6,600` | Gamma: `2,486,590,167`
- Strike: `$6,605` | Gamma: `935,785,881`
- Strike: `$6,575` | Gamma: `882,709,248`
- Strike: `$6,610` | Gamma: `830...
2026-03-25 11:48:14 [INFO] telegram_listener: Saved snapshot #147440: price=6598.57, gamma=-1.36Bn, session=RTH
2026-03-25 11:49:43 [INFO] telegram_listener: Raw message (735 chars): **? SPX Gamma Exposure Update (20260325)**
? 2026-03-25 21:49:43
? **Current Price: $6,596.64**

**Top 5 Call Positions (Positive Gamma):**
- Strike: `$6,600` | Gamma: `2,398,696,281`
- Strike: `$6,575` | Gamma: `1,002,914,103`
- Strike: `$6,605` | Gamma: `874,621,236`
- Strike: `$6,610` | Gamma: `7...
2026-03-25 11:49:43 [INFO] telegram_listener: Saved snapshot #147441: price=6596.64, gamma=-2.17Bn, session=RTH
2026-03-25 11:51:15 [INFO] telegram_listener: Raw message (735 chars): **? SPX Gamma Exposure Update (20260325)**
? 2026-03-25 21:51:15
? **Current Price: $6,596.28**

**Top 5 Call Positions (Positive Gamma):**
- Strike: `$6,600` | Gamma: `2,333,611,925`
- Strike: `$6,575` | Gamma: `1,049,230,782`
- Strike: `$6,605` | Gamma: `852,879,099`
- Strike: `$6,610` | Gamma: `7...
2026-03-25 11:51:15 [INFO] telegram_listener: Saved snapshot #147442: price=6596.28, gamma=-1.47Bn, session=RTH
2026-03-25 11:52:01 [INFO] telethon.client.updates: Got difference for channel 1339255863 updates
2026-03-25 11:52:47 [INFO] telegram_listener: Raw message (733 chars): **? SPX Gamma Exposure Update (20260325)**
? 2026-03-25 21:52:47
? **Current Price: $6,597.15**

**Top 5 Call Positions (Positive Gamma):**
- Strike: `$6,600` | Gamma: `2,409,873,800`
- Strike: `$6,575` | Gamma: `993,781,506`
- Strike: `$6,605` | Gamma: `892,078,389`
- Strike: `$6,610` | Gamma: `776...
2026-03-25 11:52:47 [INFO] telegram_listener: Saved snapshot #147443: price=6597.15, gamma=-1.56Bn, session=RTH
2026-03-25 11:54:18 [INFO] telegram_listener: Raw message (733 chars): **? SPX Gamma Exposure Update (20260325)**
? 2026-03-25 21:54:18
? **Current Price: $6,597.41**

**Top 5 Call Positions (Positive Gamma):**
- Strike: `$6,600` | Gamma: `2,410,063,755`
- Strike: `$6,575` | Gamma: `975,283,020`
- Strike: `$6,605` | Gamma: `896,479,525`
- Strike: `$6,610` | Gamma: `781...
2026-03-25 11:54:18 [INFO] telegram_listener: Saved snapshot #147444: price=6597.41, gamma=-1.38Bn, session=RTH
2026-03-25 11:54:38 [INFO] telethon.client.updates: Got difference for account updates
2026-03-25 11:54:38 [INFO] telethon.client.updates: Got difference for channel 1220977767 updates
2026-03-25 11:55:48 [INFO] telegram_listener: Raw message (735 chars): **? SPX Gamma Exposure Update (20260325)**
? 2026-03-25 21:55:47
? **Current Price: $6,591.30**

**Top 5 Call Positions (Positive Gamma):**
- Strike: `$6,600` | Gamma: `1,952,528,816`
- Strike: `$6,575` | Gamma: `1,270,156,222`
- Strike: `$6,605` | Gamma: `678,679,749`
- Strike: `$6,585` | Gamma: `6...
2026-03-25 11:55:48 [INFO] telegram_listener: Saved snapshot #147445: price=6591.3, gamma=-3.65Bn, session=RTH
2026-03-25 11:57:20 [INFO] telegram_listener: Raw message (734 chars): **? SPX Gamma Exposure Update (20260325)**
? 2026-03-25 21:57:19
? **Current Price: $6,587.93**

**Top 5 Call Positions (Positive Gamma):**
- Strike: `$6,600` | Gamma: `1,691,898,572`
- Strike: `$6,575` | Gamma: `1,315,166,419`
- Strike: `$6,580` | Gamma: `621,191,621`
- Strike: `$6,585` | Gamma: `6...
2026-03-25 11:57:20 [INFO] telegram_listener: Saved snapshot #147446: price=6587.93, gamma=-3.65Bn, session=RTH
2026-03-25 11:58:27 [INFO] telegram_listener: Raw message (735 chars): **? SPX Gamma Exposure Update (20260325)**
? 2026-03-25 21:58:27
? **Current Price: $6,590.69**

**Top 5 Call Positions (Positive Gamma):**
- Strike: `$6,600` | Gamma: `2,027,665,622`
- Strike: `$6,575` | Gamma: `1,297,729,628`
- Strike: `$6,605` | Gamma: `691,520,139`
- Strike: `$6,595` | Gamma: `6...
2026-03-25 11:58:27 [INFO] telegram_listener: Saved snapshot #147447: price=6590.69, gamma=-3.09Bn, session=RTH
2026-03-25 11:59:56 [INFO] telegram_listener: Raw message (735 chars): **? SPX Gamma Exposure Update (20260325)**
? 2026-03-25 21:59:56
? **Current Price: $6,590.42**

**Top 5 Call Positions (Positive Gamma):**
- Strike: `$6,600` | Gamma: `2,059,853,207`
- Strike: `$6,575` | Gamma: `1,343,966,992`
- Strike: `$6,605` | Gamma: `691,463,482`
- Strike: `$6,585` | Gamma: `6...
2026-03-25 11:59:56 [INFO] telegram_listener: Saved snapshot #147448: price=6590.42, gamma=-4.07Bn, session=RTH
2026-03-25 12:01:25 [INFO] telegram_listener: Raw message (734 chars): **? SPX Gamma Exposure Update (20260325)**
? 2026-03-25 22:01:25
? **Current Price: $6,586.75**

**Top 5 Call Positions (Positive Gamma):**
- Strike: `$6,600` | Gamma: `1,788,245,611`
- Strike: `$6,575` | Gamma: `1,546,155,773`
- Strike: `$6,580` | Gamma: `740,534,592`
- Strike: `$6,585` | Gamma: `7...
2026-03-25 12:01:25 [INFO] telegram_listener: Saved snapshot #147449: price=6586.75, gamma=-5.06Bn, session=RTH
2026-03-25 12:02:57 [INFO] telegram_listener: Raw message (734 chars): **? SPX Gamma Exposure Update (20260325)**
? 2026-03-25 22:02:57
? **Current Price: $6,585.01**

**Top 5 Call Positions (Positive Gamma):**
- Strike: `$6,600` | Gamma: `1,658,098,468`
- Strike: `$6,575` | Gamma: `1,508,324,888`
- Strike: `$6,580` | Gamma: `713,158,999`
- Strike: `$6,585` | Gamma: `6...
2026-03-25 12:02:57 [INFO] telegram_listener: Saved snapshot #147450: price=6585.01, gamma=-4.99Bn, session=RTH
2026-03-25 12:04:27 [INFO] telegram_listener: Raw message (734 chars): **? SPX Gamma Exposure Update (20260325)**
? 2026-03-25 22:04:26
? **Current Price: $6,585.40**

**Top 5 Call Positions (Positive Gamma):**
- Strike: `$6,600` | Gamma: `1,722,903,768`
- Strike: `$6,575` | Gamma: `1,527,012,802`
- Strike: `$6,580` | Gamma: `709,388,106`
- Strike: `$6,585` | Gamma: `6...
2026-03-25 12:04:27 [INFO] telegram_listener: Saved snapshot #147451: price=6585.4, gamma=-4.59Bn, session=RTH
2026-03-25 12:05:57 [INFO] telegram_listener: Raw message (735 chars): **? SPX Gamma Exposure Update (20260325)**
? 2026-03-25 22:05:57
? **Current Price: $6,587.15**

**Top 5 Call Positions (Positive Gamma):**
- Strike: `$6,600` | Gamma: `1,842,332,173`
- Strike: `$6,575` | Gamma: `1,509,305,400`
- Strike: `$6,580` | Gamma: `729,052,278`
- Strike: `$6,585` | Gamma: `7...
2026-03-25 12:05:57 [INFO] telegram_listener: Saved snapshot #147452: price=6587.15, gamma=-4.38Bn, session=RTH
2026-03-25 12:07:26 [INFO] telegram_listener: Raw message (734 chars): **? SPX Gamma Exposure Update (20260325)**
? 2026-03-25 22:07:26
? **Current Price: $6,587.09**

**Top 5 Call Positions (Positive Gamma):**
- Strike: `$6,600` | Gamma: `1,863,845,963`
- Strike: `$6,575` | Gamma: `1,574,093,520`
- Strike: `$6,580` | Gamma: `763,755,140`
- Strike: `$6,585` | Gamma: `7...
2026-03-25 12:07:26 [INFO] telegram_listener: Saved snapshot #147453: price=6587.09, gamma=-5.03Bn, session=RTH
2026-03-25 12:08:37 [INFO] telegram_listener: Raw message (734 chars): **? SPX Gamma Exposure Update (20260325)**
? 2026-03-25 22:08:37
? **Current Price: $6,586.40**

**Top 5 Call Positions (Positive Gamma):**
- Strike: `$6,600` | Gamma: `1,820,369,830`
- Strike: `$6,575` | Gamma: `1,564,506,330`
- Strike: `$6,580` | Gamma: `755,882,059`
- Strike: `$6,585` | Gamma: `7...
2026-03-25 12:08:37 [INFO] telegram_listener: Saved snapshot #147454: price=6586.4, gamma=-5.08Bn, session=RTH
2026-03-25 12:08:40 [INFO] telegram_listener: Channel msg [SmartStrategy_Trader]: ??????? ?

??? ???? ?????? ?????? 
????? ??? ???? ???? 
????????? ?? ??? ?????? 
 ?????? ???? ??? ????? 
?????? ? ??????? ?????? 
??? ???? ?? ?????? ?
2026-03-25 12:10:07 [INFO] telegram_listener: Raw message (735 chars): **? SPX Gamma Exposure Update (20260325)**
? 2026-03-25 22:10:07
? **Current Price: $6,586.64**

**Top 5 Call Positions (Positive Gamma):**
- Strike: `$6,600` | Gamma: `1,842,046,904`
- Strike: `$6,575` | Gamma: `1,573,878,457`
- Strike: `$6,580` | Gamma: `759,793,968`
- Strike: `$6,585` | Gamma: `7...
2026-03-25 12:10:07 [INFO] telegram_listener: Saved snapshot #147455: price=6586.64, gamma=-5.05Bn, session=RTH
2026-03-25 12:11:37 [INFO] telegram_listener: Raw message (734 chars): **? SPX Gamma Exposure Update (20260325)**
? 2026-03-25 22:11:37
? **Current Price: $6,586.02**

**Top 5 Call Positions (Positive Gamma):**
- Strike: `$6,600` | Gamma: `1,809,389,608`
- Strike: `$6,575` | Gamma: `1,656,889,465`
- Strike: `$6,580` | Gamma: `802,067,994`
- Strike: `$6,585` | Gamma: `7...
2026-03-25 12:11:37 [INFO] telegram_listener: Saved snapshot #147456: price=6586.02, gamma=-5.56Bn, session=RTH
2026-03-25 12:13:10 [INFO] telegram_listener: Raw message (734 chars): **? SPX Gamma Exposure Update (20260325)**
? 2026-03-25 22:13:10
? **Current Price: $6,585.30**

**Top 5 Call Positions (Positive Gamma):**
- Strike: `$6,600` | Gamma: `1,733,619,265`
- Strike: `$6,575` | Gamma: `1,675,035,898`
- Strike: `$6,580` | Gamma: `805,747,888`
- Strike: `$6,585` | Gamma: `7...
2026-03-25 12:13:10 [INFO] telegram_listener: Saved snapshot #147457: price=6585.3, gamma=-5.40Bn, session=RTH
2026-03-25 12:13:15 [INFO] telegram_listener: Channel msg [SmartStrategy_Trader]: ????? ?? ???? ????? ??????? 
???? ???? ?? ???? ????? ??? ?????? ???? ??? ???? ?? ???? ?? ???? ??? ?? ???? ?????? ???? ??? ????? ????? ???? ?????? ?? ?
2026-03-25 12:14:18 [INFO] telegram_listener: Raw message (735 chars): **? SPX Gamma Exposure Update (20260325)**
? 2026-03-25 22:14:18
? **Current Price: $6,588.56**

**Top 5 Call Positions (Positive Gamma):**
- Strike: `$6,600` | Gamma: `2,069,469,160`
- Strike: `$6,575` | Gamma: `1,528,478,626`
- Strike: `$6,585` | Gamma: `777,457,391`
- Strike: `$6,580` | Gamma: `7...
2026-03-25 12:14:18 [INFO] telegram_listener: Saved snapshot #147458: price=6588.56, gamma=-4.67Bn, session=RTH
2026-03-25 12:15:48 [INFO] telegram_listener: Raw message (735 chars): **? SPX Gamma Exposure Update (20260325)**
? 2026-03-25 22:15:48
? **Current Price: $6,590.95**

**Top 5 Call Positions (Positive Gamma):**
- Strike: `$6,600` | Gamma: `2,351,414,799`
- Strike: `$6,575` | Gamma: `1,381,264,078`
- Strike: `$6,595` | Gamma: `799,376,948`
- Strike: `$6,585` | Gamma: `7...
2026-03-25 12:15:48 [INFO] telegram_listener: Saved snapshot #147459: price=6590.95, gamma=-3.69Bn, session=RTH
--- Logging error ---
Traceback (most recent call last):
  File "C:\Program Files\WindowsApps\PythonSoftwareFoundation.Python.3.12_3.12.2800.0_x64__qbz5n2kfra8p0\Lib\logging\__init__.py", line 1163, in emit
    stream.write(msg + self.terminator)
  File "C:\Program Files\WindowsApps\PythonSoftwareFoundation.Python.3.12_3.12.2800.0_x64__qbz5n2kfra8p0\Lib\encodings\cp1252.py", line 19, in encode
    return codecs.charmap_encode(input,self.errors,encoding_table)[0]
           ^^^^^^^^^^^^^^^^^^^^^^^^^^^^^^^^^^^^^^^^^^^^^^^^^^^^^^^
UnicodeEncodeError: 'charmap' codec can't encode characters in position 67-68: character maps to <undefined>
Call stack:
  File "C:\Code\gex_telegram\main.py", line 92, in <module>
    main()
  File "C:\Code\gex_telegram\main.py", line 80, in main
    asyncio.run(start_listener())
  File "C:\Program Files\WindowsApps\PythonSoftwareFoundation.Python.3.12_3.12.2800.0_x64__qbz5n2kfra8p0\Lib\asyncio\runners.py", line 195, in run
    return runner.run(main)
  File "C:\Program Files\WindowsApps\PythonSoftwareFoundation.Python.3.12_3.12.2800.0_x64__qbz5n2kfra8p0\Lib\asyncio\runners.py", line 118, in run
    return self._loop.run_until_complete(task)
  File "C:\Program Files\WindowsApps\PythonSoftwareFoundation.Python.3.12_3.12.2800.0_x64__qbz5n2kfra8p0\Lib\asyncio\base_events.py", line 678, in run_until_complete
    self.run_forever()
  File "C:\Program Files\WindowsApps\PythonSoftwareFoundation.Python.3.12_3.12.2800.0_x64__qbz5n2kfra8p0\Lib\asyncio\windows_events.py", line 322, in run_forever
    super().run_forever()
  File "C:\Program Files\WindowsApps\PythonSoftwareFoundation.Python.3.12_3.12.2800.0_x64__qbz5n2kfra8p0\Lib\asyncio\base_events.py", line 645, in run_forever
    self._run_once()
  File "C:\Program Files\WindowsApps\PythonSoftwareFoundation.Python.3.12_3.12.2800.0_x64__qbz5n2kfra8p0\Lib\asyncio\base_events.py", line 1999, in _run_once
    handle._run()
  File "C:\Program Files\WindowsApps\PythonSoftwareFoundation.Python.3.12_3.12.2800.0_x64__qbz5n2kfra8p0\Lib\asyncio\events.py", line 88, in _run
    self._context.run(self._callback, *self._args)
  File "C:\Code\gex_telegram\telegram_listener.py", line 1939, in data_feed_watchdog
    pipeline.watchdog.check_signal_flow()
  File "C:\Code\gex_telegram\delivery_watchdog.py", line 226, in check_signal_flow
    log.warning(f"DeliveryWatchdog: {msg}")
Message: 'DeliveryWatchdog: \u26a0\ufe0f ENGINE IDLE: No signals delivered in 112+ minutes\nCheck data feed, Telegram listener, or GEX engine health.\nTime: 12:16 PM PT'
Arguments: ()
2026-03-25 12:16:43 [INFO] discord_alerts: Sent DATA_RESTORED to gex_engine
2026-03-25 12:17:19 [INFO] telegram_listener: Raw message (735 chars): **? SPX Gamma Exposure Update (20260325)**
? 2026-03-25 22:17:19
? **Current Price: $6,591.69**

**Top 5 Call Positions (Positive Gamma):**
- Strike: `$6,600` | Gamma: `2,492,196,312`
- Strike: `$6,575` | Gamma: `1,335,212,707`
- Strike: `$6,595` | Gamma: `841,468,692`
- Strike: `$6,585` | Gamma: `7...
2026-03-25 12:17:19 [INFO] telegram_listener: Saved snapshot #147460: price=6591.69, gamma=-4.17Bn, session=RTH
2026-03-25 12:18:52 [INFO] telegram_listener: Raw message (735 chars): **? SPX Gamma Exposure Update (20260325)**
? 2026-03-25 22:18:51
? **Current Price: $6,592.02**

**Top 5 Call Positions (Positive Gamma):**
- Strike: `$6,600` | Gamma: `2,567,974,514`
- Strike: `$6,575` | Gamma: `1,298,253,444`
- Strike: `$6,595` | Gamma: `854,450,310`
- Strike: `$6,605` | Gamma: `7...
2026-03-25 12:18:52 [INFO] telegram_listener: Saved snapshot #147461: price=6592.02, gamma=-4.03Bn, session=RTH
2026-03-25 12:20:05 [INFO] telethon.client.updates: Got difference for channel 1604154175 updates
2026-03-25 12:20:23 [INFO] telegram_listener: Raw message (735 chars): **? SPX Gamma Exposure Update (20260325)**
? 2026-03-25 22:20:23
? **Current Price: $6,594.57**

**Top 5 Call Positions (Positive Gamma):**
- Strike: `$6,600` | Gamma: `2,829,117,441`
- Strike: `$6,575` | Gamma: `1,122,930,171`
- Strike: `$6,605` | Gamma: `930,324,602`
- Strike: `$6,595` | Gamma: `8...
2026-03-25 12:20:23 [INFO] telegram_listener: Saved snapshot #147462: price=6594.57, gamma=-2.57Bn, session=RTH
2026-03-25 12:21:56 [INFO] telegram_listener: Raw message (735 chars): **? SPX Gamma Exposure Update (20260325)**
? 2026-03-25 22:21:56
? **Current Price: $6,597.16**

**Top 5 Call Positions (Positive Gamma):**
- Strike: `$6,600` | Gamma: `3,123,119,461`
- Strike: `$6,605` | Gamma: `1,091,283,668`
- Strike: `$6,595` | Gamma: `923,600,103`
- Strike: `$6,610` | Gamma: `8...
2026-03-25 12:21:56 [INFO] telegram_listener: Saved snapshot #147463: price=6597.16, gamma=-2.44Bn, session=RTH
2026-03-25 12:22:01 [INFO] telethon.client.updates: Got difference for channel 1339255863 updates
2026-03-25 12:23:29 [INFO] telegram_listener: Raw message (735 chars): **? SPX Gamma Exposure Update (20260325)**
? 2026-03-25 22:23:29
? **Current Price: $6,596.11**

**Top 5 Call Positions (Positive Gamma):**
- Strike: `$6,600` | Gamma: `3,078,912,584`
- Strike: `$6,605` | Gamma: `1,030,328,746`
- Strike: `$6,575` | Gamma: `965,613,955`
- Strike: `$6,595` | Gamma: `9...
2026-03-25 12:23:29 [INFO] telegram_listener: Saved snapshot #147464: price=6596.11, gamma=-2.47Bn, session=RTH
2026-03-25 12:24:39 [INFO] telegram_listener: Raw message (737 chars): **? SPX Gamma Exposure Update (20260325)**
? 2026-03-25 22:24:39
? **Current Price: $6,595.51**

**Top 5 Call Positions (Positive Gamma):**
- Strike: `$6,600` | Gamma: `3,045,948,767`
- Strike: `$6,575` | Gamma: `1,021,136,656`
- Strike: `$6,605` | Gamma: `1,008,499,688`
- Strike: `$6,595` | Gamma: ...
2026-03-25 12:24:39 [INFO] telegram_listener: Saved snapshot #147465: price=6595.51, gamma=-2.08Bn, session=RTH
2026-03-25 12:26:10 [INFO] telegram_listener: Raw message (735 chars): **? SPX Gamma Exposure Update (20260325)**
? 2026-03-25 22:26:10
? **Current Price: $6,593.37**

**Top 5 Call Positions (Positive Gamma):**
- Strike: `$6,600` | Gamma: `2,903,647,518`
- Strike: `$6,575` | Gamma: `1,103,967,458`
- Strike: `$6,595` | Gamma: `967,698,472`
- Strike: `$6,605` | Gamma: `8...
2026-03-25 12:26:10 [INFO] telegram_listener: Saved snapshot #147466: price=6593.37, gamma=-3.96Bn, session=RTH
2026-03-25 12:27:21 [INFO] telegram_listener: Raw message (735 chars): **? SPX Gamma Exposure Update (20260325)**
? 2026-03-25 22:27:21
? **Current Price: $6,591.56**

**Top 5 Call Positions (Positive Gamma):**
- Strike: `$6,600` | Gamma: `2,675,499,164`
- Strike: `$6,575` | Gamma: `1,344,431,986`
- Strike: `$6,595` | Gamma: `931,704,445`
- Strike: `$6,585` | Gamma: `8...
2026-03-25 12:27:21 [INFO] telegram_listener: Saved snapshot #147467: price=6591.56, gamma=-4.14Bn, session=RTH
2026-03-25 12:28:55 [INFO] telegram_listener: Raw message (735 chars): **? SPX Gamma Exposure Update (20260325)**
? 2026-03-25 22:28:54
? **Current Price: $6,592.94**

**Top 5 Call Positions (Positive Gamma):**
- Strike: `$6,600` | Gamma: `3,000,404,183`
- Strike: `$6,595` | Gamma: `1,032,077,073`
- Strike: `$6,575` | Gamma: `983,237,711`
- Strike: `$6,585` | Gamma: `8...
2026-03-25 12:28:55 [INFO] telegram_listener: Saved snapshot #147468: price=6592.94, gamma=-4.48Bn, session=RTH
2026-03-25 12:30:25 [INFO] telegram_listener: Raw message (734 chars): **? SPX Gamma Exposure Update (20260325)**
? 2026-03-25 22:30:25
? **Current Price: $6,590.20**

**Top 5 Call Positions (Positive Gamma):**
- Strike: `$6,600` | Gamma: `2,534,205,163`
- Strike: `$6,575` | Gamma: `1,445,826,575`
- Strike: `$6,585` | Gamma: `961,070,072`
- Strike: `$6,595` | Gamma: `9...
2026-03-25 12:30:25 [INFO] telegram_listener: Saved snapshot #147469: price=6590.2, gamma=-5.66Bn, session=RTH
2026-03-25 12:31:56 [INFO] telegram_listener: Raw message (736 chars): **? SPX Gamma Exposure Update (20260325)**
? 2026-03-25 22:31:56
? **Current Price: $6,589.01**

**Top 5 Call Positions (Positive Gamma):**
- Strike: `$6,600` | Gamma: `2,350,030,758`
- Strike: `$6,575` | Gamma: `1,584,276,057`
- Strike: `$6,585` | Gamma: `1,026,383,946`
- Strike: `$6,595` | Gamma: ...
2026-03-25 12:31:56 [INFO] telegram_listener: Saved snapshot #147470: price=6589.01, gamma=-6.51Bn, session=RTH
2026-03-25 12:33:30 [INFO] telegram_listener: Raw message (737 chars): **? SPX Gamma Exposure Update (20260325)**
? 2026-03-25 22:33:30
? **Current Price: $6,588.81**

**Top 5 Call Positions (Positive Gamma):**
- Strike: `$6,600` | Gamma: `2,328,329,490`
- Strike: `$6,575` | Gamma: `1,611,972,511`
- Strike: `$6,585` | Gamma: `1,057,422,294`
- Strike: `$6,595` | Gamma: ...
2026-03-25 12:33:30 [INFO] telegram_listener: Saved snapshot #147471: price=6588.81, gamma=-6.38Bn, session=RTH
2026-03-25 12:34:40 [INFO] telegram_listener: Channel msg [ipospx]: ? ????? ????? 6595 

?????? ????? ??????? ?????? ????????

?? ???? ????? ???? ????? 6584
--- Logging error ---
Traceback (most recent call last):
  File "C:\Program Files\WindowsApps\PythonSoftwareFoundation.Python.3.12_3.12.2800.0_x64__qbz5n2kfra8p0\Lib\logging\__init__.py", line 1163, in emit
    stream.write(msg + self.terminator)
  File "C:\Program Files\WindowsApps\PythonSoftwareFoundation.Python.3.12_3.12.2800.0_x64__qbz5n2kfra8p0\Lib\encodings\cp1252.py", line 19, in encode
    return codecs.charmap_encode(input,self.errors,encoding_table)[0]
           ^^^^^^^^^^^^^^^^^^^^^^^^^^^^^^^^^^^^^^^^^^^^^^^^^^^^^^^
UnicodeEncodeError: 'charmap' codec can't encode character '\u2192' in position 81: character maps to <undefined>
Call stack:
  File "C:\Code\gex_telegram\main.py", line 92, in <module>
    main()
  File "C:\Code\gex_telegram\main.py", line 80, in main
    asyncio.run(start_listener())
  File "C:\Program Files\WindowsApps\PythonSoftwareFoundation.Python.3.12_3.12.2800.0_x64__qbz5n2kfra8p0\Lib\asyncio\runners.py", line 195, in run
    return runner.run(main)
  File "C:\Program Files\WindowsApps\PythonSoftwareFoundation.Python.3.12_3.12.2800.0_x64__qbz5n2kfra8p0\Lib\asyncio\runners.py", line 118, in run
    return self._loop.run_until_complete(task)
  File "C:\Program Files\WindowsApps\PythonSoftwareFoundation.Python.3.12_3.12.2800.0_x64__qbz5n2kfra8p0\Lib\asyncio\base_events.py", line 678, in run_until_complete
    self.run_forever()
  File "C:\Program Files\WindowsApps\PythonSoftwareFoundation.Python.3.12_3.12.2800.0_x64__qbz5n2kfra8p0\Lib\asyncio\windows_events.py", line 322, in run_forever
    super().run_forever()
  File "C:\Program Files\WindowsApps\PythonSoftwareFoundation.Python.3.12_3.12.2800.0_x64__qbz5n2kfra8p0\Lib\asyncio\base_events.py", line 645, in run_forever
    self._run_once()
  File "C:\Program Files\WindowsApps\PythonSoftwareFoundation.Python.3.12_3.12.2800.0_x64__qbz5n2kfra8p0\Lib\asyncio\base_events.py", line 1999, in _run_once
    handle._run()
  File "C:\Program Files\WindowsApps\PythonSoftwareFoundation.Python.3.12_3.12.2800.0_x64__qbz5n2kfra8p0\Lib\asyncio\events.py", line 88, in _run
    self._context.run(self._callback, *self._args)
  File "C:\Users\raghu\AppData\Local\Packages\PythonSoftwareFoundation.Python.3.12_qbz5n2kfra8p0\LocalCache\local-packages\Python312\site-packages\telethon\client\updates.py", line 574, in _dispatch_update
    await callback(event)
  File "C:\Code\gex_telegram\telegram_listener.py", line 2132, in handler
    call = pipeline.consensus.ingest_raw_text(chat_username, text) if is_consensus_ch else None
  File "C:\Code\gex_telegram\consensus_tracker.py", line 172, in ingest_raw_text
    log.info(
Message: 'ConsensusTracker (keyword): ipospx \u2192 LONG (entry=6595.0, 2 channels active)'
Arguments: ()
C:\Users\raghu\AppData\Local\Packages\PythonSoftwareFoundation.Python.3.12_qbz5n2kfra8p0\LocalCache\local-packages\Python312\site-packages\yfinance\scrapers\quote.py:146: Pandas4Warning: Timestamp.utcnow is deprecated and will be removed in a future version. Use Timestamp.now('UTC') instead.
  dnow = pd.Timestamp.utcnow().tz_convert(self.timezone).date()
2026-03-25 12:34:40 [INFO] discord_alerts: Sent SPX_MILLION to gex_relay
2026-03-25 12:34:40 [INFO] telegram_listener: Channel msg [ipospx]: ???? ???? ???? ????? ?
2026-03-25 12:34:40 [INFO] telegram_listener: Channel msg [ipospx]: ????? ?? ??? ????? 6595 ????? 

????
--- Logging error ---
Traceback (most recent call last):
  File "C:\Program Files\WindowsApps\PythonSoftwareFoundation.Python.3.12_3.12.2800.0_x64__qbz5n2kfra8p0\Lib\logging\__init__.py", line 1163, in emit
    stream.write(msg + self.terminator)
  File "C:\Program Files\WindowsApps\PythonSoftwareFoundation.Python.3.12_3.12.2800.0_x64__qbz5n2kfra8p0\Lib\encodings\cp1252.py", line 19, in encode
    return codecs.charmap_encode(input,self.errors,encoding_table)[0]
           ^^^^^^^^^^^^^^^^^^^^^^^^^^^^^^^^^^^^^^^^^^^^^^^^^^^^^^^
UnicodeEncodeError: 'charmap' codec can't encode character '\u2192' in position 81: character maps to <undefined>
Call stack:
  File "C:\Code\gex_telegram\main.py", line 92, in <module>
    main()
  File "C:\Code\gex_telegram\main.py", line 80, in main
    asyncio.run(start_listener())
  File "C:\Program Files\WindowsApps\PythonSoftwareFoundation.Python.3.12_3.12.2800.0_x64__qbz5n2kfra8p0\Lib\asyncio\runners.py", line 195, in run
    return runner.run(main)
  File "C:\Program Files\WindowsApps\PythonSoftwareFoundation.Python.3.12_3.12.2800.0_x64__qbz5n2kfra8p0\Lib\asyncio\runners.py", line 118, in run
    return self._loop.run_until_complete(task)
  File "C:\Program Files\WindowsApps\PythonSoftwareFoundation.Python.3.12_3.12.2800.0_x64__qbz5n2kfra8p0\Lib\asyncio\base_events.py", line 678, in run_until_complete
    self.run_forever()
  File "C:\Program Files\WindowsApps\PythonSoftwareFoundation.Python.3.12_3.12.2800.0_x64__qbz5n2kfra8p0\Lib\asyncio\windows_events.py", line 322, in run_forever
    super().run_forever()
  File "C:\Program Files\WindowsApps\PythonSoftwareFoundation.Python.3.12_3.12.2800.0_x64__qbz5n2kfra8p0\Lib\asyncio\base_events.py", line 645, in run_forever
    self._run_once()
  File "C:\Program Files\WindowsApps\PythonSoftwareFoundation.Python.3.12_3.12.2800.0_x64__qbz5n2kfra8p0\Lib\asyncio\base_events.py", line 1999, in _run_once
    handle._run()
  File "C:\Program Files\WindowsApps\PythonSoftwareFoundation.Python.3.12_3.12.2800.0_x64__qbz5n2kfra8p0\Lib\asyncio\events.py", line 88, in _run
    self._context.run(self._callback, *self._args)
  File "C:\Users\raghu\AppData\Local\Packages\PythonSoftwareFoundation.Python.3.12_qbz5n2kfra8p0\LocalCache\local-packages\Python312\site-packages\telethon\client\updates.py", line 574, in _dispatch_update
    await callback(event)
  File "C:\Code\gex_telegram\telegram_listener.py", line 2132, in handler
    call = pipeline.consensus.ingest_raw_text(chat_username, text) if is_consensus_ch else None
  File "C:\Code\gex_telegram\consensus_tracker.py", line 172, in ingest_raw_text
    log.info(
Message: 'ConsensusTracker (keyword): ipospx \u2192 SHORT (entry=6595.0, 2 channels active)'
Arguments: ()
2026-03-25 12:34:41 [INFO] discord_alerts: Sent SPX_MILLION to gex_relay
2026-03-25 12:34:41 [INFO] telegram_listener: Channel msg [ipospx]: ????? ????? ??????? ????? ????? ?????? ?????? ???????? 6595
--- Logging error ---
Traceback (most recent call last):
  File "C:\Program Files\WindowsApps\PythonSoftwareFoundation.Python.3.12_3.12.2800.0_x64__qbz5n2kfra8p0\Lib\logging\__init__.py", line 1163, in emit
    stream.write(msg + self.terminator)
  File "C:\Program Files\WindowsApps\PythonSoftwareFoundation.Python.3.12_3.12.2800.0_x64__qbz5n2kfra8p0\Lib\encodings\cp1252.py", line 19, in encode
    return codecs.charmap_encode(input,self.errors,encoding_table)[0]
           ^^^^^^^^^^^^^^^^^^^^^^^^^^^^^^^^^^^^^^^^^^^^^^^^^^^^^^^
UnicodeEncodeError: 'charmap' codec can't encode character '\u2192' in position 81: character maps to <undefined>
Call stack:
  File "C:\Code\gex_telegram\main.py", line 92, in <module>
    main()
  File "C:\Code\gex_telegram\main.py", line 80, in main
    asyncio.run(start_listener())
  File "C:\Program Files\WindowsApps\PythonSoftwareFoundation.Python.3.12_3.12.2800.0_x64__qbz5n2kfra8p0\Lib\asyncio\runners.py", line 195, in run
    return runner.run(main)
  File "C:\Program Files\WindowsApps\PythonSoftwareFoundation.Python.3.12_3.12.2800.0_x64__qbz5n2kfra8p0\Lib\asyncio\runners.py", line 118, in run
    return self._loop.run_until_complete(task)
  File "C:\Program Files\WindowsApps\PythonSoftwareFoundation.Python.3.12_3.12.2800.0_x64__qbz5n2kfra8p0\Lib\asyncio\base_events.py", line 678, in run_until_complete
    self.run_forever()
  File "C:\Program Files\WindowsApps\PythonSoftwareFoundation.Python.3.12_3.12.2800.0_x64__qbz5n2kfra8p0\Lib\asyncio\windows_events.py", line 322, in run_forever
    super().run_forever()
  File "C:\Program Files\WindowsApps\PythonSoftwareFoundation.Python.3.12_3.12.2800.0_x64__qbz5n2kfra8p0\Lib\asyncio\base_events.py", line 645, in run_forever
    self._run_once()
  File "C:\Program Files\WindowsApps\PythonSoftwareFoundation.Python.3.12_3.12.2800.0_x64__qbz5n2kfra8p0\Lib\asyncio\base_events.py", line 1999, in _run_once
    handle._run()
  File "C:\Program Files\WindowsApps\PythonSoftwareFoundation.Python.3.12_3.12.2800.0_x64__qbz5n2kfra8p0\Lib\asyncio\events.py", line 88, in _run
    self._context.run(self._callback, *self._args)
  File "C:\Users\raghu\AppData\Local\Packages\PythonSoftwareFoundation.Python.3.12_qbz5n2kfra8p0\LocalCache\local-packages\Python312\site-packages\telethon\client\updates.py", line 574, in _dispatch_update
    await callback(event)
  File "C:\Code\gex_telegram\telegram_listener.py", line 2132, in handler
    call = pipeline.consensus.ingest_raw_text(chat_username, text) if is_consensus_ch else None
  File "C:\Code\gex_telegram\consensus_tracker.py", line 172, in ingest_raw_text
    log.info(
Message: 'ConsensusTracker (keyword): ipospx \u2192 SHORT (entry=6595.0, 2 channels active)'
Arguments: ()
2026-03-25 12:34:41 [INFO] discord_alerts: Sent SPX_MILLION to gex_relay
2026-03-25 12:34:41 [INFO] telegram_listener: Channel msg [ipospx]: ???? ?????? ????? ?????? ?????? ???? 6595

??????? ???? ???? 6611 

?????? ??? ?????? ????? ??
--- Logging error ---
Traceback (most recent call last):
  File "C:\Program Files\WindowsApps\PythonSoftwareFoundation.Python.3.12_3.12.2800.0_x64__qbz5n2kfra8p0\Lib\logging\__init__.py", line 1163, in emit
    stream.write(msg + self.terminator)
  File "C:\Program Files\WindowsApps\PythonSoftwareFoundation.Python.3.12_3.12.2800.0_x64__qbz5n2kfra8p0\Lib\encodings\cp1252.py", line 19, in encode
    return codecs.charmap_encode(input,self.errors,encoding_table)[0]
           ^^^^^^^^^^^^^^^^^^^^^^^^^^^^^^^^^^^^^^^^^^^^^^^^^^^^^^^
UnicodeEncodeError: 'charmap' codec can't encode character '\u2192' in position 81: character maps to <undefined>
Call stack:
  File "C:\Code\gex_telegram\main.py", line 92, in <module>
    main()
  File "C:\Code\gex_telegram\main.py", line 80, in main
    asyncio.run(start_listener())
  File "C:\Program Files\WindowsApps\PythonSoftwareFoundation.Python.3.12_3.12.2800.0_x64__qbz5n2kfra8p0\Lib\asyncio\runners.py", line 195, in run
    return runner.run(main)
  File "C:\Program Files\WindowsApps\PythonSoftwareFoundation.Python.3.12_3.12.2800.0_x64__qbz5n2kfra8p0\Lib\asyncio\runners.py", line 118, in run
    return self._loop.run_until_complete(task)
  File "C:\Program Files\WindowsApps\PythonSoftwareFoundation.Python.3.12_3.12.2800.0_x64__qbz5n2kfra8p0\Lib\asyncio\base_events.py", line 678, in run_until_complete
    self.run_forever()
  File "C:\Program Files\WindowsApps\PythonSoftwareFoundation.Python.3.12_3.12.2800.0_x64__qbz5n2kfra8p0\Lib\asyncio\windows_events.py", line 322, in run_forever
    super().run_forever()
  File "C:\Program Files\WindowsApps\PythonSoftwareFoundation.Python.3.12_3.12.2800.0_x64__qbz5n2kfra8p0\Lib\asyncio\base_events.py", line 645, in run_forever
    self._run_once()
  File "C:\Program Files\WindowsApps\PythonSoftwareFoundation.Python.3.12_3.12.2800.0_x64__qbz5n2kfra8p0\Lib\asyncio\base_events.py", line 1999, in _run_once
    handle._run()
  File "C:\Program Files\WindowsApps\PythonSoftwareFoundation.Python.3.12_3.12.2800.0_x64__qbz5n2kfra8p0\Lib\asyncio\events.py", line 88, in _run
    self._context.run(self._callback, *self._args)
  File "C:\Users\raghu\AppData\Local\Packages\PythonSoftwareFoundation.Python.3.12_qbz5n2kfra8p0\LocalCache\local-packages\Python312\site-packages\telethon\client\updates.py", line 574, in _dispatch_update
    await callback(event)
  File "C:\Code\gex_telegram\telegram_listener.py", line 2132, in handler
    call = pipeline.consensus.ingest_raw_text(chat_username, text) if is_consensus_ch else None
  File "C:\Code\gex_telegram\consensus_tracker.py", line 172, in ingest_raw_text
    log.info(
Message: 'ConsensusTracker (keyword): ipospx \u2192 SHORT (entry=6595.0, 2 channels active)'
Arguments: ()
2026-03-25 12:34:43 [INFO] discord_alerts: Sent SPX_MILLION to gex_relay
2026-03-25 12:34:43 [INFO] telegram_listener: Raw message (737 chars): **? SPX Gamma Exposure Update (20260325)**
? 2026-03-25 22:34:42
? **Current Price: $6,588.16**

**Top 5 Call Positions (Positive Gamma):**
- Strike: `$6,600` | Gamma: `2,209,321,182`
- Strike: `$6,575` | Gamma: `1,685,753,534`
- Strike: `$6,585` | Gamma: `1,074,488,403`
- Strike: `$6,580` | Gamma: ...
2026-03-25 12:34:43 [INFO] telegram_listener: Saved snapshot #147472: price=6588.16, gamma=-6.14Bn, session=RTH
2026-03-25 12:35:04 [INFO] telethon.client.updates: Got difference for channel 2231281895 updates
2026-03-25 12:36:15 [INFO] telegram_listener: Raw message (741 chars): **? SPX Gamma Exposure Update (20260325)**
? 2026-03-25 22:36:15
? **Current Price: $6,586.64**

**Top 5 Call Positions (Positive Gamma):**
- Strike: `$6,575` | Gamma: `1,897,912,257`
- Strike: `$6,600` | Gamma: `1,863,591,312`
- Strike: `$6,585` | Gamma: `1,163,779,822`
- Strike: `$6,580` | Gamma: ...
2026-03-25 12:36:15 [INFO] telegram_listener: Saved snapshot #147473: price=6586.64, gamma=-7.41Bn, session=RTH
2026-03-25 12:37:46 [INFO] telegram_listener: Raw message (738 chars): **? SPX Gamma Exposure Update (20260325)**
? 2026-03-25 22:37:46
? **Current Price: $6,584.54**

**Top 5 Call Positions (Positive Gamma):**
- Strike: `$6,575` | Gamma: `2,183,520,626`
- Strike: `$6,600` | Gamma: `1,496,381,741`
- Strike: `$6,580` | Gamma: `1,190,998,243`
- Strike: `$6,585` | Gamma: ...
2026-03-25 12:37:46 [INFO] telegram_listener: Saved snapshot #147474: price=6584.54, gamma=-8.81Bn, session=RTH
2026-03-25 12:39:21 [INFO] telegram_listener: Raw message (738 chars): **? SPX Gamma Exposure Update (20260325)**
? 2026-03-25 22:39:21
? **Current Price: $6,585.37**

**Top 5 Call Positions (Positive Gamma):**
- Strike: `$6,575` | Gamma: `2,128,543,906`
- Strike: `$6,600` | Gamma: `1,615,207,566`
- Strike: `$6,585` | Gamma: `1,273,795,750`
- Strike: `$6,580` | Gamma: ...
2026-03-25 12:39:21 [INFO] telegram_listener: Saved snapshot #147475: price=6585.37, gamma=-9.06Bn, session=RTH
2026-03-25 12:40:53 [INFO] telegram_listener: Raw message (741 chars): **? SPX Gamma Exposure Update (20260325)**
? 2026-03-25 22:40:53
? **Current Price: $6,587.85**

**Top 5 Call Positions (Positive Gamma):**
- Strike: `$6,600` | Gamma: `2,090,575,486`
- Strike: `$6,575` | Gamma: `1,704,117,916`
- Strike: `$6,585` | Gamma: `1,257,482,227`
- Strike: `$6,580` | Gamma: ...
2026-03-25 12:40:53 [INFO] telegram_listener: Saved snapshot #147476: price=6587.85, gamma=-6.97Bn, session=RTH
2026-03-25 12:42:23 [INFO] telegram_listener: Raw message (740 chars): **? SPX Gamma Exposure Update (20260325)**
? 2026-03-25 22:42:23
? **Current Price: $6,590.34**

**Top 5 Call Positions (Positive Gamma):**
- Strike: `$6,600` | Gamma: `2,728,430,415`
- Strike: `$6,595` | Gamma: `1,227,847,760`
- Strike: `$6,585` | Gamma: `1,223,860,649`
- Strike: `$6,590` | Gamma: ...
2026-03-25 12:42:23 [INFO] telegram_listener: Saved snapshot #147477: price=6590.34, gamma=-6.80Bn, session=RTH
2026-03-25 12:43:54 [INFO] telegram_listener: Raw message (741 chars): **? SPX Gamma Exposure Update (20260325)**
? 2026-03-25 22:43:54
? **Current Price: $6,591.73**

**Top 5 Call Positions (Positive Gamma):**
- Strike: `$6,600` | Gamma: `3,085,613,834`
- Strike: `$6,595` | Gamma: `1,350,879,927`
- Strike: `$6,585` | Gamma: `1,151,744,433`
- Strike: `$6,590` | Gamma: ...
2026-03-25 12:43:54 [INFO] telegram_listener: Saved snapshot #147478: price=6591.73, gamma=-5.26Bn, session=RTH
2026-03-25 12:45:26 [INFO] telegram_listener: Raw message (740 chars): **? SPX Gamma Exposure Update (20260325)**
? 2026-03-25 22:45:26
? **Current Price: $6,586.94**

**Top 5 Call Positions (Positive Gamma):**
- Strike: `$6,575` | Gamma: `1,824,013,533`
- Strike: `$6,600` | Gamma: `1,680,616,925`
- Strike: `$6,585` | Gamma: `1,402,188,873`
- Strike: `$6,580` | Gamma: ...
2026-03-25 12:45:26 [INFO] telegram_listener: Saved snapshot #147479: price=6586.94, gamma=-8.77Bn, session=RTH
2026-03-25 12:46:57 [INFO] telegram_listener: Raw message (743 chars): **? SPX Gamma Exposure Update (20260325)**
? 2026-03-25 22:46:57
? **Current Price: $6,586.89**

**Top 5 Call Positions (Positive Gamma):**
- Strike: `$6,575` | Gamma: `1,842,503,465`
- Strike: `$6,600` | Gamma: `1,626,726,302`
- Strike: `$6,585` | Gamma: `1,467,786,265`
- Strike: `$6,580` | Gamma: ...
2026-03-25 12:46:57 [INFO] telegram_listener: Saved snapshot #147480: price=6586.89, gamma=-7.82Bn, session=RTH
2026-03-25 12:48:29 [INFO] telegram_listener: Raw message (742 chars): **? SPX Gamma Exposure Update (20260325)**
? 2026-03-25 22:48:29
? **Current Price: $6,587.20**

**Top 5 Call Positions (Positive Gamma):**
- Strike: `$6,600` | Gamma: `1,637,653,459`
- Strike: `$6,585` | Gamma: `1,619,897,778`
- Strike: `$6,575` | Gamma: `1,518,587,996`
- Strike: `$6,580` | Gamma: ...
2026-03-25 12:48:29 [INFO] telegram_listener: Saved snapshot #147481: price=6587.2, gamma=-9.71Bn, session=RTH
2026-03-25 12:50:00 [INFO] telegram_listener: Raw message (742 chars): **? SPX Gamma Exposure Update (20260325)**
? 2026-03-25 22:50:00
? **Current Price: $6,587.09**

**Top 5 Call Positions (Positive Gamma):**
- Strike: `$6,575` | Gamma: `1,759,280,993`
- Strike: `$6,585` | Gamma: `1,571,490,135`
- Strike: `$6,600` | Gamma: `1,562,183,032`
- Strike: `$6,580` | Gamma: ...
2026-03-25 12:50:00 [INFO] telegram_listener: Saved snapshot #147482: price=6587.09, gamma=-9.29Bn, session=RTH
2026-03-25 12:51:30 [INFO] telegram_listener: Raw message (738 chars): **? SPX Gamma Exposure Update (20260325)**
? 2026-03-25 22:51:30
? **Current Price: $6,591.01**

**Top 5 Call Positions (Positive Gamma):**
- Strike: `$6,600` | Gamma: `2,480,895,645`
- Strike: `$6,590` | Gamma: `1,788,148,467`
- Strike: `$6,595` | Gamma: `1,756,727,293`
- Strike: `$6,585` | Gamma: ...
2026-03-25 12:51:30 [INFO] telegram_listener: Saved snapshot #147483: price=6591.01, gamma=-8.05Bn, session=RTH
2026-03-25 12:53:00 [INFO] telegram_listener: Raw message (740 chars): **? SPX Gamma Exposure Update (20260325)**
? 2026-03-25 22:53:00
? **Current Price: $6,590.02**

**Top 5 Call Positions (Positive Gamma):**
- Strike: `$6,600` | Gamma: `2,178,219,062`
- Strike: `$6,590` | Gamma: `1,586,837,663`
- Strike: `$6,585` | Gamma: `1,586,716,064`
- Strike: `$6,595` | Gamma: ...
2026-03-25 12:53:00 [INFO] telegram_listener: Saved snapshot #147484: price=6590.02, gamma=-7.88Bn, session=RTH
2026-03-25 12:54:32 [INFO] telegram_listener: Raw message (736 chars): **? SPX Gamma Exposure Update (20260325)**
? 2026-03-25 22:54:32
? **Current Price: $6,591.85**

**Top 5 Call Positions (Positive Gamma):**
- Strike: `$6,600` | Gamma: `2,880,730,385`
- Strike: `$6,595` | Gamma: `2,069,920,024`
- Strike: `$6,590` | Gamma: `2,004,011,293`
- Strike: `$6,605` | Gamma: ...
2026-03-25 12:54:32 [INFO] telegram_listener: Saved snapshot #147485: price=6591.85, gamma=-5.79Bn, session=RTH
2026-03-25 12:56:06 [INFO] telegram_listener: Raw message (738 chars): **? SPX Gamma Exposure Update (20260325)**
? 2026-03-25 22:56:06
? **Current Price: $6,590.58**

**Top 5 Call Positions (Positive Gamma):**
- Strike: `$6,590` | Gamma: `2,380,661,046`
- Strike: `$6,595` | Gamma: `1,550,230,417`
- Strike: `$6,600` | Gamma: `1,455,987,881`
- Strike: `$6,585` | Gamma: ...
2026-03-25 12:56:06 [INFO] telegram_listener: Saved snapshot #147486: price=6590.58, gamma=-8.23Bn, session=RTH
2026-03-25 12:57:37 [INFO] telegram_listener: Raw message (736 chars): **? SPX Gamma Exposure Update (20260325)**
? 2026-03-25 22:57:37
? **Current Price: $6,589.46**

**Top 5 Call Positions (Positive Gamma):**
- Strike: `$6,590` | Gamma: `2,795,842,364`
- Strike: `$6,585` | Gamma: `1,600,271,648`
- Strike: `$6,595` | Gamma: `1,169,526,811`
- Strike: `$6,600` | Gamma: ...
2026-03-25 12:57:37 [INFO] telegram_listener: Saved snapshot #147487: price=6589.46, gamma=-8.99Bn, session=RTH
2026-03-25 12:59:06 [INFO] telegram_listener: Raw message (734 chars): **? SPX Gamma Exposure Update (20260325)**
? 2026-03-25 22:59:06
? **Current Price: $6,590.34**

**Top 5 Call Positions (Positive Gamma):**
- Strike: `$6,590` | Gamma: `3,984,413,801`
- Strike: `$6,595` | Gamma: `1,563,008,304`
- Strike: `$6,600` | Gamma: `841,176,175`
- Strike: `$6,605` | Gamma: `1...
2026-03-25 12:59:06 [INFO] telegram_listener: Saved snapshot #147488: price=6590.34, gamma=-6.44Bn, session=RTH
2026-03-25 13:05:04 [INFO] telethon.client.updates: Got difference for channel 2231281895 updates
2026-03-25 13:11:38 [INFO] telegram_listener: Channel msg [SmartStrategy_Trader]: https://x.com/optiontrader444/status/2036898607643632062?s=46&t=8Q5XPr36ILQ2Op51MLql8g

??? ??? ?? ????? ?????? ?????? ???????? ?? ????? 
??????? ?? ?
2026-03-25 13:12:06 [INFO] telegram_listener: Channel msg [SmartStrategy_Trader]: ???? ?????? ??? ?????? ???? ????? 
???? ?? ?????? ?????? ???? 
???? ?????? ??????? ???? ? 

?????? ????? ? ????? 
???? ?? ?? ??? ??? ??? 
??????? ? ??
2026-03-25 13:15:44 [INFO] delivery_watchdog: DeliveryWatchdog: firing EOD health report
2026-03-25 13:15:44 [INFO] discord_alerts: Sent DATA_RESTORED to gex_engine
2026-03-25 13:22:59 [INFO] telethon.client.updates: Got difference for channel 1615771467 updates
2026-03-25 13:24:38 [INFO] telethon.client.updates: Got difference for account updates
2026-03-25 13:25:06 [INFO] telegram_listener: Channel msg [SPXW500]: **??**????? ????? ???? 48 ?????**
?????? ??? ????? VIP -????? ?????**

?**???? ???? ?????????**
?????? **SPX** + ???? ??????? ??
?????????: **XSP | QQ
--- Logging error ---
Traceback (most recent call last):
  File "C:\Program Files\WindowsApps\PythonSoftwareFoundation.Python.3.12_3.12.2800.0_x64__qbz5n2kfra8p0\Lib\logging\__init__.py", line 1163, in emit
    stream.write(msg + self.terminator)
  File "C:\Program Files\WindowsApps\PythonSoftwareFoundation.Python.3.12_3.12.2800.0_x64__qbz5n2kfra8p0\Lib\encodings\cp1252.py", line 19, in encode
    return codecs.charmap_encode(input,self.errors,encoding_table)[0]
           ^^^^^^^^^^^^^^^^^^^^^^^^^^^^^^^^^^^^^^^^^^^^^^^^^^^^^^^
UnicodeEncodeError: 'charmap' codec can't encode character '\u2192' in position 82: character maps to <undefined>
Call stack:
  File "C:\Code\gex_telegram\main.py", line 92, in <module>
    main()
  File "C:\Code\gex_telegram\main.py", line 80, in main
    asyncio.run(start_listener())
  File "C:\Program Files\WindowsApps\PythonSoftwareFoundation.Python.3.12_3.12.2800.0_x64__qbz5n2kfra8p0\Lib\asyncio\runners.py", line 195, in run
    return runner.run(main)
  File "C:\Program Files\WindowsApps\PythonSoftwareFoundation.Python.3.12_3.12.2800.0_x64__qbz5n2kfra8p0\Lib\asyncio\runners.py", line 118, in run
    return self._loop.run_until_complete(task)
  File "C:\Program Files\WindowsApps\PythonSoftwareFoundation.Python.3.12_3.12.2800.0_x64__qbz5n2kfra8p0\Lib\asyncio\base_events.py", line 678, in run_until_complete
    self.run_forever()
  File "C:\Program Files\WindowsApps\PythonSoftwareFoundation.Python.3.12_3.12.2800.0_x64__qbz5n2kfra8p0\Lib\asyncio\windows_events.py", line 322, in run_forever
    super().run_forever()
  File "C:\Program Files\WindowsApps\PythonSoftwareFoundation.Python.3.12_3.12.2800.0_x64__qbz5n2kfra8p0\Lib\asyncio\base_events.py", line 645, in run_forever
    self._run_once()
  File "C:\Program Files\WindowsApps\PythonSoftwareFoundation.Python.3.12_3.12.2800.0_x64__qbz5n2kfra8p0\Lib\asyncio\base_events.py", line 1999, in _run_once
    handle._run()
  File "C:\Program Files\WindowsApps\PythonSoftwareFoundation.Python.3.12_3.12.2800.0_x64__qbz5n2kfra8p0\Lib\asyncio\events.py", line 88, in _run
    self._context.run(self._callback, *self._args)
  File "C:\Users\raghu\AppData\Local\Packages\PythonSoftwareFoundation.Python.3.12_qbz5n2kfra8p0\LocalCache\local-packages\Python312\site-packages\telethon\client\updates.py", line 574, in _dispatch_update
    await callback(event)
  File "C:\Code\gex_telegram\telegram_listener.py", line 2132, in handler
    call = pipeline.consensus.ingest_raw_text(chat_username, text) if is_consensus_ch else None
  File "C:\Code\gex_telegram\consensus_tracker.py", line 172, in ingest_raw_text
    log.info(
Message: 'ConsensusTracker (keyword): SPXW500 \u2192 SHORT (entry=None, 2 channels active)'
Arguments: ()
2026-03-25 13:25:07 [INFO] discord_alerts: Sent SPX_MILLION to gex_relay
2026-03-25 13:44:10 [INFO] telethon.client.updates: Got difference for channel 1220977767 updates
2026-03-25 13:50:04 [INFO] telethon.client.updates: Got difference for channel 2231281895 updates
2026-03-25 13:52:02 [INFO] telethon.client.updates: Got difference for channel 1339255863 updates
2026-03-25 14:35:05 [INFO] telethon.client.updates: Got difference for channel 2231281895 updates
2026-03-25 14:35:06 [INFO] telethon.client.updates: Got difference for channel 1604154175 updates
2026-03-25 14:50:05 [INFO] telethon.client.updates: Got difference for channel 2231281895 updates
2026-03-25 15:32:51 [INFO] telethon.client.updates: Got difference for channel 1980432061 updates
2026-03-25 15:33:36 [INFO] telethon.client.updates: Got difference for channel 1980432061 updates
2026-03-25 15:48:36 [INFO] telethon.client.updates: Got difference for channel 1980432061 updates
2026-03-25 15:59:01 [INFO] telethon.client.updates: Got difference for channel 2087725490 updates
2026-03-25 16:14:01 [INFO] telethon.client.updates: Got difference for channel 2087725490 updates
2026-03-25 16:36:32 [INFO] telegram_listener: Channel msg [SmartStrategy_Trader]: ?????? ?? ????? 200 ????? ?

????? ???? ???? ???? 
?? ?????? ????? ?????? ?? ?????
??????? ?? ?????? ?????? ????????? ??????? ?
2026-03-25 16:55:44 [INFO] telegram_listener: Channel msg [SmartStrategy_Trader]: ????? ??? ????? ???? ????? ???? ????? ?????

????? ?????? ??????? 
 ??? ????? ?????? ??? ??? 

????? ???? ???? ??? ?? ??? ???? ??? ???? ??? ???? ?????
2026-03-25 17:00:30 [INFO] telegram_listener: Raw message (719 chars): **? SPX Gamma Exposure Update (20260326)**
? 2026-03-26 03:00:30
? **Current Price: $6,591.90**

**Top 5 Call Positions (Positive Gamma):**
- Strike: `$6,700` | Gamma: `251,971,755`
- Strike: `$6,600` | Gamma: `223,018,925`
- Strike: `$6,625` | Gamma: `211,429,971`
- Strike: `$6,650` | Gamma: `181,2...
2026-03-25 17:00:30 [INFO] telegram_listener: Saved snapshot #147489: price=6591.9, gamma=-0.27Bn, session=NEXT_DAY_PREVIEW
2026-03-25 17:10:36 [INFO] telegram_listener: Raw message (719 chars): **? SPX Gamma Exposure Update (20260326)**
? 2026-03-26 03:10:36
? **Current Price: $6,591.90**

**Top 5 Call Positions (Positive Gamma):**
- Strike: `$6,700` | Gamma: `251,971,755`
- Strike: `$6,600` | Gamma: `223,018,925`
- Strike: `$6,625` | Gamma: `211,429,971`
- Strike: `$6,650` | Gamma: `181,2...
2026-03-25 17:10:36 [INFO] telegram_listener: Saved snapshot #147490: price=6591.9, gamma=-0.27Bn, session=NEXT_DAY_PREVIEW
2026-03-25 17:20:43 [INFO] telegram_listener: Raw message (719 chars): **? SPX Gamma Exposure Update (20260326)**
? 2026-03-26 03:20:43
? **Current Price: $6,591.90**

**Top 5 Call Positions (Positive Gamma):**
- Strike: `$6,600` | Gamma: `240,174,226`
- Strike: `$6,625` | Gamma: `224,374,663`
- Strike: `$6,700` | Gamma: `222,328,020`
- Strike: `$6,650` | Gamma: `185,8...
2026-03-25 17:20:43 [INFO] telegram_listener: Saved snapshot #147491: price=6591.9, gamma=-0.41Bn, session=NEXT_DAY_PREVIEW
2026-03-25 17:30:50 [INFO] telegram_listener: Raw message (719 chars): **? SPX Gamma Exposure Update (20260326)**
? 2026-03-26 03:30:50
? **Current Price: $6,591.90**

**Top 5 Call Positions (Positive Gamma):**
- Strike: `$6,700` | Gamma: `237,149,887`
- Strike: `$6,600` | Gamma: `231,596,575`
- Strike: `$6,625` | Gamma: `220,059,765`
- Strike: `$6,650` | Gamma: `185,8...
2026-03-25 17:30:50 [INFO] telegram_listener: Saved snapshot #147492: price=6591.9, gamma=-0.14Bn, session=NEXT_DAY_PREVIEW
2026-03-25 17:40:56 [INFO] telegram_listener: Raw message (719 chars): **? SPX Gamma Exposure Update (20260326)**
? 2026-03-26 03:40:56
? **Current Price: $6,591.90**

**Top 5 Call Positions (Positive Gamma):**
- Strike: `$6,600` | Gamma: `235,885,401`
- Strike: `$6,700` | Gamma: `222,328,020`
- Strike: `$6,625` | Gamma: `220,059,765`
- Strike: `$6,650` | Gamma: `185,8...
2026-03-25 17:40:56 [INFO] telegram_listener: Saved snapshot #147493: price=6591.9, gamma=-0.21Bn, session=NEXT_DAY_PREVIEW
2026-03-25 17:44:48 [INFO] telegram_listener: Channel msg [SmartStrategy_Trader]: ??? ????? ??????? 
4.00-3.50 ????? ???????
?????? ?????? ????? ??????  
????? ??? 4.80-5.00-5.50 
???? ???? ??????? ????? 
????? ???? ?????? ??????
2026-03-25 17:48:06 [INFO] telegram_listener: Channel msg [SPXW500]: #US500?? #???????!!!!
2026-03-25 17:51:04 [INFO] telegram_listener: Raw message (719 chars): **? SPX Gamma Exposure Update (20260326)**
? 2026-03-26 03:51:04
? **Current Price: $6,591.90**

**Top 5 Call Positions (Positive Gamma):**
- Strike: `$6,600` | Gamma: `244,463,052`
- Strike: `$6,625` | Gamma: `228,689,560`
- Strike: `$6,700` | Gamma: `222,328,020`
- Strike: `$6,650` | Gamma: `185,8...
2026-03-25 17:51:04 [INFO] telegram_listener: Saved snapshot #147494: price=6591.9, gamma=-0.45Bn, session=NEXT_DAY_PREVIEW
2026-03-25 18:01:14 [INFO] telegram_listener: Raw message (719 chars): **? SPX Gamma Exposure Update (20260326)**
? 2026-03-26 04:01:14
? **Current Price: $6,591.90**

**Top 5 Call Positions (Positive Gamma):**
- Strike: `$6,600` | Gamma: `261,618,354`
- Strike: `$6,625` | Gamma: `233,004,457`
- Strike: `$6,700` | Gamma: `222,328,020`
- Strike: `$6,650` | Gamma: `185,8...
2026-03-25 18:01:14 [INFO] telegram_listener: Saved snapshot #147495: price=6591.9, gamma=-0.45Bn, session=NEXT_DAY_PREVIEW
2026-03-25 18:03:22 [INFO] telegram_listener: Channel msg [SmartStrategy_Trader]: ????? ???? ???? ????? 3.80 ????
2026-03-25 18:05:41 [INFO] telethon.client.updates: Got difference for channel 1674963962 updates
2026-03-25 18:11:20 [INFO] telegram_listener: Raw message (719 chars): **? SPX Gamma Exposure Update (20260326)**
? 2026-03-26 04:11:20
? **Current Price: $6,591.90**

**Top 5 Call Positions (Positive Gamma):**
- Strike: `$6,600` | Gamma: `270,196,005`
- Strike: `$6,625` | Gamma: `237,319,355`
- Strike: `$6,700` | Gamma: `222,328,020`
- Strike: `$6,650` | Gamma: `190,3...
2026-03-25 18:11:20 [INFO] telegram_listener: Saved snapshot #147496: price=6591.9, gamma=-0.51Bn, session=NEXT_DAY_PREVIEW
2026-03-25 18:20:42 [INFO] telethon.client.updates: Got difference for channel 1674963962 updates
2026-03-25 18:21:24 [INFO] telegram_listener: Raw message (719 chars): **? SPX Gamma Exposure Update (20260326)**
? 2026-03-26 04:21:24
? **Current Price: $6,591.90**

**Top 5 Call Positions (Positive Gamma):**
- Strike: `$6,600` | Gamma: `274,484,830`
- Strike: `$6,625` | Gamma: `241,634,252`
- Strike: `$6,700` | Gamma: `222,328,020`
- Strike: `$6,650` | Gamma: `190,3...
2026-03-25 18:21:24 [INFO] telegram_listener: Saved snapshot #147497: price=6591.9, gamma=-0.47Bn, session=NEXT_DAY_PREVIEW
2026-03-25 18:31:30 [INFO] telegram_listener: Raw message (719 chars): **? SPX Gamma Exposure Update (20260326)**
? 2026-03-26 04:31:30
? **Current Price: $6,591.90**

**Top 5 Call Positions (Positive Gamma):**
- Strike: `$6,600` | Gamma: `270,196,005`
- Strike: `$6,625` | Gamma: `237,319,355`
- Strike: `$6,700` | Gamma: `222,328,020`
- Strike: `$6,650` | Gamma: `185,8...
2026-03-25 18:31:30 [INFO] telegram_listener: Saved snapshot #147498: price=6591.9, gamma=-0.44Bn, session=NEXT_DAY_PREVIEW
2026-03-25 18:41:34 [INFO] telegram_listener: Raw message (719 chars): **? SPX Gamma Exposure Update (20260326)**
? 2026-03-26 04:41:34
? **Current Price: $6,591.90**

**Top 5 Call Positions (Positive Gamma):**
- Strike: `$6,600` | Gamma: `265,907,179`
- Strike: `$6,625` | Gamma: `233,004,457`
- Strike: `$6,700` | Gamma: `222,328,020`
- Strike: `$6,650` | Gamma: `185,8...
2026-03-25 18:41:34 [INFO] telegram_listener: Saved snapshot #147499: price=6591.9, gamma=-0.47Bn, session=NEXT_DAY_PREVIEW
2026-03-25 18:51:40 [INFO] telegram_listener: Raw message (719 chars): **? SPX Gamma Exposure Update (20260326)**
? 2026-03-26 04:51:40
? **Current Price: $6,591.90**

**Top 5 Call Positions (Positive Gamma):**
- Strike: `$6,600` | Gamma: `265,907,179`
- Strike: `$6,625` | Gamma: `237,319,355`
- Strike: `$6,700` | Gamma: `222,328,020`
- Strike: `$6,650` | Gamma: `185,8...
2026-03-25 18:51:40 [INFO] telegram_listener: Saved snapshot #147500: price=6591.9, gamma=-0.45Bn, session=NEXT_DAY_PREVIEW
2026-03-25 19:01:41 [INFO] telegram_listener: Raw message (719 chars): **? SPX Gamma Exposure Update (20260326)**
? 2026-03-26 05:01:42
? **Current Price: $6,591.90**

**Top 5 Call Positions (Positive Gamma):**
- Strike: `$6,600` | Gamma: `257,329,528`
- Strike: `$6,700` | Gamma: `237,149,887`
- Strike: `$6,625` | Gamma: `233,004,457`
- Strike: `$6,650` | Gamma: `185,8...
2026-03-25 19:01:41 [INFO] telegram_listener: Saved snapshot #147501: price=6591.9, gamma=-0.40Bn, session=NEXT_DAY_PREVIEW
2026-03-25 19:11:44 [INFO] telegram_listener: Raw message (719 chars): **? SPX Gamma Exposure Update (20260326)**
? 2026-03-26 05:11:44
? **Current Price: $6,591.90**

**Top 5 Call Positions (Positive Gamma):**
- Strike: `$6,600` | Gamma: `265,907,179`
- Strike: `$6,625` | Gamma: `237,319,355`
- Strike: `$6,700` | Gamma: `222,328,020`
- Strike: `$6,650` | Gamma: `185,8...
2026-03-25 19:11:44 [INFO] telegram_listener: Saved snapshot #147502: price=6591.9, gamma=-0.45Bn, session=NEXT_DAY_PREVIEW
2026-03-25 19:20:50 [INFO] telethon.client.updates: Got difference for channel 1980432061 updates
2026-03-25 19:21:48 [INFO] telegram_listener: Raw message (719 chars): **? SPX Gamma Exposure Update (20260326)**
? 2026-03-26 05:21:48
? **Current Price: $6,591.90**

**Top 5 Call Positions (Positive Gamma):**
- Strike: `$6,600` | Gamma: `270,196,005`
- Strike: `$6,625` | Gamma: `237,319,355`
- Strike: `$6,700` | Gamma: `222,328,020`
- Strike: `$6,650` | Gamma: `185,8...
2026-03-25 19:21:48 [INFO] telegram_listener: Saved snapshot #147503: price=6591.9, gamma=-0.43Bn, session=NEXT_DAY_PREVIEW
2026-03-25 19:31:51 [INFO] telegram_listener: Raw message (719 chars): **? SPX Gamma Exposure Update (20260326)**
? 2026-03-26 05:31:51
? **Current Price: $6,591.90**

**Top 5 Call Positions (Positive Gamma):**
- Strike: `$6,600` | Gamma: `313,084,259`
- Strike: `$6,625` | Gamma: `254,578,944`
- Strike: `$6,700` | Gamma: `222,328,020`
- Strike: `$6,650` | Gamma: `190,3...
2026-03-25 19:31:51 [INFO] telegram_listener: Saved snapshot #147504: price=6591.9, gamma=-0.18Bn, session=NEXT_DAY_PREVIEW
2026-03-25 19:38:45 [INFO] telethon.client.updates: Got difference for channel 1980432061 updates
2026-03-25 19:40:45 [INFO] telethon.client.updates: Got difference for channel 1980432061 updates
2026-03-25 19:41:51 [INFO] telegram_listener: Raw message (717 chars): **? SPX Gamma Exposure Update (20260326)**
? 2026-03-26 05:41:51
? **Current Price: $6,591.90**

**Top 5 Call Positions (Positive Gamma):**
- Strike: `$6,600` | Gamma: `343,106,038`
- Strike: `$6,625` | Gamma: `263,208,739`
- Strike: `$6,700` | Gamma: `222,328,020`
- Strike: `$6,650` | Gamma: `190,3...
2026-03-25 19:41:51 [INFO] telegram_listener: Saved snapshot #147505: price=6591.9, gamma=-0.01Bn, session=NEXT_DAY_PREVIEW
2026-03-25 19:43:42 [INFO] telegram_listener: Channel msg [SmartStrategy_Trader]: ?? ????? ?????? ???????? ?

?????? ??? ????? ???? ??? ??? ???? ????? ??? ???? 
????? ??? ????? ????? ???? ??
2026-03-25 19:51:57 [INFO] telegram_listener: Raw message (719 chars): **? SPX Gamma Exposure Update (20260326)**
? 2026-03-26 05:51:57
? **Current Price: $6,591.90**

**Top 5 Call Positions (Positive Gamma):**
- Strike: `$6,600` | Gamma: `334,528,387`
- Strike: `$6,625` | Gamma: `263,208,739`
- Strike: `$6,700` | Gamma: `192,684,284`
- Strike: `$6,650` | Gamma: `190,3...
2026-03-25 19:51:57 [INFO] telegram_listener: Saved snapshot #147506: price=6591.9, gamma=-0.26Bn, session=NEXT_DAY_PREVIEW
2026-03-25 19:52:04 [INFO] telethon.client.updates: Got difference for channel 1339255863 updates
2026-03-25 20:02:03 [INFO] telegram_listener: Raw message (719 chars): **? SPX Gamma Exposure Update (20260326)**
? 2026-03-26 06:02:03
? **Current Price: $6,591.90**

**Top 5 Call Positions (Positive Gamma):**
- Strike: `$6,600` | Gamma: `338,817,212`
- Strike: `$6,625` | Gamma: `267,523,636`
- Strike: `$6,700` | Gamma: `192,684,284`
- Strike: `$6,650` | Gamma: `190,3...
2026-03-25 20:02:03 [INFO] telegram_listener: Saved snapshot #147507: price=6591.9, gamma=-0.26Bn, session=NEXT_DAY_PREVIEW
2026-03-25 20:09:41 [INFO] telethon.client.updates: Got difference for channel 1980432061 updates
2026-03-25 20:12:06 [INFO] telegram_listener: Raw message (719 chars): **? SPX Gamma Exposure Update (20260326)**
? 2026-03-26 06:12:06
? **Current Price: $6,591.90**

**Top 5 Call Positions (Positive Gamma):**
- Strike: `$6,600` | Gamma: `343,106,038`
- Strike: `$6,625` | Gamma: `267,523,636`
- Strike: `$6,700` | Gamma: `192,684,284`
- Strike: `$6,650` | Gamma: `190,3...
2026-03-25 20:12:06 [INFO] telegram_listener: Saved snapshot #147508: price=6591.9, gamma=-0.24Bn, session=NEXT_DAY_PREVIEW
2026-03-25 20:22:10 [INFO] telegram_listener: Raw message (719 chars): **? SPX Gamma Exposure Update (20260326)**
? 2026-03-26 06:22:10
? **Current Price: $6,591.90**

**Top 5 Call Positions (Positive Gamma):**
- Strike: `$6,600` | Gamma: `304,506,608`
- Strike: `$6,625` | Gamma: `254,578,944`
- Strike: `$6,700` | Gamma: `192,684,284`
- Strike: `$6,650` | Gamma: `190,3...
2026-03-25 20:22:10 [INFO] telegram_listener: Saved snapshot #147509: price=6591.9, gamma=-0.40Bn, session=NEXT_DAY_PREVIEW
2026-03-25 20:24:41 [INFO] telethon.client.updates: Got difference for channel 1980432061 updates
2026-03-25 20:27:06 [INFO] telethon.client.updates: Got difference for channel 1980432061 updates
2026-03-25 20:32:15 [INFO] telegram_listener: Raw message (719 chars): **? SPX Gamma Exposure Update (20260326)**
? 2026-03-26 06:32:16
? **Current Price: $6,591.90**

**Top 5 Call Positions (Positive Gamma):**
- Strike: `$6,600` | Gamma: `274,484,830`
- Strike: `$6,625` | Gamma: `241,634,252`
- Strike: `$6,700` | Gamma: `207,506,152`
- Strike: `$6,650` | Gamma: `190,3...
2026-03-25 20:32:16 [INFO] telegram_listener: Saved snapshot #147510: price=6591.9, gamma=-0.56Bn, session=NEXT_DAY_PREVIEW
2026-03-25 20:36:47 [INFO] telegram_listener: Channel msg [SmartStrategy_Trader]: ???? ????? ???? 3 
???? 3.50-3.00
2026-03-25 20:37:28 [INFO] telegram_listener: Channel msg [SmartStrategy_Trader]: ????? ??? ??? 4.20-4.50
2026-03-25 20:42:21 [INFO] telegram_listener: Raw message (719 chars): **? SPX Gamma Exposure Update (20260326)**
? 2026-03-26 06:42:21
? **Current Price: $6,591.90**

**Top 5 Call Positions (Positive Gamma):**
- Strike: `$6,600` | Gamma: `227,307,750`
- Strike: `$6,700` | Gamma: `222,328,020`
- Strike: `$6,625` | Gamma: `220,059,765`
- Strike: `$6,650` | Gamma: `185,8...
2026-03-25 20:42:21 [INFO] telegram_listener: Saved snapshot #147511: price=6591.9, gamma=-0.18Bn, session=NEXT_DAY_PREVIEW
2026-03-25 20:52:33 [INFO] telegram_listener: Raw message (719 chars): **? SPX Gamma Exposure Update (20260326)**
? 2026-03-26 06:52:33
? **Current Price: $6,591.90**

**Top 5 Call Positions (Positive Gamma):**
- Strike: `$6,600` | Gamma: `253,040,703`
- Strike: `$6,625` | Gamma: `233,004,457`
- Strike: `$6,700` | Gamma: `207,506,152`
- Strike: `$6,650` | Gamma: `190,3...
2026-03-25 20:52:33 [INFO] telegram_listener: Saved snapshot #147512: price=6591.9, gamma=-0.54Bn, session=NEXT_DAY_PREVIEW
2026-03-25 20:52:44 [INFO] telethon.client.updates: Got difference for channel 1770889715 updates
2026-03-25 20:54:42 [INFO] telethon.client.updates: Got difference for channel 1980432061 updates
2026-03-25 20:57:45 [INFO] telethon.client.updates: Got difference for channel 1980432061 updates
2026-03-25 21:02:44 [INFO] telegram_listener: Raw message (719 chars): **? SPX Gamma Exposure Update (20260326)**
? 2026-03-26 07:02:44
? **Current Price: $6,591.90**

**Top 5 Call Positions (Positive Gamma):**
- Strike: `$6,600` | Gamma: `257,329,528`
- Strike: `$6,625` | Gamma: `237,319,355`
- Strike: `$6,700` | Gamma: `207,506,152`
- Strike: `$6,650` | Gamma: `190,3...
2026-03-25 21:02:44 [INFO] telegram_listener: Saved snapshot #147513: price=6591.9, gamma=-0.54Bn, session=NEXT_DAY_PREVIEW
2026-03-25 21:12:59 [INFO] telegram_listener: Raw message (719 chars): **? SPX Gamma Exposure Update (20260326)**
? 2026-03-26 07:12:59
? **Current Price: $6,591.90**

**Top 5 Call Positions (Positive Gamma):**
- Strike: `$6,600` | Gamma: `257,329,528`
- Strike: `$6,625` | Gamma: `237,319,355`
- Strike: `$6,700` | Gamma: `207,506,152`
- Strike: `$6,650` | Gamma: `190,3...
2026-03-25 21:12:59 [INFO] telegram_listener: Saved snapshot #147514: price=6591.9, gamma=-0.38Bn, session=NEXT_DAY_PREVIEW
2026-03-25 21:23:02 [INFO] telegram_listener: Raw message (719 chars): **? SPX Gamma Exposure Update (20260326)**
? 2026-03-26 07:23:02
? **Current Price: $6,591.90**

**Top 5 Call Positions (Positive Gamma):**
- Strike: `$6,600` | Gamma: `274,484,830`
- Strike: `$6,625` | Gamma: `245,949,149`
- Strike: `$6,700` | Gamma: `207,506,152`
- Strike: `$6,650` | Gamma: `190,3...
2026-03-25 21:23:02 [INFO] telegram_listener: Saved snapshot #147515: price=6591.9, gamma=-0.53Bn, session=NEXT_DAY_PREVIEW
2026-03-25 21:31:46 [INFO] telethon.client.updates: Got difference for channel 1339255863 updates
2026-03-25 21:33:06 [INFO] telegram_listener: Raw message (719 chars): **? SPX Gamma Exposure Update (20260326)**
? 2026-03-26 07:33:06
? **Current Price: $6,591.90**

**Top 5 Call Positions (Positive Gamma):**
- Strike: `$6,600` | Gamma: `283,062,481`
- Strike: `$6,625` | Gamma: `250,264,047`
- Strike: `$6,700` | Gamma: `192,684,284`
- Strike: `$6,650` | Gamma: `190,3...
2026-03-25 21:33:06 [INFO] telegram_listener: Saved snapshot #147516: price=6591.9, gamma=-0.49Bn, session=NEXT_DAY_PREVIEW
2026-03-25 21:43:10 [INFO] telegram_listener: Raw message (719 chars): **? SPX Gamma Exposure Update (20260326)**
? 2026-03-26 07:43:11
? **Current Price: $6,591.90**

**Top 5 Call Positions (Positive Gamma):**
- Strike: `$6,600` | Gamma: `283,062,481`
- Strike: `$6,625` | Gamma: `250,264,047`
- Strike: `$6,700` | Gamma: `192,684,284`
- Strike: `$6,650` | Gamma: `190,3...
2026-03-25 21:43:10 [INFO] telegram_listener: Saved snapshot #147517: price=6591.9, gamma=-0.51Bn, session=NEXT_DAY_PREVIEW
2026-03-25 21:46:46 [INFO] telethon.client.updates: Got difference for channel 1339255863 updates
2026-03-25 21:53:14 [INFO] telegram_listener: Raw message (719 chars): **? SPX Gamma Exposure Update (20260326)**
? 2026-03-26 07:53:14
? **Current Price: $6,591.90**

**Top 5 Call Positions (Positive Gamma):**
- Strike: `$6,600` | Gamma: `295,928,958`
- Strike: `$6,625` | Gamma: `254,578,944`
- Strike: `$6,700` | Gamma: `192,684,284`
- Strike: `$6,650` | Gamma: `190,3...
2026-03-25 21:53:14 [INFO] telegram_listener: Saved snapshot #147518: price=6591.9, gamma=-0.48Bn, session=NEXT_DAY_PREVIEW
2026-03-25 22:55:08 [WARNING] telethon.network.connection.connection: Server closed the connection: [WinError 64] The specified network name is no longer available
2026-03-25 22:55:08 [INFO] telethon.network.mtprotosender: Connection closed while receiving data: [WinError 64] The specified network name is no longer available
2026-03-25 22:55:08 [INFO] telethon.network.mtprotosender: Closing current connection to begin reconnect...
2026-03-25 22:55:08 [INFO] telethon.network.connection.connection: <class 'ConnectionResetError'> during disconnect: [WinError 64] The specified network name is no longer available
2026-03-25 22:55:08 [INFO] telethon.network.mtprotosender: Connecting to 149.154.175.55:443/TcpFull...
2026-03-25 22:55:08 [INFO] telethon.network.mtprotosender: Connection to 149.154.175.55:443/TcpFull complete!
2026-03-25 22:55:08 [WARNING] telethon.network.mtprotostate: Server resent the older message 7621438834357972993, ignoring
2026-03-25 22:55:08 [INFO] telethon.client.updates: Got difference for channel 1938370304 updates
2026-03-26 07:06:50 [INFO] discord_alerts: Sent DATA_LAG to gex_engine
2026-03-26 07:06:50 [WARNING] telethon.network.connection.connection: Server closed the connection: [WinError 64] The specified network name is no longer available
2026-03-26 07:06:50 [INFO] telethon.network.mtprotosender: Connection closed while sending data
2026-03-26 07:06:50 [INFO] telethon.network.mtprotosender: Connection closed while receiving data: [WinError 64] The specified network name is no longer available
2026-03-26 07:06:50 [INFO] telethon.network.mtprotosender: Closing current connection to begin reconnect...
2026-03-26 07:06:50 [INFO] telethon.network.mtprotosender: Connecting to 149.154.175.55:443/TcpFull...
2026-03-26 07:06:50 [INFO] telethon.network.connection.connection: <class 'ConnectionResetError'> during disconnect: [WinError 64] The specified network name is no longer available
2026-03-26 07:06:50 [INFO] telethon.network.mtprotosender: Connection to 149.154.175.55:443/TcpFull complete!
2026-03-26 07:06:50 [WARNING] telethon.network.mtprotostate: Server resent the older message 7621565546388125697, ignoring
2026-03-26 07:06:51 [INFO] telethon.client.updates: Got difference for channel 1609848093 updates
2026-03-26 07:06:51 [INFO] telegram_listener: Channel msg [SmartStrategy_Trader]: ??? ?????? ??? ?????? ?? 
??? ??????? ?
????? ??? ???? ???? ????? 
??? ? ??? ?????? ?? ???? ???? ???? ??????? ???? ???? ?
2026-03-26 07:06:51 [INFO] consensus_tracker: ConsensusTracker: daily reset
--- Logging error ---
Traceback (most recent call last):
  File "C:\Program Files\WindowsApps\PythonSoftwareFoundation.Python.3.12_3.12.2800.0_x64__qbz5n2kfra8p0\Lib\logging\__init__.py", line 1163, in emit
    stream.write(msg + self.terminator)
  File "C:\Program Files\WindowsApps\PythonSoftwareFoundation.Python.3.12_3.12.2800.0_x64__qbz5n2kfra8p0\Lib\encodings\cp1252.py", line 19, in encode
    return codecs.charmap_encode(input,self.errors,encoding_table)[0]
           ^^^^^^^^^^^^^^^^^^^^^^^^^^^^^^^^^^^^^^^^^^^^^^^^^^^^^^^
UnicodeEncodeError: 'charmap' codec can't encode character '\u2192' in position 95: character maps to <undefined>
Call stack:
  File "C:\Code\gex_telegram\main.py", line 92, in <module>
    main()
  File "C:\Code\gex_telegram\main.py", line 80, in main
    asyncio.run(start_listener())
  File "C:\Program Files\WindowsApps\PythonSoftwareFoundation.Python.3.12_3.12.2800.0_x64__qbz5n2kfra8p0\Lib\asyncio\runners.py", line 195, in run
    return runner.run(main)
  File "C:\Program Files\WindowsApps\PythonSoftwareFoundation.Python.3.12_3.12.2800.0_x64__qbz5n2kfra8p0\Lib\asyncio\runners.py", line 118, in run
    return self._loop.run_until_complete(task)
  File "C:\Program Files\WindowsApps\PythonSoftwareFoundation.Python.3.12_3.12.2800.0_x64__qbz5n2kfra8p0\Lib\asyncio\base_events.py", line 678, in run_until_complete
    self.run_forever()
  File "C:\Program Files\WindowsApps\PythonSoftwareFoundation.Python.3.12_3.12.2800.0_x64__qbz5n2kfra8p0\Lib\asyncio\windows_events.py", line 322, in run_forever
    super().run_forever()
  File "C:\Program Files\WindowsApps\PythonSoftwareFoundation.Python.3.12_3.12.2800.0_x64__qbz5n2kfra8p0\Lib\asyncio\base_events.py", line 645, in run_forever
    self._run_once()
  File "C:\Program Files\WindowsApps\PythonSoftwareFoundation.Python.3.12_3.12.2800.0_x64__qbz5n2kfra8p0\Lib\asyncio\base_events.py", line 1999, in _run_once
    handle._run()
  File "C:\Program Files\WindowsApps\PythonSoftwareFoundation.Python.3.12_3.12.2800.0_x64__qbz5n2kfra8p0\Lib\asyncio\events.py", line 88, in _run
    self._context.run(self._callback, *self._args)
  File "C:\Users\raghu\AppData\Local\Packages\PythonSoftwareFoundation.Python.3.12_qbz5n2kfra8p0\LocalCache\local-packages\Python312\site-packages\telethon\client\updates.py", line 574, in _dispatch_update
    await callback(event)
  File "C:\Code\gex_telegram\telegram_listener.py", line 2132, in handler
    call = pipeline.consensus.ingest_raw_text(chat_username, text) if is_consensus_ch else None
  File "C:\Code\gex_telegram\consensus_tracker.py", line 172, in ingest_raw_text
    log.info(
Message: 'ConsensusTracker (keyword): SmartStrategy_Trader \u2192 LONG (entry=None, 1 channels active)'
Arguments: ()
C:\Users\raghu\AppData\Local\Packages\PythonSoftwareFoundation.Python.3.12_qbz5n2kfra8p0\LocalCache\local-packages\Python312\site-packages\yfinance\scrapers\quote.py:146: Pandas4Warning: Timestamp.utcnow is deprecated and will be removed in a future version. Use Timestamp.now('UTC') instead.
  dnow = pd.Timestamp.utcnow().tz_convert(self.timezone).date()
2026-03-26 07:06:52 [INFO] discord_alerts: Sent SPX_MILLION to gex_relay
2026-03-26 07:06:52 [INFO] telegram_listener: Channel msg [SmartStrategy_Trader]: ????? ?????? ????? ????? ?
2026-03-26 07:06:52 [INFO] telegram_listener: Channel msg [SmartStrategy_Trader]: ???? ????? ?????? ????????? 
???? ???? ???? ???? ???????? ??
2026-03-26 07:06:52 [INFO] telegram_listener: Channel msg [SmartStrategy_Trader]: ??????? ??? ?
2026-03-26 07:06:52 [INFO] telegram_listener: Channel msg [SmartStrategy_Trader]: https://x.com/optiontrader444/status/2037069898443084219?s=46&t=8Q5XPr36ILQ2Op51MLql8g

????? ??? ???? ? ??
2026-03-26 07:06:52 [INFO] telegram_listener: Channel msg [SmartStrategy_Trader]: ?????? ??????? ??? ? 
?????? ???? ??????? ??????
???? ????? ???? 6537 ?? ??? ??
2026-03-26 07:06:52 [INFO] telethon.client.updates: Got difference for channel 2254279458 updates
2026-03-26 07:06:52 [INFO] telethon.client.updates: Got difference for channel 1965163048 updates
2026-03-26 07:06:52 [INFO] telethon.client.updates: Got difference for channel 1339255863 updates
2026-03-26 07:06:53 [INFO] telethon.client.updates: Got difference for channel 2066068796 updates
2026-03-26 07:06:53 [INFO] telethon.client.updates: Got difference for channel 1811965756 updates
2026-03-26 07:06:53 [INFO] telethon.client.updates: Got difference for channel 1604154175 updates
2026-03-26 07:06:53 [INFO] telethon.client.updates: Got difference for channel 1308717888 updates
2026-03-26 07:06:53 [INFO] telethon.client.updates: Got difference for channel 1527121992 updates
2026-03-26 07:06:55 [INFO] telethon.client.updates: Got difference for channel 1380183936 updates
2026-03-26 07:06:55 [INFO] telethon.client.updates: Got difference for channel 1730367364 updates
2026-03-26 07:06:55 [INFO] telethon.client.updates: Got difference for channel 1743827601 updates
2026-03-26 07:06:55 [INFO] telethon.client.updates: Got difference for channel 1897923732 updates
2026-03-26 07:06:56 [INFO] telethon.client.updates: Got difference for channel 1469761190 updates
2026-03-26 07:06:56 [INFO] telethon.client.updates: Got difference for channel 1674492582 updates
2026-03-26 07:06:57 [INFO] telethon.client.updates: Got difference for channel 2034126768 updates
2026-03-26 07:06:57 [INFO] telethon.client.updates: Got difference for channel 2087725490 updates
2026-03-26 07:06:57 [INFO] telethon.client.updates: Got difference for channel 1980432061 updates
2026-03-26 07:06:57 [INFO] telethon.client.updates: Got difference for channel 2152311742 updates
2026-03-26 07:06:58 [INFO] telethon.client.updates: Got difference for channel 2231281895 updates
2026-03-26 07:06:58 [INFO] telegram_listener: Channel msg [ipospx]: **???????? ?????? ?????? 
???? ?????? ?????????? 

??????? ???????? 

?????** **?? -?-????
**
??
2026-03-26 07:06:58 [INFO] telegram_listener: Channel msg [ipospx]: ?**??????**
**6466 **?** 6504 **?** 6530**

?**?????????**
**6655 **? **6607** ? **6572**


?**????? ?????**
?**????? ???? 6572 ?????? ??? ????? 6600 
2026-03-26 07:06:58 [INFO] telegram_listener: Channel msg [ipospx]: ????? : ??????? ???? 6542 

???????? ??????? ????? 

??
--- Logging error ---
Traceback (most recent call last):
  File "C:\Program Files\WindowsApps\PythonSoftwareFoundation.Python.3.12_3.12.2800.0_x64__qbz5n2kfra8p0\Lib\logging\__init__.py", line 1163, in emit
    stream.write(msg + self.terminator)
  File "C:\Program Files\WindowsApps\PythonSoftwareFoundation.Python.3.12_3.12.2800.0_x64__qbz5n2kfra8p0\Lib\encodings\cp1252.py", line 19, in encode
    return codecs.charmap_encode(input,self.errors,encoding_table)[0]
           ^^^^^^^^^^^^^^^^^^^^^^^^^^^^^^^^^^^^^^^^^^^^^^^^^^^^^^^
UnicodeEncodeError: 'charmap' codec can't encode character '\u2192' in position 81: character maps to <undefined>
Call stack:
  File "C:\Code\gex_telegram\main.py", line 92, in <module>
    main()
  File "C:\Code\gex_telegram\main.py", line 80, in main
    asyncio.run(start_listener())
  File "C:\Program Files\WindowsApps\PythonSoftwareFoundation.Python.3.12_3.12.2800.0_x64__qbz5n2kfra8p0\Lib\asyncio\runners.py", line 195, in run
    return runner.run(main)
  File "C:\Program Files\WindowsApps\PythonSoftwareFoundation.Python.3.12_3.12.2800.0_x64__qbz5n2kfra8p0\Lib\asyncio\runners.py", line 118, in run
    return self._loop.run_until_complete(task)
  File "C:\Program Files\WindowsApps\PythonSoftwareFoundation.Python.3.12_3.12.2800.0_x64__qbz5n2kfra8p0\Lib\asyncio\base_events.py", line 678, in run_until_complete
    self.run_forever()
  File "C:\Program Files\WindowsApps\PythonSoftwareFoundation.Python.3.12_3.12.2800.0_x64__qbz5n2kfra8p0\Lib\asyncio\windows_events.py", line 322, in run_forever
    super().run_forever()
  File "C:\Program Files\WindowsApps\PythonSoftwareFoundation.Python.3.12_3.12.2800.0_x64__qbz5n2kfra8p0\Lib\asyncio\base_events.py", line 645, in run_forever
    self._run_once()
  File "C:\Program Files\WindowsApps\PythonSoftwareFoundation.Python.3.12_3.12.2800.0_x64__qbz5n2kfra8p0\Lib\asyncio\base_events.py", line 1999, in _run_once
    handle._run()
  File "C:\Program Files\WindowsApps\PythonSoftwareFoundation.Python.3.12_3.12.2800.0_x64__qbz5n2kfra8p0\Lib\asyncio\events.py", line 88, in _run
    self._context.run(self._callback, *self._args)
  File "C:\Users\raghu\AppData\Local\Packages\PythonSoftwareFoundation.Python.3.12_qbz5n2kfra8p0\LocalCache\local-packages\Python312\site-packages\telethon\client\updates.py", line 574, in _dispatch_update
    await callback(event)
  File "C:\Code\gex_telegram\telegram_listener.py", line 2132, in handler
    call = pipeline.consensus.ingest_raw_text(chat_username, text) if is_consensus_ch else None
  File "C:\Code\gex_telegram\consensus_tracker.py", line 172, in ingest_raw_text
    log.info(
Message: 'ConsensusTracker (keyword): ipospx \u2192 LONG (entry=6542.0, 2 channels active)'
Arguments: ()
2026-03-26 07:06:58 [INFO] discord_alerts: Sent SPX_MILLION to gex_relay
2026-03-26 07:06:58 [INFO] telegram_listener: Channel msg [ipospx]: ????? ????? ?? ?????? 

???????? ?????? 

??
2026-03-26 07:06:58 [INFO] telegram_listener: Channel msg [ipospx]: ??????? ??? 

????????? ???? 6542 

???? ??????? ?? ?? ????? ?????? 

??????? ????? ???? 6535 

???? ??
2026-03-26 07:06:58 [INFO] telegram_listener: Channel msg [ipospx]: ???????? ??????? 6572 
?????? ???? ????? ?????? ????? ?????? ???? 

???????? ??????? ????? ??? 

?
--- Logging error ---
Traceback (most recent call last):
  File "C:\Program Files\WindowsApps\PythonSoftwareFoundation.Python.3.12_3.12.2800.0_x64__qbz5n2kfra8p0\Lib\logging\__init__.py", line 1163, in emit
    stream.write(msg + self.terminator)
  File "C:\Program Files\WindowsApps\PythonSoftwareFoundation.Python.3.12_3.12.2800.0_x64__qbz5n2kfra8p0\Lib\encodings\cp1252.py", line 19, in encode
    return codecs.charmap_encode(input,self.errors,encoding_table)[0]
           ^^^^^^^^^^^^^^^^^^^^^^^^^^^^^^^^^^^^^^^^^^^^^^^^^^^^^^^
UnicodeEncodeError: 'charmap' codec can't encode character '\u2192' in position 81: character maps to <undefined>
Call stack:
  File "C:\Code\gex_telegram\main.py", line 92, in <module>
    main()
  File "C:\Code\gex_telegram\main.py", line 80, in main
    asyncio.run(start_listener())
  File "C:\Program Files\WindowsApps\PythonSoftwareFoundation.Python.3.12_3.12.2800.0_x64__qbz5n2kfra8p0\Lib\asyncio\runners.py", line 195, in run
    return runner.run(main)
  File "C:\Program Files\WindowsApps\PythonSoftwareFoundation.Python.3.12_3.12.2800.0_x64__qbz5n2kfra8p0\Lib\asyncio\runners.py", line 118, in run
    return self._loop.run_until_complete(task)
  File "C:\Program Files\WindowsApps\PythonSoftwareFoundation.Python.3.12_3.12.2800.0_x64__qbz5n2kfra8p0\Lib\asyncio\base_events.py", line 678, in run_until_complete
    self.run_forever()
  File "C:\Program Files\WindowsApps\PythonSoftwareFoundation.Python.3.12_3.12.2800.0_x64__qbz5n2kfra8p0\Lib\asyncio\windows_events.py", line 322, in run_forever
    super().run_forever()
  File "C:\Program Files\WindowsApps\PythonSoftwareFoundation.Python.3.12_3.12.2800.0_x64__qbz5n2kfra8p0\Lib\asyncio\base_events.py", line 645, in run_forever
    self._run_once()
  File "C:\Program Files\WindowsApps\PythonSoftwareFoundation.Python.3.12_3.12.2800.0_x64__qbz5n2kfra8p0\Lib\asyncio\base_events.py", line 1999, in _run_once
    handle._run()
  File "C:\Program Files\WindowsApps\PythonSoftwareFoundation.Python.3.12_3.12.2800.0_x64__qbz5n2kfra8p0\Lib\asyncio\events.py", line 88, in _run
    self._context.run(self._callback, *self._args)
  File "C:\Users\raghu\AppData\Local\Packages\PythonSoftwareFoundation.Python.3.12_qbz5n2kfra8p0\LocalCache\local-packages\Python312\site-packages\telethon\client\updates.py", line 574, in _dispatch_update
    await callback(event)
  File "C:\Code\gex_telegram\telegram_listener.py", line 2132, in handler
    call = pipeline.consensus.ingest_raw_text(chat_username, text) if is_consensus_ch else None
  File "C:\Code\gex_telegram\consensus_tracker.py", line 172, in ingest_raw_text
    log.info(
Message: 'ConsensusTracker (keyword): ipospx \u2192 LONG (entry=6572.0, 2 channels active)'
Arguments: ()
2026-03-26 07:06:59 [INFO] discord_alerts: Sent SPX_MILLION to gex_relay
2026-03-26 07:06:59 [INFO] telegram_listener: Channel msg [ipospx]: ???????? ??? ?? ?????? ?????? 

?? ?? ?????? ??????? ??
2026-03-26 07:06:59 [INFO] telegram_listener: Channel msg [ipospx]: ???? ????? ??
2026-03-26 07:06:59 [INFO] telethon.client.updates: Got difference for channel 2116662251 updates
2026-03-26 07:06:59 [INFO] telegram_listener: Channel msg [controlOptionalspx]: ???? ?????? ??? ?????? ????? 10 ????? ???
2026-03-26 07:06:59 [INFO] telethon.client.updates: Got difference for channel 1586496491 updates
2026-03-26 07:06:59 [INFO] telethon.client.updates: Got difference for channel 1963291887 updates
2026-03-26 07:06:59 [INFO] telethon.client.updates: Got difference for channel 1341491697 updates
2026-03-26 07:07:00 [INFO] telethon.client.updates: Got difference for channel 1674963962 updates
2026-03-26 07:07:00 [INFO] telethon.client.updates: Got difference for channel 1781898239 updates
2026-03-26 07:07:00 [INFO] telethon.client.updates: Got difference for account updates
2026-03-26 07:07:29 [INFO] telegram_listener: Raw message (722 chars): **? SPX Gamma Exposure Update (20260326)**
? 2026-03-26 17:07:29
? **Current Price: $6,570.15**

**Top 5 Call Positions (Positive Gamma):**
- Strike: `$6,600` | Gamma: `892,932,627`
- Strike: `$6,650` | Gamma: `385,022,589`
- Strike: `$6,625` | Gamma: `381,957,742`
- Strike: `$6,590` | Gamma: `317,6...
2026-03-26 07:07:29 [INFO] telegram_listener: Saved snapshot #147519: price=6570.15, gamma=-4.78Bn, session=RTH
2026-03-26 07:07:29 [INFO] discord_alerts: Sent DATA_RESTORED to gex_engine
2026-03-26 07:09:00 [INFO] telegram_listener: Raw message (722 chars): **? SPX Gamma Exposure Update (20260326)**
? 2026-03-26 17:09:01
? **Current Price: $6,563.78**

**Top 5 Call Positions (Positive Gamma):**
- Strike: `$6,600` | Gamma: `799,460,622`
- Strike: `$6,625` | Gamma: `320,569,225`
- Strike: `$6,650` | Gamma: `317,445,692`
- Strike: `$6,590` | Gamma: `295,8...
2026-03-26 07:09:00 [INFO] telegram_listener: Saved snapshot #147520: price=6563.78, gamma=-5.80Bn, session=RTH
2026-03-26 07:10:29 [INFO] telegram_listener: Raw message (722 chars): **? SPX Gamma Exposure Update (20260326)**
? 2026-03-26 17:10:30
? **Current Price: $6,563.81**

**Top 5 Call Positions (Positive Gamma):**
- Strike: `$6,600` | Gamma: `812,573,962`
- Strike: `$6,625` | Gamma: `329,236,268`
- Strike: `$6,650` | Gamma: `317,448,594`
- Strike: `$6,590` | Gamma: `295,8...
2026-03-26 07:10:29 [INFO] telegram_listener: Saved snapshot #147521: price=6563.81, gamma=-5.23Bn, session=RTH
2026-03-26 07:11:59 [INFO] telegram_listener: Raw message (722 chars): **? SPX Gamma Exposure Update (20260326)**
? 2026-03-26 17:11:59
? **Current Price: $6,559.13**

**Top 5 Call Positions (Positive Gamma):**
- Strike: `$6,600` | Gamma: `759,066,247`
- Strike: `$6,625` | Gamma: `285,508,135`
- Strike: `$6,590` | Gamma: `282,771,924`
- Strike: `$6,650` | Gamma: `266,9...
2026-03-26 07:11:59 [INFO] telegram_listener: Saved snapshot #147522: price=6559.13, gamma=-6.16Bn, session=RTH
2026-03-26 07:13:31 [INFO] telegram_listener: Raw message (722 chars): **? SPX Gamma Exposure Update (20260326)**
? 2026-03-26 17:13:31
? **Current Price: $6,563.57**

**Top 5 Call Positions (Positive Gamma):**
- Strike: `$6,600` | Gamma: `812,514,541`
- Strike: `$6,625` | Gamma: `311,885,234`
- Strike: `$6,590` | Gamma: `304,285,843`
- Strike: `$6,650` | Gamma: `300,7...
2026-03-26 07:13:31 [INFO] telegram_listener: Saved snapshot #147523: price=6563.57, gamma=-5.90Bn, session=RTH
2026-03-26 07:15:00 [INFO] telegram_listener: Raw message (722 chars): **? SPX Gamma Exposure Update (20260326)**
? 2026-03-26 17:15:01
? **Current Price: $6,569.41**

**Top 5 Call Positions (Positive Gamma):**
- Strike: `$6,600` | Gamma: `905,859,900`
- Strike: `$6,625` | Gamma: `364,513,901`
- Strike: `$6,650` | Gamma: `351,463,180`
- Strike: `$6,590` | Gamma: `321,7...
2026-03-26 07:15:00 [INFO] telegram_listener: Saved snapshot #147524: price=6569.41, gamma=-4.82Bn, session=RTH
2026-03-26 07:16:30 [INFO] telegram_listener: Raw message (722 chars): **? SPX Gamma Exposure Update (20260326)**
? 2026-03-26 17:16:30
? **Current Price: $6,572.14**

**Top 5 Call Positions (Positive Gamma):**
- Strike: `$6,600` | Gamma: `932,891,575`
- Strike: `$6,625` | Gamma: `390,875,272`
- Strike: `$6,650` | Gamma: `385,255,860`
- Strike: `$6,590` | Gamma: `334,7...
2026-03-26 07:16:30 [INFO] telegram_listener: Saved snapshot #147525: price=6572.14, gamma=-4.58Bn, session=RTH
2026-03-26 07:17:59 [INFO] telegram_listener: Raw message (722 chars): **? SPX Gamma Exposure Update (20260326)**
? 2026-03-26 17:17:59
? **Current Price: $6,570.96**

**Top 5 Call Positions (Positive Gamma):**
- Strike: `$6,600` | Gamma: `932,556,611`
- Strike: `$6,625` | Gamma: `382,051,927`
- Strike: `$6,650` | Gamma: `368,373,290`
- Strike: `$6,590` | Gamma: `334,6...
2026-03-26 07:17:59 [INFO] telegram_listener: Saved snapshot #147526: price=6570.96, gamma=-4.83Bn, session=RTH
2026-03-26 07:19:31 [INFO] telegram_listener: Raw message (722 chars): **? SPX Gamma Exposure Update (20260326)**
? 2026-03-26 17:19:31
? **Current Price: $6,567.46**

**Top 5 Call Positions (Positive Gamma):**
- Strike: `$6,600` | Gamma: `892,201,595`
- Strike: `$6,625` | Gamma: `346,950,034`
- Strike: `$6,590` | Gamma: `325,802,645`
- Strike: `$6,650` | Gamma: `317,8...
2026-03-26 07:19:31 [INFO] telegram_listener: Saved snapshot #147527: price=6567.46, gamma=-5.39Bn, session=RTH
2026-03-26 07:21:00 [INFO] telegram_listener: Raw message (722 chars): **? SPX Gamma Exposure Update (20260326)**
? 2026-03-26 17:21:00
? **Current Price: $6,567.45**

**Top 5 Call Positions (Positive Gamma):**
- Strike: `$6,600` | Gamma: `892,198,878`
- Strike: `$6,625` | Gamma: `346,948,978`
- Strike: `$6,590` | Gamma: `325,801,652`
- Strike: `$6,650` | Gamma: `317,8...
2026-03-26 07:21:00 [INFO] telegram_listener: Saved snapshot #147528: price=6567.45, gamma=-5.26Bn, session=RTH
2026-03-26 07:22:29 [INFO] telegram_listener: Raw message (722 chars): **? SPX Gamma Exposure Update (20260326)**
? 2026-03-26 17:22:29
? **Current Price: $6,567.72**

**Top 5 Call Positions (Positive Gamma):**
- Strike: `$6,600` | Gamma: `892,272,239`
- Strike: `$6,625` | Gamma: `346,977,506`
- Strike: `$6,650` | Gamma: `334,554,641`
- Strike: `$6,590` | Gamma: `325,8...
2026-03-26 07:22:29 [INFO] telegram_listener: Saved snapshot #147529: price=6567.72, gamma=-5.37Bn, session=RTH
2026-03-26 07:24:01 [INFO] telegram_listener: Raw message (722 chars): **? SPX Gamma Exposure Update (20260326)**
? 2026-03-26 17:24:01
? **Current Price: $6,570.17**

**Top 5 Call Positions (Positive Gamma):**
- Strike: `$6,600` | Gamma: `932,332,390`
- Strike: `$6,625` | Gamma: `373,279,156`
- Strike: `$6,650` | Gamma: `351,544,504`
- Strike: `$6,590` | Gamma: `334,5...
2026-03-26 07:24:01 [INFO] telegram_listener: Saved snapshot #147530: price=6570.17, gamma=-4.86Bn, session=RTH
2026-03-26 07:25:30 [INFO] telegram_listener: Raw message (722 chars): **? SPX Gamma Exposure Update (20260326)**
? 2026-03-26 17:25:30
? **Current Price: $6,567.99**

**Top 5 Call Positions (Positive Gamma):**
- Strike: `$6,600` | Gamma: `905,468,333`
- Strike: `$6,625` | Gamma: `347,006,035`
- Strike: `$6,650` | Gamma: `334,582,149`
- Strike: `$6,590` | Gamma: `330,0...
2026-03-26 07:25:30 [INFO] telegram_listener: Saved snapshot #147531: price=6567.99, gamma=-5.28Bn, session=RTH
2026-03-26 07:27:00 [INFO] telegram_listener: Raw message (722 chars): **? SPX Gamma Exposure Update (20260326)**
? 2026-03-26 17:27:00
? **Current Price: $6,568.94**

**Top 5 Call Positions (Positive Gamma):**
- Strike: `$6,600` | Gamma: `931,983,339`
- Strike: `$6,625` | Gamma: `355,784,085`
- Strike: `$6,590` | Gamma: `342,881,944`
- Strike: `$6,650` | Gamma: `317,9...
2026-03-26 07:27:00 [INFO] telegram_listener: Saved snapshot #147532: price=6568.94, gamma=-5.20Bn, session=RTH
--- Logging error ---
Traceback (most recent call last):
  File "C:\Program Files\WindowsApps\PythonSoftwareFoundation.Python.3.12_3.12.2800.0_x64__qbz5n2kfra8p0\Lib\logging\__init__.py", line 1163, in emit
    stream.write(msg + self.terminator)
  File "C:\Program Files\WindowsApps\PythonSoftwareFoundation.Python.3.12_3.12.2800.0_x64__qbz5n2kfra8p0\Lib\encodings\cp1252.py", line 19, in encode
    return codecs.charmap_encode(input,self.errors,encoding_table)[0]
           ^^^^^^^^^^^^^^^^^^^^^^^^^^^^^^^^^^^^^^^^^^^^^^^^^^^^^^^
UnicodeEncodeError: 'charmap' codec can't encode characters in position 67-68: character maps to <undefined>
Call stack:
  File "C:\Code\gex_telegram\main.py", line 92, in <module>
    main()
  File "C:\Code\gex_telegram\main.py", line 80, in main
    asyncio.run(start_listener())
  File "C:\Program Files\WindowsApps\PythonSoftwareFoundation.Python.3.12_3.12.2800.0_x64__qbz5n2kfra8p0\Lib\asyncio\runners.py", line 195, in run
    return runner.run(main)
  File "C:\Program Files\WindowsApps\PythonSoftwareFoundation.Python.3.12_3.12.2800.0_x64__qbz5n2kfra8p0\Lib\asyncio\runners.py", line 118, in run
    return self._loop.run_until_complete(task)
  File "C:\Program Files\WindowsApps\PythonSoftwareFoundation.Python.3.12_3.12.2800.0_x64__qbz5n2kfra8p0\Lib\asyncio\base_events.py", line 678, in run_until_complete
    self.run_forever()
  File "C:\Program Files\WindowsApps\PythonSoftwareFoundation.Python.3.12_3.12.2800.0_x64__qbz5n2kfra8p0\Lib\asyncio\windows_events.py", line 322, in run_forever
    super().run_forever()
  File "C:\Program Files\WindowsApps\PythonSoftwareFoundation.Python.3.12_3.12.2800.0_x64__qbz5n2kfra8p0\Lib\asyncio\base_events.py", line 645, in run_forever
    self._run_once()
  File "C:\Program Files\WindowsApps\PythonSoftwareFoundation.Python.3.12_3.12.2800.0_x64__qbz5n2kfra8p0\Lib\asyncio\base_events.py", line 1999, in _run_once
    handle._run()
  File "C:\Program Files\WindowsApps\PythonSoftwareFoundation.Python.3.12_3.12.2800.0_x64__qbz5n2kfra8p0\Lib\asyncio\events.py", line 88, in _run
    self._context.run(self._callback, *self._args)
  File "C:\Code\gex_telegram\telegram_listener.py", line 1939, in data_feed_watchdog
    pipeline.watchdog.check_signal_flow()
  File "C:\Code\gex_telegram\delivery_watchdog.py", line 226, in check_signal_flow
    log.warning(f"DeliveryWatchdog: {msg}")
Message: 'DeliveryWatchdog: \u26a0\ufe0f ENGINE IDLE: No signals delivered in 20+ minutes\nCheck data feed, Telegram listener, or GEX engine health.\nTime: 07:27 AM PT'
Arguments: ()
2026-03-26 07:27:51 [INFO] discord_alerts: Sent DATA_RESTORED to gex_engine
2026-03-26 07:28:29 [INFO] telegram_listener: Raw message (722 chars): **? SPX Gamma Exposure Update (20260326)**
? 2026-03-26 17:28:29
? **Current Price: $6,565.44**

**Top 5 Call Positions (Positive Gamma):**
- Strike: `$6,600` | Gamma: `865,427,754`
- Strike: `$6,625` | Gamma: `329,399,807`
- Strike: `$6,590` | Gamma: `321,373,656`
- Strike: `$6,650` | Gamma: `300,8...
2026-03-26 07:28:29 [INFO] telegram_listener: Saved snapshot #147533: price=6565.44, gamma=-5.59Bn, session=RTH
2026-03-26 07:30:02 [INFO] telegram_listener: Raw message (722 chars): **? SPX Gamma Exposure Update (20260326)**
? 2026-03-26 17:30:02
? **Current Price: $6,562.23**

**Top 5 Call Positions (Positive Gamma):**
- Strike: `$6,600` | Gamma: `812,182,813`
- Strike: `$6,590` | Gamma: `312,610,545`
- Strike: `$6,625` | Gamma: `294,438,017`
- Strike: `$6,650` | Gamma: `267,1...
2026-03-26 07:30:02 [INFO] telegram_listener: Saved snapshot #147534: price=6562.23, gamma=-6.13Bn, session=RTH
2026-03-26 07:31:32 [INFO] telegram_listener: Raw message (722 chars): **? SPX Gamma Exposure Update (20260326)**
? 2026-03-26 17:31:32
? **Current Price: $6,568.80**

**Top 5 Call Positions (Positive Gamma):**
- Strike: `$6,600` | Gamma: `931,943,614`
- Strike: `$6,625` | Gamma: `347,091,629`
- Strike: `$6,590` | Gamma: `342,867,329`
- Strike: `$6,650` | Gamma: `317,9...
2026-03-26 07:31:32 [INFO] telegram_listener: Saved snapshot #147535: price=6568.8, gamma=-5.07Bn, session=RTH
2026-03-26 07:33:00 [INFO] telegram_listener: Raw message (722 chars): **? SPX Gamma Exposure Update (20260326)**
? 2026-03-26 17:33:00
? **Current Price: $6,568.47**

**Top 5 Call Positions (Positive Gamma):**
- Strike: `$6,600` | Gamma: `931,849,979`
- Strike: `$6,590` | Gamma: `347,065,385`
- Strike: `$6,625` | Gamma: `338,380,337`
- Strike: `$6,650` | Gamma: `301,1...
2026-03-26 07:33:00 [INFO] telegram_listener: Saved snapshot #147536: price=6568.47, gamma=-5.34Bn, session=RTH
2026-03-26 07:34:33 [INFO] telegram_listener: Raw message (722 chars): **? SPX Gamma Exposure Update (20260326)**
? 2026-03-26 17:34:33
? **Current Price: $6,567.35**

**Top 5 Call Positions (Positive Gamma):**
- Strike: `$6,600` | Gamma: `918,412,052`
- Strike: `$6,590` | Gamma: `342,715,977`
- Strike: `$6,625` | Gamma: `329,591,491`
- Strike: `$6,650` | Gamma: `301,0...
2026-03-26 07:34:33 [INFO] telegram_listener: Saved snapshot #147537: price=6567.35, gamma=-5.39Bn, session=RTH
2026-03-26 07:36:02 [INFO] telegram_listener: Raw message (722 chars): **? SPX Gamma Exposure Update (20260326)**
? 2026-03-26 17:36:02
? **Current Price: $6,565.91**

**Top 5 Call Positions (Positive Gamma):**
- Strike: `$6,600` | Gamma: `891,780,504`
- Strike: `$6,590` | Gamma: `338,336,495`
- Strike: `$6,625` | Gamma: `312,107,656`
- Strike: `$6,650` | Gamma: `284,2...
2026-03-26 07:36:02 [INFO] telegram_listener: Saved snapshot #147538: price=6565.91, gamma=-5.75Bn, session=RTH
2026-03-26 07:37:30 [INFO] telegram_listener: Raw message (722 chars): **? SPX Gamma Exposure Update (20260326)**
? 2026-03-26 17:37:31
? **Current Price: $6,563.68**

**Top 5 Call Positions (Positive Gamma):**
- Strike: `$6,600` | Gamma: `851,858,313`
- Strike: `$6,590` | Gamma: `321,201,377`
- Strike: `$6,625` | Gamma: `294,568,150`
- Strike: `$6,595` | Gamma: `261,5...
2026-03-26 07:37:30 [INFO] telegram_listener: Saved snapshot #147539: price=6563.68, gamma=-5.98Bn, session=RTH
2026-03-26 07:39:00 [INFO] telegram_listener: Raw message (722 chars): **? SPX Gamma Exposure Update (20260326)**
? 2026-03-26 17:39:00
? **Current Price: $6,561.67**

**Top 5 Call Positions (Positive Gamma):**
- Strike: `$6,600` | Gamma: `812,044,201`
- Strike: `$6,590` | Gamma: `312,557,192`
- Strike: `$6,625` | Gamma: `285,729,302`
- Strike: `$6,650` | Gamma: `250,4...
2026-03-26 07:39:00 [INFO] telegram_listener: Saved snapshot #147540: price=6561.67, gamma=-6.18Bn, session=RTH
2026-03-26 07:40:32 [INFO] telegram_listener: Raw message (722 chars): **? SPX Gamma Exposure Update (20260326)**
? 2026-03-26 17:40:32
? **Current Price: $6,569.33**

**Top 5 Call Positions (Positive Gamma):**
- Strike: `$6,600` | Gamma: `932,094,007`
- Strike: `$6,625` | Gamma: `355,826,332`
- Strike: `$6,590` | Gamma: `342,922,660`
- Strike: `$6,650` | Gamma: `334,7...
2026-03-26 07:40:32 [INFO] telegram_listener: Saved snapshot #147541: price=6569.33, gamma=-5.09Bn, session=RTH
2026-03-26 07:42:02 [INFO] telegram_listener: Raw message (722 chars): **? SPX Gamma Exposure Update (20260326)**
? 2026-03-26 17:42:02
? **Current Price: $6,561.78**

**Top 5 Call Positions (Positive Gamma):**
- Strike: `$6,600` | Gamma: `812,071,427`
- Strike: `$6,590` | Gamma: `304,119,897`
- Strike: `$6,625` | Gamma: `294,397,636`
- Strike: `$6,650` | Gamma: `283,8...
2026-03-26 07:42:02 [INFO] telegram_listener: Saved snapshot #147542: price=6561.78, gamma=-5.78Bn, session=RTH
2026-03-26 07:43:32 [INFO] telegram_listener: Raw message (722 chars): **? SPX Gamma Exposure Update (20260326)**
? 2026-03-26 17:43:32
? **Current Price: $6,554.88**

**Top 5 Call Positions (Positive Gamma):**
- Strike: `$6,600` | Gamma: `705,801,311`
- Strike: `$6,590` | Gamma: `278,190,589`
- Strike: `$6,625` | Gamma: `241,935,497`
- Strike: `$6,595` | Gamma: `220,4...
2026-03-26 07:43:32 [INFO] telegram_listener: Saved snapshot #147543: price=6554.88, gamma=-6.99Bn, session=RTH
2026-03-26 07:45:04 [INFO] telegram_listener: Raw message (722 chars): **? SPX Gamma Exposure Update (20260326)**
? 2026-03-26 17:45:04
? **Current Price: $6,552.36**

**Top 5 Call Positions (Positive Gamma):**
- Strike: `$6,600` | Gamma: `666,077,689`
- Strike: `$6,590` | Gamma: `265,341,425`
- Strike: `$6,625` | Gamma: `215,847,777`
- Strike: `$6,595` | Gamma: `209,2...
2026-03-26 07:45:04 [INFO] telegram_listener: Saved snapshot #147544: price=6552.36, gamma=-7.59Bn, session=RTH
2026-03-26 07:46:33 [INFO] telegram_listener: Raw message (722 chars): **? SPX Gamma Exposure Update (20260326)**
? 2026-03-26 17:46:33
? **Current Price: $6,550.39**

**Top 5 Call Positions (Positive Gamma):**
- Strike: `$6,600` | Gamma: `626,519,746`
- Strike: `$6,590` | Gamma: `252,554,187`
- Strike: `$6,625` | Gamma: `207,089,285`
- Strike: `$6,595` | Gamma: `198,1...
2026-03-26 07:46:33 [INFO] telegram_listener: Saved snapshot #147545: price=6550.39, gamma=-7.59Bn, session=RTH
2026-03-26 07:48:02 [INFO] telegram_listener: Raw message (722 chars): **? SPX Gamma Exposure Update (20260326)**
? 2026-03-26 17:48:02
? **Current Price: $6,551.98**

**Top 5 Call Positions (Positive Gamma):**
- Strike: `$6,600` | Gamma: `652,941,602`
- Strike: `$6,590` | Gamma: `265,310,650`
- Strike: `$6,625` | Gamma: `207,189,832`
- Strike: `$6,595` | Gamma: `205,5...
2026-03-26 07:48:02 [INFO] telegram_listener: Saved snapshot #147546: price=6551.98, gamma=-7.66Bn, session=RTH
2026-03-26 07:49:31 [INFO] telegram_listener: Raw message (722 chars): **? SPX Gamma Exposure Update (20260326)**
? 2026-03-26 17:49:31
? **Current Price: $6,548.28**

**Top 5 Call Positions (Positive Gamma):**
- Strike: `$6,600` | Gamma: `600,028,010`
- Strike: `$6,590` | Gamma: `243,978,459`
- Strike: `$6,625` | Gamma: `198,332,730`
- Strike: `$6,595` | Gamma: `190,6...
2026-03-26 07:49:31 [INFO] telegram_listener: Saved snapshot #147547: price=6548.28, gamma=-7.81Bn, session=RTH
2026-03-26 07:51:03 [INFO] telegram_listener: Raw message (722 chars): **? SPX Gamma Exposure Update (20260326)**
? 2026-03-26 17:51:04
? **Current Price: $6,552.02**

**Top 5 Call Positions (Positive Gamma):**
- Strike: `$6,600` | Gamma: `652,949,574`
- Strike: `$6,590` | Gamma: `265,313,889`
- Strike: `$6,625` | Gamma: `215,825,377`
- Strike: `$6,595` | Gamma: `205,5...
2026-03-26 07:51:03 [INFO] telegram_listener: Saved snapshot #147548: price=6552.02, gamma=-7.19Bn, session=RTH
2026-03-26 07:52:33 [INFO] telegram_listener: Raw message (722 chars): **? SPX Gamma Exposure Update (20260326)**
? 2026-03-26 17:52:33
? **Current Price: $6,549.16**

**Top 5 Call Positions (Positive Gamma):**
- Strike: `$6,600` | Gamma: `600,189,292`
- Strike: `$6,590` | Gamma: `248,251,694`
- Strike: `$6,595` | Gamma: `194,362,817`
- Strike: `$6,625` | Gamma: `189,7...
2026-03-26 07:52:33 [INFO] telegram_listener: Saved snapshot #147549: price=6549.16, gamma=-8.01Bn, session=RTH
2026-03-26 07:54:03 [INFO] telegram_listener: Raw message (722 chars): **? SPX Gamma Exposure Update (20260326)**
? 2026-03-26 17:54:03
? **Current Price: $6,542.41**

**Top 5 Call Positions (Positive Gamma):**
- Strike: `$6,600` | Gamma: `507,807,757`
- Strike: `$6,590` | Gamma: `214,148,333`
- Strike: `$6,595` | Gamma: `164,685,037`
- Strike: `$6,625` | Gamma: `163,5...
2026-03-26 07:54:03 [INFO] telegram_listener: Saved snapshot #147550: price=6542.41, gamma=-8.53Bn, session=RTH
2026-03-26 07:55:36 [INFO] telegram_listener: Raw message (722 chars): **? SPX Gamma Exposure Update (20260326)**
? 2026-03-26 17:55:36
? **Current Price: $6,537.04**

**Top 5 Call Positions (Positive Gamma):**
- Strike: `$6,600` | Gamma: `441,977,755`
- Strike: `$6,590` | Gamma: `188,644,352`
- Strike: `$6,595` | Gamma: `142,492,828`
- Strike: `$6,550` | Gamma: `140,3...
2026-03-26 07:55:36 [INFO] telegram_listener: Saved snapshot #147551: price=6537.04, gamma=-9.08Bn, session=RTH
2026-03-26 07:57:05 [INFO] telegram_listener: Raw message (722 chars): **? SPX Gamma Exposure Update (20260326)**
? 2026-03-26 17:57:05
? **Current Price: $6,545.39**

**Top 5 Call Positions (Positive Gamma):**
- Strike: `$6,600` | Gamma: `547,368,193`
- Strike: `$6,590` | Gamma: `226,951,901`
- Strike: `$6,595` | Gamma: `175,824,103`
- Strike: `$6,625` | Gamma: `172,3...
2026-03-26 07:57:05 [INFO] telegram_listener: Saved snapshot #147552: price=6545.39, gamma=-8.24Bn, session=RTH
--- Logging error ---
Traceback (most recent call last):
  File "C:\Program Files\WindowsApps\PythonSoftwareFoundation.Python.3.12_3.12.2800.0_x64__qbz5n2kfra8p0\Lib\logging\__init__.py", line 1163, in emit
    stream.write(msg + self.terminator)
  File "C:\Program Files\WindowsApps\PythonSoftwareFoundation.Python.3.12_3.12.2800.0_x64__qbz5n2kfra8p0\Lib\encodings\cp1252.py", line 19, in encode
    return codecs.charmap_encode(input,self.errors,encoding_table)[0]
           ^^^^^^^^^^^^^^^^^^^^^^^^^^^^^^^^^^^^^^^^^^^^^^^^^^^^^^^
UnicodeEncodeError: 'charmap' codec can't encode characters in position 67-68: character maps to <undefined>
Call stack:
  File "C:\Code\gex_telegram\main.py", line 92, in <module>
    main()
  File "C:\Code\gex_telegram\main.py", line 80, in main
    asyncio.run(start_listener())
  File "C:\Program Files\WindowsApps\PythonSoftwareFoundation.Python.3.12_3.12.2800.0_x64__qbz5n2kfra8p0\Lib\asyncio\runners.py", line 195, in run
    return runner.run(main)
  File "C:\Program Files\WindowsApps\PythonSoftwareFoundation.Python.3.12_3.12.2800.0_x64__qbz5n2kfra8p0\Lib\asyncio\runners.py", line 118, in run
    return self._loop.run_until_complete(task)
  File "C:\Program Files\WindowsApps\PythonSoftwareFoundation.Python.3.12_3.12.2800.0_x64__qbz5n2kfra8p0\Lib\asyncio\base_events.py", line 678, in run_until_complete
    self.run_forever()
  File "C:\Program Files\WindowsApps\PythonSoftwareFoundation.Python.3.12_3.12.2800.0_x64__qbz5n2kfra8p0\Lib\asyncio\windows_events.py", line 322, in run_forever
    super().run_forever()
  File "C:\Program Files\WindowsApps\PythonSoftwareFoundation.Python.3.12_3.12.2800.0_x64__qbz5n2kfra8p0\Lib\asyncio\base_events.py", line 645, in run_forever
    self._run_once()
  File "C:\Program Files\WindowsApps\PythonSoftwareFoundation.Python.3.12_3.12.2800.0_x64__qbz5n2kfra8p0\Lib\asyncio\base_events.py", line 1999, in _run_once
    handle._run()
  File "C:\Program Files\WindowsApps\PythonSoftwareFoundation.Python.3.12_3.12.2800.0_x64__qbz5n2kfra8p0\Lib\asyncio\events.py", line 88, in _run
    self._context.run(self._callback, *self._args)
  File "C:\Code\gex_telegram\telegram_listener.py", line 1939, in data_feed_watchdog
    pipeline.watchdog.check_signal_flow()
  File "C:\Code\gex_telegram\delivery_watchdog.py", line 226, in check_signal_flow
    log.warning(f"DeliveryWatchdog: {msg}")
Message: 'DeliveryWatchdog: \u26a0\ufe0f ENGINE IDLE: No signals delivered in 50+ minutes\nCheck data feed, Telegram listener, or GEX engine health.\nTime: 07:57 AM PT'
Arguments: ()
2026-03-26 07:57:52 [INFO] discord_alerts: Sent DATA_RESTORED to gex_engine
2026-03-26 07:58:31 [INFO] telegram_listener: Channel msg [ipospx]: ??????? ?? ????? ???????? 6572 
???????? ??? ????? 6542

??? ????? ????? ?????? ????? ??

?????? ????? ???????? 6525

?? ????? ???? 6542 
???? ????? ?
--- Logging error ---
Traceback (most recent call last):
  File "C:\Program Files\WindowsApps\PythonSoftwareFoundation.Python.3.12_3.12.2800.0_x64__qbz5n2kfra8p0\Lib\logging\__init__.py", line 1163, in emit
    stream.write(msg + self.terminator)
  File "C:\Program Files\WindowsApps\PythonSoftwareFoundation.Python.3.12_3.12.2800.0_x64__qbz5n2kfra8p0\Lib\encodings\cp1252.py", line 19, in encode
    return codecs.charmap_encode(input,self.errors,encoding_table)[0]
           ^^^^^^^^^^^^^^^^^^^^^^^^^^^^^^^^^^^^^^^^^^^^^^^^^^^^^^^
UnicodeEncodeError: 'charmap' codec can't encode character '\u2192' in position 81: character maps to <undefined>
Call stack:
  File "C:\Code\gex_telegram\main.py", line 92, in <module>
    main()
  File "C:\Code\gex_telegram\main.py", line 80, in main
    asyncio.run(start_listener())
  File "C:\Program Files\WindowsApps\PythonSoftwareFoundation.Python.3.12_3.12.2800.0_x64__qbz5n2kfra8p0\Lib\asyncio\runners.py", line 195, in run
    return runner.run(main)
  File "C:\Program Files\WindowsApps\PythonSoftwareFoundation.Python.3.12_3.12.2800.0_x64__qbz5n2kfra8p0\Lib\asyncio\runners.py", line 118, in run
    return self._loop.run_until_complete(task)
  File "C:\Program Files\WindowsApps\PythonSoftwareFoundation.Python.3.12_3.12.2800.0_x64__qbz5n2kfra8p0\Lib\asyncio\base_events.py", line 678, in run_until_complete
    self.run_forever()
  File "C:\Program Files\WindowsApps\PythonSoftwareFoundation.Python.3.12_3.12.2800.0_x64__qbz5n2kfra8p0\Lib\asyncio\windows_events.py", line 322, in run_forever
    super().run_forever()
  File "C:\Program Files\WindowsApps\PythonSoftwareFoundation.Python.3.12_3.12.2800.0_x64__qbz5n2kfra8p0\Lib\asyncio\base_events.py", line 645, in run_forever
    self._run_once()
  File "C:\Program Files\WindowsApps\PythonSoftwareFoundation.Python.3.12_3.12.2800.0_x64__qbz5n2kfra8p0\Lib\asyncio\base_events.py", line 1999, in _run_once
    handle._run()
  File "C:\Program Files\WindowsApps\PythonSoftwareFoundation.Python.3.12_3.12.2800.0_x64__qbz5n2kfra8p0\Lib\asyncio\events.py", line 88, in _run
    self._context.run(self._callback, *self._args)
  File "C:\Users\raghu\AppData\Local\Packages\PythonSoftwareFoundation.Python.3.12_qbz5n2kfra8p0\LocalCache\local-packages\Python312\site-packages\telethon\client\updates.py", line 574, in _dispatch_update
    await callback(event)
  File "C:\Code\gex_telegram\telegram_listener.py", line 2132, in handler
    call = pipeline.consensus.ingest_raw_text(chat_username, text) if is_consensus_ch else None
  File "C:\Code\gex_telegram\consensus_tracker.py", line 172, in ingest_raw_text
    log.info(
Message: 'ConsensusTracker (keyword): ipospx \u2192 LONG (entry=6572.0, 2 channels active)'
Arguments: ()
2026-03-26 07:58:31 [INFO] discord_alerts: Sent SPX_MILLION to gex_relay
2026-03-26 07:58:31 [INFO] telegram_listener: Channel msg [ipospx]: ??????? ?? ????? ???????? 6572 
???????? ??? ????? 6542

??? ????? ????? ?????? ????? ??

?????? ????? ???????? 6525

?? ????? ???? 6542 
???? ????? ?
--- Logging error ---
Traceback (most recent call last):
  File "C:\Program Files\WindowsApps\PythonSoftwareFoundation.Python.3.12_3.12.2800.0_x64__qbz5n2kfra8p0\Lib\logging\__init__.py", line 1163, in emit
    stream.write(msg + self.terminator)
  File "C:\Program Files\WindowsApps\PythonSoftwareFoundation.Python.3.12_3.12.2800.0_x64__qbz5n2kfra8p0\Lib\encodings\cp1252.py", line 19, in encode
    return codecs.charmap_encode(input,self.errors,encoding_table)[0]
           ^^^^^^^^^^^^^^^^^^^^^^^^^^^^^^^^^^^^^^^^^^^^^^^^^^^^^^^
UnicodeEncodeError: 'charmap' codec can't encode character '\u2192' in position 81: character maps to <undefined>
Call stack:
  File "C:\Code\gex_telegram\main.py", line 92, in <module>
    main()
  File "C:\Code\gex_telegram\main.py", line 80, in main
    asyncio.run(start_listener())
  File "C:\Program Files\WindowsApps\PythonSoftwareFoundation.Python.3.12_3.12.2800.0_x64__qbz5n2kfra8p0\Lib\asyncio\runners.py", line 195, in run
    return runner.run(main)
  File "C:\Program Files\WindowsApps\PythonSoftwareFoundation.Python.3.12_3.12.2800.0_x64__qbz5n2kfra8p0\Lib\asyncio\runners.py", line 118, in run
    return self._loop.run_until_complete(task)
  File "C:\Program Files\WindowsApps\PythonSoftwareFoundation.Python.3.12_3.12.2800.0_x64__qbz5n2kfra8p0\Lib\asyncio\base_events.py", line 678, in run_until_complete
    self.run_forever()
  File "C:\Program Files\WindowsApps\PythonSoftwareFoundation.Python.3.12_3.12.2800.0_x64__qbz5n2kfra8p0\Lib\asyncio\windows_events.py", line 322, in run_forever
    super().run_forever()
  File "C:\Program Files\WindowsApps\PythonSoftwareFoundation.Python.3.12_3.12.2800.0_x64__qbz5n2kfra8p0\Lib\asyncio\base_events.py", line 645, in run_forever
    self._run_once()
  File "C:\Program Files\WindowsApps\PythonSoftwareFoundation.Python.3.12_3.12.2800.0_x64__qbz5n2kfra8p0\Lib\asyncio\base_events.py", line 1999, in _run_once
    handle._run()
  File "C:\Program Files\WindowsApps\PythonSoftwareFoundation.Python.3.12_3.12.2800.0_x64__qbz5n2kfra8p0\Lib\asyncio\events.py", line 88, in _run
    self._context.run(self._callback, *self._args)
  File "C:\Users\raghu\AppData\Local\Packages\PythonSoftwareFoundation.Python.3.12_qbz5n2kfra8p0\LocalCache\local-packages\Python312\site-packages\telethon\client\updates.py", line 574, in _dispatch_update
    await callback(event)
  File "C:\Code\gex_telegram\telegram_listener.py", line 2132, in handler
    call = pipeline.consensus.ingest_raw_text(chat_username, text) if is_consensus_ch else None
  File "C:\Code\gex_telegram\consensus_tracker.py", line 172, in ingest_raw_text
    log.info(
Message: 'ConsensusTracker (keyword): ipospx \u2192 LONG (entry=6572.0, 2 channels active)'
Arguments: ()
2026-03-26 07:58:32 [INFO] discord_alerts: Sent SPX_MILLION to gex_relay
2026-03-26 07:58:32 [INFO] telegram_listener: Channel msg [ipospx]: ?? ????? ?????
2026-03-26 07:58:34 [INFO] telegram_listener: Raw message (722 chars): **? SPX Gamma Exposure Update (20260326)**
? 2026-03-26 17:58:34
? **Current Price: $6,545.50**

**Top 5 Call Positions (Positive Gamma):**
- Strike: `$6,600` | Gamma: `547,386,591`
- Strike: `$6,590` | Gamma: `226,959,529`
- Strike: `$6,595` | Gamma: `175,830,012`
- Strike: `$6,625` | Gamma: `172,3...
2026-03-26 07:58:34 [INFO] telegram_listener: Saved snapshot #147553: price=6545.5, gamma=-8.18Bn, session=RTH
2026-03-26 08:00:03 [INFO] telegram_listener: Raw message (722 chars): **? SPX Gamma Exposure Update (20260326)**
? 2026-03-26 18:00:03
? **Current Price: $6,547.63**

**Top 5 Call Positions (Positive Gamma):**
- Strike: `$6,600` | Gamma: `573,825,899`
- Strike: `$6,590` | Gamma: `239,724,335`
- Strike: `$6,595` | Gamma: `186,940,995`
- Strike: `$6,625` | Gamma: `181,0...
2026-03-26 08:00:03 [INFO] telegram_listener: Saved snapshot #147554: price=6547.63, gamma=-7.77Bn, session=RTH
2026-03-26 08:01:13 [INFO] telegram_listener: Raw message (722 chars): **? SPX Gamma Exposure Update (20260326)**
? 2026-03-26 18:01:13
? **Current Price: $6,549.72**

**Top 5 Call Positions (Positive Gamma):**
- Strike: `$6,600` | Gamma: `600,291,937`
- Strike: `$6,590` | Gamma: `252,502,526`
- Strike: `$6,595` | Gamma: `194,396,058`
- Strike: `$6,625` | Gamma: `181,1...
2026-03-26 08:01:13 [INFO] telegram_listener: Saved snapshot #147555: price=6549.72, gamma=-7.99Bn, session=RTH
2026-03-26 08:02:43 [INFO] telegram_listener: Raw message (722 chars): **? SPX Gamma Exposure Update (20260326)**
? 2026-03-26 18:02:43
? **Current Price: $6,550.45**

**Top 5 Call Positions (Positive Gamma):**
- Strike: `$6,600` | Gamma: `613,478,490`
- Strike: `$6,590` | Gamma: `256,768,128`
- Strike: `$6,595` | Gamma: `198,108,061`
- Strike: `$6,625` | Gamma: `189,8...
2026-03-26 08:02:43 [INFO] telegram_listener: Saved snapshot #147556: price=6550.45, gamma=-7.82Bn, session=RTH
2026-03-26 08:04:12 [INFO] telegram_listener: Raw message (722 chars): **? SPX Gamma Exposure Update (20260326)**
? 2026-03-26 18:04:12
? **Current Price: $6,549.58**

**Top 5 Call Positions (Positive Gamma):**
- Strike: `$6,600` | Gamma: `600,266,275`
- Strike: `$6,590` | Gamma: `252,491,731`
- Strike: `$6,595` | Gamma: `194,387,747`
- Strike: `$6,625` | Gamma: `181,1...
2026-03-26 08:04:12 [INFO] telegram_listener: Saved snapshot #147557: price=6549.58, gamma=-8.00Bn, session=RTH
2026-03-26 08:05:43 [INFO] telegram_listener: Raw message (722 chars): **? SPX Gamma Exposure Update (20260326)**
? 2026-03-26 18:05:43
? **Current Price: $6,550.61**

**Top 5 Call Positions (Positive Gamma):**
- Strike: `$6,600` | Gamma: `613,508,459`
- Strike: `$6,590` | Gamma: `256,780,671`
- Strike: `$6,595` | Gamma: `198,117,739`
- Strike: `$6,625` | Gamma: `189,8...
2026-03-26 08:05:43 [INFO] telegram_listener: Saved snapshot #147558: price=6550.61, gamma=-7.86Bn, session=RTH
2026-03-26 08:07:12 [INFO] telegram_listener: Raw message (722 chars): **? SPX Gamma Exposure Update (20260326)**
? 2026-03-26 18:07:13
? **Current Price: $6,549.98**

**Top 5 Call Positions (Positive Gamma):**
- Strike: `$6,600` | Gamma: `600,339,597`
- Strike: `$6,590` | Gamma: `252,522,573`
- Strike: `$6,595` | Gamma: `194,411,491`
- Strike: `$6,625` | Gamma: `181,1...
2026-03-26 08:07:12 [INFO] telegram_listener: Saved snapshot #147559: price=6549.98, gamma=-7.95Bn, session=RTH
2026-03-26 08:08:42 [INFO] telegram_listener: Raw message (722 chars): **? SPX Gamma Exposure Update (20260326)**
? 2026-03-26 18:08:42
? **Current Price: $6,547.61**

**Top 5 Call Positions (Positive Gamma):**
- Strike: `$6,600` | Gamma: `560,780,976`
- Strike: `$6,590` | Gamma: `239,722,871`
- Strike: `$6,595` | Gamma: `183,274,366`
- Strike: `$6,625` | Gamma: `172,4...
2026-03-26 08:08:42 [INFO] telegram_listener: Saved snapshot #147560: price=6547.61, gamma=-8.22Bn, session=RTH
2026-03-26 08:10:11 [INFO] telegram_listener: Raw message (722 chars): **? SPX Gamma Exposure Update (20260326)**
? 2026-03-26 18:10:11
? **Current Price: $6,549.33**

**Top 5 Call Positions (Positive Gamma):**
- Strike: `$6,600` | Gamma: `587,172,180`
- Strike: `$6,590` | Gamma: `252,472,456`
- Strike: `$6,595` | Gamma: `190,705,494`
- Strike: `$6,570` | Gamma: `174,6...
2026-03-26 08:10:11 [INFO] telegram_listener: Saved snapshot #147561: price=6549.33, gamma=-7.99Bn, session=RTH
2026-03-26 08:11:43 [INFO] telegram_listener: Raw message (722 chars): **? SPX Gamma Exposure Update (20260326)**
? 2026-03-26 18:11:43
? **Current Price: $6,548.99**

**Top 5 Call Positions (Positive Gamma):**
- Strike: `$6,600` | Gamma: `587,111,217`
- Strike: `$6,590` | Gamma: `248,238,806`
- Strike: `$6,595` | Gamma: `190,685,695`
- Strike: `$6,570` | Gamma: `176,6...
2026-03-26 08:11:43 [INFO] telegram_listener: Saved snapshot #147562: price=6548.99, gamma=-8.05Bn, session=RTH
2026-03-26 08:13:12 [INFO] telegram_listener: Raw message (722 chars): **? SPX Gamma Exposure Update (20260326)**
? 2026-03-26 18:13:13
? **Current Price: $6,550.80**

**Top 5 Call Positions (Positive Gamma):**
- Strike: `$6,600` | Gamma: `613,544,049`
- Strike: `$6,590` | Gamma: `261,005,331`
- Strike: `$6,595` | Gamma: `198,129,232`
- Strike: `$6,570` | Gamma: `182,7...
2026-03-26 08:13:12 [INFO] telegram_listener: Saved snapshot #147563: price=6550.8, gamma=-7.82Bn, session=RTH
2026-03-26 08:14:42 [INFO] telegram_listener: Raw message (722 chars): **? SPX Gamma Exposure Update (20260326)**
? 2026-03-26 18:14:42
? **Current Price: $6,550.28**

**Top 5 Call Positions (Positive Gamma):**
- Strike: `$6,600` | Gamma: `600,394,591`
- Strike: `$6,590` | Gamma: `256,754,800`
- Strike: `$6,595` | Gamma: `194,429,301`
- Strike: `$6,570` | Gamma: `182,7...
2026-03-26 08:14:42 [INFO] telegram_listener: Saved snapshot #147564: price=6550.28, gamma=-7.91Bn, session=RTH
2026-03-26 08:16:14 [INFO] telegram_listener: Raw message (722 chars): **? SPX Gamma Exposure Update (20260326)**
? 2026-03-26 18:16:14
? **Current Price: $6,549.30**

**Top 5 Call Positions (Positive Gamma):**
- Strike: `$6,600` | Gamma: `587,166,801`
- Strike: `$6,590` | Gamma: `248,262,308`
- Strike: `$6,595` | Gamma: `190,703,747`
- Strike: `$6,570` | Gamma: `178,6...
2026-03-26 08:16:14 [INFO] telegram_listener: Saved snapshot #147565: price=6549.3, gamma=-7.99Bn, session=RTH
2026-03-26 08:17:43 [INFO] telegram_listener: Raw message (722 chars): **? SPX Gamma Exposure Update (20260326)**
? 2026-03-26 18:17:44
? **Current Price: $6,544.15**

**Top 5 Call Positions (Positive Gamma):**
- Strike: `$6,600` | Gamma: `495,050,265`
- Strike: `$6,590` | Gamma: `214,262,256`
- Strike: `$6,550` | Gamma: `166,866,834`
- Strike: `$6,570` | Gamma: `166,3...
2026-03-26 08:17:43 [INFO] telegram_listener: Saved snapshot #147566: price=6544.15, gamma=-8.92Bn, session=RTH
2026-03-26 08:19:13 [INFO] telegram_listener: Raw message (722 chars): **? SPX Gamma Exposure Update (20260326)**
? 2026-03-26 18:19:13
? **Current Price: $6,543.96**

**Top 5 Call Positions (Positive Gamma):**
- Strike: `$6,600` | Gamma: `495,021,519`
- Strike: `$6,590` | Gamma: `214,249,815`
- Strike: `$6,570` | Gamma: `164,339,128`
- Strike: `$6,550` | Gamma: `163,5...
2026-03-26 08:19:13 [INFO] telegram_listener: Saved snapshot #147567: price=6543.96, gamma=-8.46Bn, session=RTH
2026-03-26 08:20:42 [INFO] telegram_listener: Raw message (722 chars): **? SPX Gamma Exposure Update (20260326)**
? 2026-03-26 18:20:42
? **Current Price: $6,543.95**

**Top 5 Call Positions (Positive Gamma):**
- Strike: `$6,600` | Gamma: `495,020,006`
- Strike: `$6,590` | Gamma: `214,249,160`
- Strike: `$6,550` | Gamma: `168,492,484`
- Strike: `$6,570` | Gamma: `166,3...
2026-03-26 08:20:42 [INFO] telegram_listener: Saved snapshot #147568: price=6543.95, gamma=-8.83Bn, session=RTH
2026-03-26 08:22:13 [INFO] telegram_listener: Raw message (722 chars): **? SPX Gamma Exposure Update (20260326)**
? 2026-03-26 18:22:14
? **Current Price: $6,546.13**

**Top 5 Call Positions (Positive Gamma):**
- Strike: `$6,600` | Gamma: `521,420,921`
- Strike: `$6,590` | Gamma: `227,003,221`
- Strike: `$6,570` | Gamma: `174,475,462`
- Strike: `$6,595` | Gamma: `172,2...
2026-03-26 08:22:13 [INFO] telegram_listener: Saved snapshot #147569: price=6546.13, gamma=-8.50Bn, session=RTH
2026-03-26 08:23:43 [INFO] telegram_listener: Raw message (722 chars): **? SPX Gamma Exposure Update (20260326)**
? 2026-03-26 18:23:43
? **Current Price: $6,544.37**

**Top 5 Call Positions (Positive Gamma):**
- Strike: `$6,600` | Gamma: `495,083,550`
- Strike: `$6,590` | Gamma: `214,276,663`
- Strike: `$6,550` | Gamma: `171,786,231`
- Strike: `$6,570` | Gamma: `168,3...
2026-03-26 08:23:43 [INFO] telegram_listener: Saved snapshot #147570: price=6544.37, gamma=-8.75Bn, session=RTH
2026-03-26 08:25:13 [INFO] telegram_listener: Raw message (722 chars): **? SPX Gamma Exposure Update (20260326)**
? 2026-03-26 18:25:13
? **Current Price: $6,545.95**

**Top 5 Call Positions (Positive Gamma):**
- Strike: `$6,600` | Gamma: `508,357,440`
- Strike: `$6,590` | Gamma: `222,787,205`
- Strike: `$6,550` | Gamma: `175,142,889`
- Strike: `$6,570` | Gamma: `174,4...
2026-03-26 08:25:13 [INFO] telegram_listener: Saved snapshot #147571: price=6545.95, gamma=-8.56Bn, session=RTH
2026-03-26 08:26:44 [INFO] telegram_listener: Raw message (722 chars): **? SPX Gamma Exposure Update (20260326)**
? 2026-03-26 18:26:44
? **Current Price: $6,544.77**

**Top 5 Call Positions (Positive Gamma):**
- Strike: `$6,600` | Gamma: `495,144,072`
- Strike: `$6,590` | Gamma: `218,504,874`
- Strike: `$6,550` | Gamma: `173,443,491`
- Strike: `$6,570` | Gamma: `172,3...
2026-03-26 08:26:44 [INFO] telegram_listener: Saved snapshot #147572: price=6544.77, gamma=-8.80Bn, session=RTH
--- Logging error ---
Traceback (most recent call last):
  File "C:\Program Files\WindowsApps\PythonSoftwareFoundation.Python.3.12_3.12.2800.0_x64__qbz5n2kfra8p0\Lib\logging\__init__.py", line 1163, in emit
    stream.write(msg + self.terminator)
  File "C:\Program Files\WindowsApps\PythonSoftwareFoundation.Python.3.12_3.12.2800.0_x64__qbz5n2kfra8p0\Lib\encodings\cp1252.py", line 19, in encode
    return codecs.charmap_encode(input,self.errors,encoding_table)[0]
           ^^^^^^^^^^^^^^^^^^^^^^^^^^^^^^^^^^^^^^^^^^^^^^^^^^^^^^^
UnicodeEncodeError: 'charmap' codec can't encode characters in position 67-68: character maps to <undefined>
Call stack:
  File "C:\Code\gex_telegram\main.py", line 92, in <module>
    main()
  File "C:\Code\gex_telegram\main.py", line 80, in main
    asyncio.run(start_listener())
  File "C:\Program Files\WindowsApps\PythonSoftwareFoundation.Python.3.12_3.12.2800.0_x64__qbz5n2kfra8p0\Lib\asyncio\runners.py", line 195, in run
    return runner.run(main)
  File "C:\Program Files\WindowsApps\PythonSoftwareFoundation.Python.3.12_3.12.2800.0_x64__qbz5n2kfra8p0\Lib\asyncio\runners.py", line 118, in run
    return self._loop.run_until_complete(task)
  File "C:\Program Files\WindowsApps\PythonSoftwareFoundation.Python.3.12_3.12.2800.0_x64__qbz5n2kfra8p0\Lib\asyncio\base_events.py", line 678, in run_until_complete
    self.run_forever()
  File "C:\Program Files\WindowsApps\PythonSoftwareFoundation.Python.3.12_3.12.2800.0_x64__qbz5n2kfra8p0\Lib\asyncio\windows_events.py", line 322, in run_forever
    super().run_forever()
  File "C:\Program Files\WindowsApps\PythonSoftwareFoundation.Python.3.12_3.12.2800.0_x64__qbz5n2kfra8p0\Lib\asyncio\base_events.py", line 645, in run_forever
    self._run_once()
  File "C:\Program Files\WindowsApps\PythonSoftwareFoundation.Python.3.12_3.12.2800.0_x64__qbz5n2kfra8p0\Lib\asyncio\base_events.py", line 1999, in _run_once
    handle._run()
  File "C:\Program Files\WindowsApps\PythonSoftwareFoundation.Python.3.12_3.12.2800.0_x64__qbz5n2kfra8p0\Lib\asyncio\events.py", line 88, in _run
    self._context.run(self._callback, *self._args)
  File "C:\Code\gex_telegram\telegram_listener.py", line 1939, in data_feed_watchdog
    pipeline.watchdog.check_signal_flow()
  File "C:\Code\gex_telegram\delivery_watchdog.py", line 226, in check_signal_flow
    log.warning(f"DeliveryWatchdog: {msg}")
Message: 'DeliveryWatchdog: \u26a0\ufe0f ENGINE IDLE: No signals delivered in 29+ minutes\nCheck data feed, Telegram listener, or GEX engine health.\nTime: 08:27 AM PT'
Arguments: ()
2026-03-26 08:27:52 [INFO] discord_alerts: Sent DATA_RESTORED to gex_engine
2026-03-26 08:28:14 [INFO] telegram_listener: Raw message (722 chars): **? SPX Gamma Exposure Update (20260326)**
? 2026-03-26 18:28:14
? **Current Price: $6,543.84**

**Top 5 Call Positions (Positive Gamma):**
- Strike: `$6,600` | Gamma: `468,950,556`
- Strike: `$6,590` | Gamma: `210,041,135`
- Strike: `$6,550` | Gamma: `171,758,408`
- Strike: `$6,570` | Gamma: `168,3...
2026-03-26 08:28:14 [INFO] telegram_listener: Saved snapshot #147573: price=6543.84, gamma=-8.70Bn, session=RTH
2026-03-26 08:29:43 [INFO] telegram_listener: Raw message (722 chars): **? SPX Gamma Exposure Update (20260326)**
? 2026-03-26 18:29:43
? **Current Price: $6,543.17**

**Top 5 Call Positions (Positive Gamma):**
- Strike: `$6,600` | Gamma: `455,830,795`
- Strike: `$6,590` | Gamma: `205,798,164`
- Strike: `$6,550` | Gamma: `174,994,157`
- Strike: `$6,570` | Gamma: `168,3...
2026-03-26 08:29:43 [INFO] telegram_listener: Saved snapshot #147574: price=6543.17, gamma=-9.00Bn, session=RTH
2026-03-26 08:31:13 [INFO] telegram_listener: Raw message (722 chars): **? SPX Gamma Exposure Update (20260326)**
? 2026-03-26 18:31:13
? **Current Price: $6,540.29**

**Top 5 Call Positions (Positive Gamma):**
- Strike: `$6,600` | Gamma: `416,392,788`
- Strike: `$6,590` | Gamma: `188,831,974`
- Strike: `$6,550` | Gamma: `171,572,102`
- Strike: `$6,570` | Gamma: `156,1...
2026-03-26 08:31:13 [INFO] telegram_listener: Saved snapshot #147575: price=6540.29, gamma=-9.48Bn, session=RTH
2026-03-26 08:32:45 [INFO] telegram_listener: Raw message (722 chars): **? SPX Gamma Exposure Update (20260326)**
? 2026-03-26 18:32:45
? **Current Price: $6,536.24**

**Top 5 Call Positions (Positive Gamma):**
- Strike: `$6,600` | Gamma: `363,892,598`
- Strike: `$6,590` | Gamma: `167,642,828`
- Strike: `$6,550` | Gamma: `161,567,698`
- Strike: `$6,570` | Gamma: `141,9...
2026-03-26 08:32:45 [INFO] telegram_listener: Saved snapshot #147576: price=6536.24, gamma=-9.60Bn, session=RTH
2026-03-26 08:34:14 [INFO] telegram_listener: Raw message (722 chars): **? SPX Gamma Exposure Update (20260326)**
? 2026-03-26 18:34:14
? **Current Price: $6,536.27**

**Top 5 Call Positions (Positive Gamma):**
- Strike: `$6,600` | Gamma: `376,892,222`
- Strike: `$6,590` | Gamma: `167,644,367`
- Strike: `$6,550` | Gamma: `163,201,193`
- Strike: `$6,570` | Gamma: `141,9...
2026-03-26 08:34:14 [INFO] telegram_listener: Saved snapshot #147577: price=6536.27, gamma=-9.87Bn, session=RTH
2026-03-26 08:35:43 [INFO] telegram_listener: Raw message (722 chars): **? SPX Gamma Exposure Update (20260326)**
? 2026-03-26 18:35:43
? **Current Price: $6,539.63**

**Top 5 Call Positions (Positive Gamma):**
- Strike: `$6,600` | Gamma: `403,299,105`
- Strike: `$6,590` | Gamma: `184,598,445`
- Strike: `$6,550` | Gamma: `171,537,477`
- Strike: `$6,570` | Gamma: `154,1...
2026-03-26 08:35:43 [INFO] telegram_listener: Saved snapshot #147578: price=6539.63, gamma=-9.47Bn, session=RTH
2026-03-26 08:37:15 [INFO] telegram_listener: Raw message (722 chars): **? SPX Gamma Exposure Update (20260326)**
? 2026-03-26 18:37:15
? **Current Price: $6,539.39**

**Top 5 Call Positions (Positive Gamma):**
- Strike: `$6,600` | Gamma: `403,269,504`
- Strike: `$6,590` | Gamma: `180,389,785`
- Strike: `$6,550` | Gamma: `173,158,456`
- Strike: `$6,570` | Gamma: `154,1...
2026-03-26 08:37:15 [INFO] telegram_listener: Saved snapshot #147579: price=6539.39, gamma=-9.59Bn, session=RTH
2026-03-26 08:38:22 [INFO] telegram_listener: Raw message (722 chars): **? SPX Gamma Exposure Update (20260326)**
? 2026-03-26 18:38:23
? **Current Price: $6,541.89**

**Top 5 Call Positions (Positive Gamma):**
- Strike: `$6,600` | Gamma: `442,633,828`
- Strike: `$6,590` | Gamma: `201,519,334`
- Strike: `$6,550` | Gamma: `176,560,517`
- Strike: `$6,570` | Gamma: `168,2...
2026-03-26 08:38:22 [INFO] telegram_listener: Saved snapshot #147580: price=6541.89, gamma=-8.81Bn, session=RTH
2026-03-26 08:39:52 [INFO] telegram_listener: Raw message (722 chars): **? SPX Gamma Exposure Update (20260326)**
? 2026-03-26 18:39:52
? **Current Price: $6,541.60**

**Top 5 Call Positions (Positive Gamma):**
- Strike: `$6,600` | Gamma: `429,577,097`
- Strike: `$6,590` | Gamma: `193,105,573`
- Strike: `$6,550` | Gamma: `179,814,213`
- Strike: `$6,570` | Gamma: `164,2...
2026-03-26 08:39:52 [INFO] telegram_listener: Saved snapshot #147581: price=6541.6, gamma=-9.24Bn, session=RTH
2026-03-26 08:41:21 [INFO] telegram_listener: Raw message (722 chars): **? SPX Gamma Exposure Update (20260326)**
? 2026-03-26 18:41:22
? **Current Price: $6,542.82**

**Top 5 Call Positions (Positive Gamma):**
- Strike: `$6,600` | Gamma: `442,759,687`
- Strike: `$6,590` | Gamma: `197,377,121`
- Strike: `$6,550` | Gamma: `184,787,143`
- Strike: `$6,570` | Gamma: `168,2...
2026-03-26 08:41:21 [INFO] telegram_listener: Saved snapshot #147582: price=6542.82, gamma=-9.25Bn, session=RTH
2026-03-26 08:42:53 [INFO] telegram_listener: Raw message (722 chars): **? SPX Gamma Exposure Update (20260326)**
? 2026-03-26 18:42:53
? **Current Price: $6,538.89**

**Top 5 Call Positions (Positive Gamma):**
- Strike: `$6,600` | Gamma: `390,201,134`
- Strike: `$6,590` | Gamma: `176,167,731`
- Strike: `$6,550` | Gamma: `174,765,299`
- Strike: `$6,570` | Gamma: `152,0...
2026-03-26 08:42:53 [INFO] telegram_listener: Saved snapshot #147583: price=6538.89, gamma=-9.47Bn, session=RTH
2026-03-26 08:44:22 [INFO] telegram_listener: Raw message (722 chars): **? SPX Gamma Exposure Update (20260326)**
? 2026-03-26 18:44:22
? **Current Price: $6,537.36**

**Top 5 Call Positions (Positive Gamma):**
- Strike: `$6,600` | Gamma: `377,017,935`
- Strike: `$6,550` | Gamma: `173,050,967`
- Strike: `$6,590` | Gamma: `167,700,285`
- Strike: `$6,570` | Gamma: `148,0...
2026-03-26 08:44:22 [INFO] telegram_listener: Saved snapshot #147584: price=6537.36, gamma=-9.83Bn, session=RTH
2026-03-26 08:45:51 [INFO] telegram_listener: Raw message (722 chars): **? SPX Gamma Exposure Update (20260326)**
? 2026-03-26 18:45:51
? **Current Price: $6,538.27**

**Top 5 Call Positions (Positive Gamma):**
- Strike: `$6,600` | Gamma: `377,122,904`
- Strike: `$6,550` | Gamma: `176,365,170`
- Strike: `$6,590` | Gamma: `171,940,651`
- Strike: `$6,570` | Gamma: `150,0...
2026-03-26 08:45:51 [INFO] telegram_listener: Saved snapshot #147585: price=6538.27, gamma=-9.74Bn, session=RTH
2026-03-26 08:47:20 [INFO] telegram_listener: Raw message (722 chars): **? SPX Gamma Exposure Update (20260326)**
? 2026-03-26 18:47:21
? **Current Price: $6,543.86**

**Top 5 Call Positions (Positive Gamma):**
- Strike: `$6,600` | Gamma: `468,953,422`
- Strike: `$6,590` | Gamma: `210,042,419`
- Strike: `$6,550` | Gamma: `179,938,480`
- Strike: `$6,570` | Gamma: `172,3...
2026-03-26 08:47:20 [INFO] telegram_listener: Saved snapshot #147586: price=6543.86, gamma=-8.36Bn, session=RTH
2026-03-26 08:48:52 [INFO] telegram_listener: Raw message (722 chars): **? SPX Gamma Exposure Update (20260326)**
? 2026-03-26 18:48:53
? **Current Price: $6,541.43**

**Top 5 Call Positions (Positive Gamma):**
- Strike: `$6,600` | Gamma: `429,554,770`
- Strike: `$6,590` | Gamma: `193,095,537`
- Strike: `$6,550` | Gamma: `178,170,278`
- Strike: `$6,570` | Gamma: `162,2...
2026-03-26 08:48:52 [INFO] telegram_listener: Saved snapshot #147587: price=6541.43, gamma=-9.02Bn, session=RTH
2026-03-26 08:50:22 [INFO] telegram_listener: Raw message (722 chars): **? SPX Gamma Exposure Update (20260326)**
? 2026-03-26 18:50:22
? **Current Price: $6,543.24**

**Top 5 Call Positions (Positive Gamma):**
- Strike: `$6,600` | Gamma: `455,840,548`
- Strike: `$6,590` | Gamma: `205,802,567`
- Strike: `$6,550` | Gamma: `184,810,868`
- Strike: `$6,570` | Gamma: `170,3...
2026-03-26 08:50:22 [INFO] telegram_listener: Saved snapshot #147588: price=6543.24, gamma=-8.97Bn, session=RTH
2026-03-26 08:51:51 [INFO] telegram_listener: Raw message (722 chars): **? SPX Gamma Exposure Update (20260326)**
? 2026-03-26 18:51:51
? **Current Price: $6,542.89**

**Top 5 Call Positions (Positive Gamma):**
- Strike: `$6,600` | Gamma: `455,791,784`
- Strike: `$6,590` | Gamma: `201,580,948`
- Strike: `$6,550` | Gamma: `181,520,458`
- Strike: `$6,570` | Gamma: `168,2...
2026-03-26 08:51:51 [INFO] telegram_listener: Saved snapshot #147589: price=6542.89, gamma=-8.74Bn, session=RTH
2026-03-26 08:52:02 [INFO] telethon.client.updates: Got difference for channel 1339255863 updates
2026-03-26 08:53:23 [INFO] telegram_listener: Raw message (722 chars): **? SPX Gamma Exposure Update (20260326)**
? 2026-03-26 18:53:23
? **Current Price: $6,545.21**

**Top 5 Call Positions (Positive Gamma):**
- Strike: `$6,600` | Gamma: `469,146,932`
- Strike: `$6,590` | Gamma: `214,331,673`
- Strike: `$6,550` | Gamma: `193,104,565`
- Strike: `$6,570` | Gamma: `180,4...
2026-03-26 08:53:23 [INFO] telegram_listener: Saved snapshot #147590: price=6545.21, gamma=-8.86Bn, session=RTH
2026-03-26 08:54:52 [INFO] telegram_listener: Raw message (722 chars): **? SPX Gamma Exposure Update (20260326)**
? 2026-03-26 18:54:52
? **Current Price: $6,543.06**

**Top 5 Call Positions (Positive Gamma):**
- Strike: `$6,600` | Gamma: `442,792,170`
- Strike: `$6,590` | Gamma: `201,591,423`
- Strike: `$6,550` | Gamma: `183,165,296`
- Strike: `$6,570` | Gamma: `170,3...
2026-03-26 08:54:52 [INFO] telegram_listener: Saved snapshot #147591: price=6543.06, gamma=-8.83Bn, session=RTH
2026-03-26 08:56:21 [INFO] telegram_listener: Raw message (722 chars): **? SPX Gamma Exposure Update (20260326)**
? 2026-03-26 18:56:21
? **Current Price: $6,539.88**

**Top 5 Call Positions (Positive Gamma):**
- Strike: `$6,600` | Gamma: `416,340,584`
- Strike: `$6,590` | Gamma: `184,612,559`
- Strike: `$6,550` | Gamma: `179,719,668`
- Strike: `$6,570` | Gamma: `156,1...
2026-03-26 08:56:21 [INFO] telegram_listener: Saved snapshot #147592: price=6539.88, gamma=-9.23Bn, session=RTH
2026-03-26 08:57:50 [INFO] telegram_listener: Raw message (722 chars): **? SPX Gamma Exposure Update (20260326)**
? 2026-03-26 18:57:50
? **Current Price: $6,540.15**

**Top 5 Call Positions (Positive Gamma):**
- Strike: `$6,600` | Gamma: `416,374,962`
- Strike: `$6,590` | Gamma: `184,627,803`
- Strike: `$6,550` | Gamma: `179,734,508`
- Strike: `$6,570` | Gamma: `158,1...
2026-03-26 08:57:50 [INFO] telegram_listener: Saved snapshot #147593: price=6540.15, gamma=-9.23Bn, session=RTH
--- Logging error ---
Traceback (most recent call last):
  File "C:\Program Files\WindowsApps\PythonSoftwareFoundation.Python.3.12_3.12.2800.0_x64__qbz5n2kfra8p0\Lib\logging\__init__.py", line 1163, in emit
    stream.write(msg + self.terminator)
  File "C:\Program Files\WindowsApps\PythonSoftwareFoundation.Python.3.12_3.12.2800.0_x64__qbz5n2kfra8p0\Lib\encodings\cp1252.py", line 19, in encode
    return codecs.charmap_encode(input,self.errors,encoding_table)[0]
           ^^^^^^^^^^^^^^^^^^^^^^^^^^^^^^^^^^^^^^^^^^^^^^^^^^^^^^^
UnicodeEncodeError: 'charmap' codec can't encode characters in position 67-68: character maps to <undefined>
Call stack:
  File "C:\Code\gex_telegram\main.py", line 92, in <module>
    main()
  File "C:\Code\gex_telegram\main.py", line 80, in main
    asyncio.run(start_listener())
  File "C:\Program Files\WindowsApps\PythonSoftwareFoundation.Python.3.12_3.12.2800.0_x64__qbz5n2kfra8p0\Lib\asyncio\runners.py", line 195, in run
    return runner.run(main)
  File "C:\Program Files\WindowsApps\PythonSoftwareFoundation.Python.3.12_3.12.2800.0_x64__qbz5n2kfra8p0\Lib\asyncio\runners.py", line 118, in run
    return self._loop.run_until_complete(task)
  File "C:\Program Files\WindowsApps\PythonSoftwareFoundation.Python.3.12_3.12.2800.0_x64__qbz5n2kfra8p0\Lib\asyncio\base_events.py", line 678, in run_until_complete
    self.run_forever()
  File "C:\Program Files\WindowsApps\PythonSoftwareFoundation.Python.3.12_3.12.2800.0_x64__qbz5n2kfra8p0\Lib\asyncio\windows_events.py", line 322, in run_forever
    super().run_forever()
  File "C:\Program Files\WindowsApps\PythonSoftwareFoundation.Python.3.12_3.12.2800.0_x64__qbz5n2kfra8p0\Lib\asyncio\base_events.py", line 645, in run_forever
    self._run_once()
  File "C:\Program Files\WindowsApps\PythonSoftwareFoundation.Python.3.12_3.12.2800.0_x64__qbz5n2kfra8p0\Lib\asyncio\base_events.py", line 1999, in _run_once
    handle._run()
  File "C:\Program Files\WindowsApps\PythonSoftwareFoundation.Python.3.12_3.12.2800.0_x64__qbz5n2kfra8p0\Lib\asyncio\events.py", line 88, in _run
    self._context.run(self._callback, *self._args)
  File "C:\Code\gex_telegram\telegram_listener.py", line 1939, in data_feed_watchdog
    pipeline.watchdog.check_signal_flow()
  File "C:\Code\gex_telegram\delivery_watchdog.py", line 226, in check_signal_flow
    log.warning(f"DeliveryWatchdog: {msg}")
Message: 'DeliveryWatchdog: \u26a0\ufe0f ENGINE IDLE: No signals delivered in 59+ minutes\nCheck data feed, Telegram listener, or GEX engine health.\nTime: 08:57 AM PT'
Arguments: ()
2026-03-26 08:57:53 [INFO] discord_alerts: Sent DATA_RESTORED to gex_engine
2026-03-26 08:59:22 [INFO] telegram_listener: Raw message (722 chars): **? SPX Gamma Exposure Update (20260326)**
? 2026-03-26 18:59:22
? **Current Price: $6,539.15**

**Top 5 Call Positions (Positive Gamma):**
- Strike: `$6,600` | Gamma: `403,239,904`
- Strike: `$6,550` | Gamma: `181,312,999`
- Strike: `$6,590` | Gamma: `176,181,741`
- Strike: `$6,570` | Gamma: `154,0...
2026-03-26 08:59:22 [INFO] telegram_listener: Saved snapshot #147594: price=6539.15, gamma=-9.52Bn, session=RTH
2026-03-26 09:00:51 [INFO] telegram_listener: Raw message (722 chars): **? SPX Gamma Exposure Update (20260326)**
? 2026-03-26 19:00:51
? **Current Price: $6,540.50**

**Top 5 Call Positions (Positive Gamma):**
- Strike: `$6,600` | Gamma: `403,406,418`
- Strike: `$6,550` | Gamma: `186,290,245`
- Strike: `$6,590` | Gamma: `184,647,565`
- Strike: `$6,570` | Gamma: `160,1...
2026-03-26 09:00:51 [INFO] telegram_listener: Saved snapshot #147595: price=6540.5, gamma=-9.46Bn, session=RTH
2026-03-26 09:02:21 [INFO] telegram_listener: Raw message (722 chars): **? SPX Gamma Exposure Update (20260326)**
? 2026-03-26 19:02:21
? **Current Price: $6,539.86**

**Top 5 Call Positions (Positive Gamma):**
- Strike: `$6,600` | Gamma: `403,327,474`
- Strike: `$6,550` | Gamma: `186,253,789`
- Strike: `$6,590` | Gamma: `180,415,716`
- Strike: `$6,570` | Gamma: `158,1...
2026-03-26 09:02:21 [INFO] telegram_listener: Saved snapshot #147596: price=6539.86, gamma=-9.54Bn, session=RTH
2026-03-26 09:03:52 [INFO] telegram_listener: Raw message (722 chars): **? SPX Gamma Exposure Update (20260326)**
? 2026-03-26 19:03:53
? **Current Price: $6,537.45**

**Top 5 Call Positions (Positive Gamma):**
- Strike: `$6,600` | Gamma: `364,027,340`
- Strike: `$6,550` | Gamma: `181,218,738`
- Strike: `$6,590` | Gamma: `163,512,280`
- Strike: `$6,570` | Gamma: `148,0...
2026-03-26 09:03:52 [INFO] telegram_listener: Saved snapshot #147597: price=6537.45, gamma=-10.00Bn, session=RTH
2026-03-26 09:05:22 [INFO] telegram_listener: Raw message (722 chars): **? SPX Gamma Exposure Update (20260326)**
? 2026-03-26 19:05:22
? **Current Price: $6,538.76**

**Top 5 Call Positions (Positive Gamma):**
- Strike: `$6,600` | Gamma: `390,185,619`
- Strike: `$6,550` | Gamma: `191,090,906`
- Strike: `$6,590` | Gamma: `171,966,423`
- Strike: `$6,570` | Gamma: `154,0...
2026-03-26 09:05:22 [INFO] telegram_listener: Saved snapshot #147598: price=6538.76, gamma=-9.86Bn, session=RTH
2026-03-26 09:06:45 [INFO] telethon.client.updates: Got difference for channel 1220977767 updates
2026-03-26 09:06:51 [INFO] telegram_listener: Raw message (722 chars): **? SPX Gamma Exposure Update (20260326)**
? 2026-03-26 19:06:51
? **Current Price: $6,537.20**

**Top 5 Call Positions (Positive Gamma):**
- Strike: `$6,600` | Gamma: `376,999,480`
- Strike: `$6,550` | Gamma: `177,939,926`
- Strike: `$6,590` | Gamma: `167,692,077`
- Strike: `$6,570` | Gamma: `149,9...
2026-03-26 09:06:51 [INFO] telegram_listener: Saved snapshot #147599: price=6537.2, gamma=-9.78Bn, session=RTH
2026-03-26 09:08:21 [INFO] telegram_listener: Raw message (722 chars): **? SPX Gamma Exposure Update (20260326)**
? 2026-03-26 19:08:21
? **Current Price: $6,540.48**

**Top 5 Call Positions (Positive Gamma):**
- Strike: `$6,600` | Gamma: `416,416,982`
- Strike: `$6,550` | Gamma: `189,557,336`
- Strike: `$6,590` | Gamma: `184,646,435`
- Strike: `$6,570` | Gamma: `162,1...
2026-03-26 09:08:21 [INFO] telegram_listener: Saved snapshot #147600: price=6540.48, gamma=-9.14Bn, session=RTH
2026-03-26 09:09:53 [INFO] telegram_listener: Raw message (722 chars): **? SPX Gamma Exposure Update (20260326)**
? 2026-03-26 19:09:53
? **Current Price: $6,540.04**

**Top 5 Call Positions (Positive Gamma):**
- Strike: `$6,600` | Gamma: `403,349,676`
- Strike: `$6,550` | Gamma: `191,165,727`
- Strike: `$6,590` | Gamma: `180,425,647`
- Strike: `$6,570` | Gamma: `160,1...
2026-03-26 09:09:53 [INFO] telegram_listener: Saved snapshot #147601: price=6540.04, gamma=-9.60Bn, session=RTH
2026-03-26 09:11:23 [INFO] telegram_listener: Raw message (722 chars): **? SPX Gamma Exposure Update (20260326)**
? 2026-03-26 19:11:23
? **Current Price: $6,538.53**

**Top 5 Call Positions (Positive Gamma):**
- Strike: `$6,600` | Gamma: `390,158,170`
- Strike: `$6,550` | Gamma: `187,811,181`
- Strike: `$6,590` | Gamma: `171,954,326`
- Strike: `$6,570` | Gamma: `154,0...
2026-03-26 09:11:23 [INFO] telegram_listener: Saved snapshot #147602: price=6538.53, gamma=-9.85Bn, session=RTH
2026-03-26 09:12:52 [INFO] telegram_listener: Raw message (722 chars): **? SPX Gamma Exposure Update (20260326)**
? 2026-03-26 19:12:52
? **Current Price: $6,537.08**

**Top 5 Call Positions (Positive Gamma):**
- Strike: `$6,600` | Gamma: `363,986,135`
- Strike: `$6,550` | Gamma: `182,830,642`
- Strike: `$6,590` | Gamma: `163,493,772`
- Strike: `$6,570` | Gamma: `145,9...
2026-03-26 09:12:52 [INFO] telegram_listener: Saved snapshot #147603: price=6537.08, gamma=-9.79Bn, session=RTH
2026-03-26 09:14:24 [INFO] telegram_listener: Raw message (722 chars): **? SPX Gamma Exposure Update (20260326)**
? 2026-03-26 19:14:24
? **Current Price: $6,538.43**

**Top 5 Call Positions (Positive Gamma):**
- Strike: `$6,600` | Gamma: `377,141,362`
- Strike: `$6,550` | Gamma: `186,172,346`
- Strike: `$6,590` | Gamma: `171,949,066`
- Strike: `$6,570` | Gamma: `152,0...
2026-03-26 09:14:24 [INFO] telegram_listener: Saved snapshot #147604: price=6538.43, gamma=-9.47Bn, session=RTH
2026-03-26 09:15:53 [INFO] telegram_listener: Raw message (723 chars): **? SPX Gamma Exposure Update (20260326)**
? 2026-03-26 19:15:54
? **Current Price: $6,536.63**

**Top 5 Call Positions (Positive Gamma):**
- Strike: `$6,600` | Gamma: `363,936,024`
- Strike: `$6,550` | Gamma: `187,702,047`
- Strike: `$6,590` | Gamma: `159,279,693`
- Strike: `$6,570` | Gamma: `145,9...
2026-03-26 09:15:53 [INFO] telegram_listener: Saved snapshot #147605: price=6536.63, gamma=-10.16Bn, session=RTH
2026-03-26 09:17:23 [INFO] telegram_listener: Raw message (725 chars): **? SPX Gamma Exposure Update (20260326)**
? 2026-03-26 19:17:24
? **Current Price: $6,531.07**

**Top 5 Call Positions (Positive Gamma):**
- Strike: `$6,600` | Gamma: `298,439,101`
- Strike: `$6,550` | Gamma: `164,571,040`
- Strike: `$6,590` | Gamma: `133,902,185`
- Strike: `$6,570` | Gamma: `121,7...
2026-03-26 09:17:23 [INFO] telegram_listener: Saved snapshot #147606: price=6531.07, gamma=-11.07Bn, session=RTH
2026-03-26 09:17:38 [INFO] telegram_listener: Channel msg [controlOptionalspx]: ????? 80
2026-03-26 09:18:52 [INFO] telegram_listener: Raw message (723 chars): **? SPX Gamma Exposure Update (20260326)**
? 2026-03-26 19:18:53
? **Current Price: $6,534.60**

**Top 5 Call Positions (Positive Gamma):**
- Strike: `$6,600` | Gamma: `324,741,083`
- Strike: `$6,550` | Gamma: `174,536,056`
- Strike: `$6,590` | Gamma: `146,613,874`
- Strike: `$6,570` | Gamma: `135,8...
2026-03-26 09:18:52 [INFO] telegram_listener: Saved snapshot #147607: price=6534.6, gamma=-10.09Bn, session=RTH
2026-03-26 09:20:24 [INFO] telegram_listener: Raw message (723 chars): **? SPX Gamma Exposure Update (20260326)**
? 2026-03-26 19:20:24
? **Current Price: $6,533.21**

**Top 5 Call Positions (Positive Gamma):**
- Strike: `$6,600` | Gamma: `311,618,826`
- Strike: `$6,550` | Gamma: `174,461,811`
- Strike: `$6,590` | Gamma: `138,177,135`
- Strike: `$6,570` | Gamma: `129,8...
2026-03-26 09:20:24 [INFO] telegram_listener: Saved snapshot #147608: price=6533.21, gamma=-10.53Bn, session=RTH
2026-03-26 09:21:53 [INFO] telegram_listener: Raw message (725 chars): **? SPX Gamma Exposure Update (20260326)**
? 2026-03-26 19:21:53
? **Current Price: $6,529.20**

**Top 5 Call Positions (Positive Gamma):**
- Strike: `$6,600` | Gamma: `272,331,858`
- Strike: `$6,550` | Gamma: `157,962,879`
- Strike: `$6,590` | Gamma: `125,461,422`
- Strike: `$6,570` | Gamma: `115,7...
2026-03-26 09:21:53 [INFO] telegram_listener: Saved snapshot #147609: price=6529.2, gamma=-11.19Bn, session=RTH
2026-03-26 09:23:23 [INFO] telegram_listener: Raw message (725 chars): **? SPX Gamma Exposure Update (20260326)**
? 2026-03-26 19:23:23
? **Current Price: $6,525.34**

**Top 5 Call Positions (Positive Gamma):**
- Strike: `$6,600` | Gamma: `246,104,243`
- Strike: `$6,550` | Gamma: `143,137,137`
- Strike: `$6,500` | Gamma: `114,097,534`
- Strike: `$6,590` | Gamma: `112,7...
2026-03-26 09:23:23 [INFO] telegram_listener: Saved snapshot #147610: price=6525.34, gamma=-11.68Bn, session=RTH
2026-03-26 09:24:55 [INFO] telegram_listener: Raw message (725 chars): **? SPX Gamma Exposure Update (20260326)**
? 2026-03-26 19:24:55
? **Current Price: $6,527.89**

**Top 5 Call Positions (Positive Gamma):**
- Strike: `$6,600` | Gamma: `259,259,608`
- Strike: `$6,550` | Gamma: `153,016,009`
- Strike: `$6,590` | Gamma: `117,050,344`
- Strike: `$6,570` | Gamma: `111,6...
2026-03-26 09:24:55 [INFO] telegram_listener: Saved snapshot #147611: price=6527.89, gamma=-10.79Bn, session=RTH
2026-03-26 09:26:23 [INFO] telegram_listener: Raw message (724 chars): **? SPX Gamma Exposure Update (20260326)**
? 2026-03-26 19:26:23
? **Current Price: $6,523.16**

**Top 5 Call Positions (Positive Gamma):**
- Strike: `$6,600` | Gamma: `220,051,429`
- Strike: `$6,550` | Gamma: `138,165,098`
- Strike: `$6,500` | Gamma: `112,710,721`
- Strike: `$6,590` | Gamma: `104,3...
2026-03-26 09:26:23 [INFO] telegram_listener: Saved snapshot #147612: price=6523.16, gamma=-11.39Bn, session=RTH
2026-03-26 09:27:52 [INFO] telegram_listener: Raw message (723 chars): **? SPX Gamma Exposure Update (20260326)**
? 2026-03-26 19:27:53
? **Current Price: $6,521.71**

**Top 5 Call Positions (Positive Gamma):**
- Strike: `$6,600` | Gamma: `207,015,164`
- Strike: `$6,550` | Gamma: `133,229,434`
- Strike: `$6,500` | Gamma: `119,210,655`
- Strike: `$6,590` | Gamma: `91,79...
2026-03-26 09:27:52 [INFO] telegram_listener: Saved snapshot #147613: price=6521.71, gamma=-11.88Bn, session=RTH
--- Logging error ---
Traceback (most recent call last):
  File "C:\Program Files\WindowsApps\PythonSoftwareFoundation.Python.3.12_3.12.2800.0_x64__qbz5n2kfra8p0\Lib\logging\__init__.py", line 1163, in emit
    stream.write(msg + self.terminator)
  File "C:\Program Files\WindowsApps\PythonSoftwareFoundation.Python.3.12_3.12.2800.0_x64__qbz5n2kfra8p0\Lib\encodings\cp1252.py", line 19, in encode
    return codecs.charmap_encode(input,self.errors,encoding_table)[0]
           ^^^^^^^^^^^^^^^^^^^^^^^^^^^^^^^^^^^^^^^^^^^^^^^^^^^^^^^
UnicodeEncodeError: 'charmap' codec can't encode characters in position 67-68: character maps to <undefined>
Call stack:
  File "C:\Code\gex_telegram\main.py", line 92, in <module>
    main()
  File "C:\Code\gex_telegram\main.py", line 80, in main
    asyncio.run(start_listener())
  File "C:\Program Files\WindowsApps\PythonSoftwareFoundation.Python.3.12_3.12.2800.0_x64__qbz5n2kfra8p0\Lib\asyncio\runners.py", line 195, in run
    return runner.run(main)
  File "C:\Program Files\WindowsApps\PythonSoftwareFoundation.Python.3.12_3.12.2800.0_x64__qbz5n2kfra8p0\Lib\asyncio\runners.py", line 118, in run
    return self._loop.run_until_complete(task)
  File "C:\Program Files\WindowsApps\PythonSoftwareFoundation.Python.3.12_3.12.2800.0_x64__qbz5n2kfra8p0\Lib\asyncio\base_events.py", line 678, in run_until_complete
    self.run_forever()
  File "C:\Program Files\WindowsApps\PythonSoftwareFoundation.Python.3.12_3.12.2800.0_x64__qbz5n2kfra8p0\Lib\asyncio\windows_events.py", line 322, in run_forever
    super().run_forever()
  File "C:\Program Files\WindowsApps\PythonSoftwareFoundation.Python.3.12_3.12.2800.0_x64__qbz5n2kfra8p0\Lib\asyncio\base_events.py", line 645, in run_forever
    self._run_once()
  File "C:\Program Files\WindowsApps\PythonSoftwareFoundation.Python.3.12_3.12.2800.0_x64__qbz5n2kfra8p0\Lib\asyncio\base_events.py", line 1999, in _run_once
    handle._run()
  File "C:\Program Files\WindowsApps\PythonSoftwareFoundation.Python.3.12_3.12.2800.0_x64__qbz5n2kfra8p0\Lib\asyncio\events.py", line 88, in _run
    self._context.run(self._callback, *self._args)
  File "C:\Code\gex_telegram\telegram_listener.py", line 1939, in data_feed_watchdog
    pipeline.watchdog.check_signal_flow()
  File "C:\Code\gex_telegram\delivery_watchdog.py", line 226, in check_signal_flow
    log.warning(f"DeliveryWatchdog: {msg}")
Message: 'DeliveryWatchdog: \u26a0\ufe0f ENGINE IDLE: No signals delivered in 89+ minutes\nCheck data feed, Telegram listener, or GEX engine health.\nTime: 09:27 AM PT'
Arguments: ()
2026-03-26 09:27:54 [INFO] discord_alerts: Sent DATA_RESTORED to gex_engine
2026-03-26 09:29:22 [INFO] telegram_listener: Raw message (723 chars): **? SPX Gamma Exposure Update (20260326)**
? 2026-03-26 19:29:23
? **Current Price: $6,520.16**

**Top 5 Call Positions (Positive Gamma):**
- Strike: `$6,600` | Gamma: `193,984,476`
- Strike: `$6,550` | Gamma: `128,294,182`
- Strike: `$6,500` | Gamma: `120,463,382`
- Strike: `$6,590` | Gamma: `87,57...
2026-03-26 09:29:22 [INFO] telegram_listener: Saved snapshot #147614: price=6520.16, gamma=-12.30Bn, session=RTH
2026-03-26 09:30:33 [INFO] telegram_listener: Raw message (723 chars): **? SPX Gamma Exposure Update (20260326)**
? 2026-03-26 19:30:33
? **Current Price: $6,519.85**

**Top 5 Call Positions (Positive Gamma):**
- Strike: `$6,600` | Gamma: `193,966,030`
- Strike: `$6,550` | Gamma: `126,658,160`
- Strike: `$6,500` | Gamma: `125,688,967`
- Strike: `$6,570` | Gamma: `85,54...
2026-03-26 09:30:33 [INFO] telegram_listener: Saved snapshot #147615: price=6519.85, gamma=-12.65Bn, session=RTH
2026-03-26 09:32:03 [INFO] telegram_listener: Raw message (723 chars): **? SPX Gamma Exposure Update (20260326)**
? 2026-03-26 19:32:03
? **Current Price: $6,518.01**

**Top 5 Call Positions (Positive Gamma):**
- Strike: `$6,600` | Gamma: `180,932,794`
- Strike: `$6,500` | Gamma: `124,309,513`
- Strike: `$6,550` | Gamma: `121,717,962`
- Strike: `$6,590` | Gamma: `83,35...
2026-03-26 09:32:03 [INFO] telegram_listener: Saved snapshot #147616: price=6518.01, gamma=-12.51Bn, session=RTH
2026-03-26 09:33:32 [INFO] telegram_listener: Raw message (723 chars): **? SPX Gamma Exposure Update (20260326)**
? 2026-03-26 19:33:32
? **Current Price: $6,516.38**

**Top 5 Call Positions (Positive Gamma):**
- Strike: `$6,600` | Gamma: `180,842,312`
- Strike: `$6,500` | Gamma: `124,247,347`
- Strike: `$6,550` | Gamma: `115,168,714`
- Strike: `$6,590` | Gamma: `79,14...
2026-03-26 09:33:32 [INFO] telegram_listener: Saved snapshot #147617: price=6516.38, gamma=-11.98Bn, session=RTH
2026-03-26 09:35:04 [INFO] telegram_listener: Raw message (723 chars): **? SPX Gamma Exposure Update (20260326)**
? 2026-03-26 19:35:05
? **Current Price: $6,519.44**

**Top 5 Call Positions (Positive Gamma):**
- Strike: `$6,600` | Gamma: `193,941,636`
- Strike: `$6,550` | Gamma: `126,642,231`
- Strike: `$6,500` | Gamma: `125,673,160`
- Strike: `$6,590` | Gamma: `87,56...
2026-03-26 09:35:05 [INFO] telegram_listener: Saved snapshot #147618: price=6519.44, gamma=-12.23Bn, session=RTH
2026-03-26 09:36:12 [INFO] telegram_listener: Raw message (723 chars): **? SPX Gamma Exposure Update (20260326)**
? 2026-03-26 19:36:12
? **Current Price: $6,520.32**

**Top 5 Call Positions (Positive Gamma):**
- Strike: `$6,600` | Gamma: `193,993,996`
- Strike: `$6,550` | Gamma: `129,924,535`
- Strike: `$6,500` | Gamma: `124,397,640`
- Strike: `$6,590` | Gamma: `91,75...
2026-03-26 09:36:12 [INFO] telegram_listener: Saved snapshot #147619: price=6520.32, gamma=-12.41Bn, session=RTH
2026-03-26 09:37:01 [INFO] telethon.client.updates: Got difference for channel 1220977767 updates
2026-03-26 09:37:02 [INFO] telethon.client.updates: Got difference for channel 1339255863 updates
2026-03-26 09:37:41 [INFO] telegram_listener: Raw message (723 chars): **? SPX Gamma Exposure Update (20260326)**
? 2026-03-26 19:37:42
? **Current Price: $6,521.26**

**Top 5 Call Positions (Positive Gamma):**
- Strike: `$6,600` | Gamma: `206,986,597`
- Strike: `$6,550` | Gamma: `133,211,049`
- Strike: `$6,500` | Gamma: `123,123,684`
- Strike: `$6,590` | Gamma: `91,78...
2026-03-26 09:37:41 [INFO] telegram_listener: Saved snapshot #147620: price=6521.26, gamma=-12.08Bn, session=RTH
2026-03-26 09:39:12 [INFO] telegram_listener: Raw message (723 chars): **? SPX Gamma Exposure Update (20260326)**
? 2026-03-26 19:39:12
? **Current Price: $6,518.68**

**Top 5 Call Positions (Positive Gamma):**
- Strike: `$6,600` | Gamma: `206,822,849`
- Strike: `$6,500` | Gamma: `128,261,442`
- Strike: `$6,550` | Gamma: `123,366,226`
- Strike: `$6,590` | Gamma: `87,54...
2026-03-26 09:39:12 [INFO] telegram_listener: Saved snapshot #147621: price=6518.68, gamma=-12.49Bn, session=RTH
2026-03-26 09:40:43 [INFO] telegram_listener: Raw message (723 chars): **? SPX Gamma Exposure Update (20260326)**
? 2026-03-26 19:40:43
? **Current Price: $6,515.98**

**Top 5 Call Positions (Positive Gamma):**
- Strike: `$6,600` | Gamma: `193,735,833`
- Strike: `$6,500` | Gamma: `128,155,213`
- Strike: `$6,550` | Gamma: `115,154,575`
- Strike: `$6,590` | Gamma: `83,30...
2026-03-26 09:40:43 [INFO] telegram_listener: Saved snapshot #147622: price=6515.98, gamma=-12.40Bn, session=RTH
2026-03-26 09:42:12 [INFO] telegram_listener: Raw message (723 chars): **? SPX Gamma Exposure Update (20260326)**
? 2026-03-26 19:42:13
? **Current Price: $6,517.96**

**Top 5 Call Positions (Positive Gamma):**
- Strike: `$6,600` | Gamma: `206,777,164`
- Strike: `$6,500` | Gamma: `130,850,112`
- Strike: `$6,550` | Gamma: `121,716,094`
- Strike: `$6,590` | Gamma: `87,52...
2026-03-26 09:42:12 [INFO] telegram_listener: Saved snapshot #147623: price=6517.96, gamma=-12.78Bn, session=RTH
2026-03-26 09:43:42 [INFO] telegram_listener: Raw message (723 chars): **? SPX Gamma Exposure Update (20260326)**
? 2026-03-26 19:43:42
? **Current Price: $6,518.70**

**Top 5 Call Positions (Positive Gamma):**
- Strike: `$6,600` | Gamma: `206,824,118`
- Strike: `$6,500` | Gamma: `125,644,632`
- Strike: `$6,550` | Gamma: `123,366,983`
- Strike: `$6,590` | Gamma: `91,70...
2026-03-26 09:43:42 [INFO] telegram_listener: Saved snapshot #147624: price=6518.7, gamma=-12.07Bn, session=RTH
2026-03-26 09:45:11 [INFO] telegram_listener: Raw message (723 chars): **? SPX Gamma Exposure Update (20260326)**
? 2026-03-26 19:45:11
? **Current Price: $6,520.52**

**Top 5 Call Positions (Positive Gamma):**
- Strike: `$6,600` | Gamma: `219,873,350`
- Strike: `$6,550` | Gamma: `129,932,505`
- Strike: `$6,500` | Gamma: `121,786,213`
- Strike: `$6,590` | Gamma: `91,76...
2026-03-26 09:45:11 [INFO] telegram_listener: Saved snapshot #147625: price=6520.52, gamma=-11.39Bn, session=RTH
2026-03-26 09:46:42 [INFO] telegram_listener: Raw message (723 chars): **? SPX Gamma Exposure Update (20260326)**
? 2026-03-26 19:46:43
? **Current Price: $6,519.32**

**Top 5 Call Positions (Positive Gamma):**
- Strike: `$6,600` | Gamma: `219,792,429`
- Strike: `$6,500` | Gamma: `128,286,628`
- Strike: `$6,550` | Gamma: `126,637,569`
- Strike: `$6,590` | Gamma: `91,72...
2026-03-26 09:46:42 [INFO] telegram_listener: Saved snapshot #147626: price=6519.32, gamma=-12.39Bn, session=RTH
2026-03-26 09:48:12 [INFO] telegram_listener: Raw message (723 chars): **? SPX Gamma Exposure Update (20260326)**
? 2026-03-26 19:48:12
? **Current Price: $6,518.03**

**Top 5 Call Positions (Positive Gamma):**
- Strike: `$6,600` | Gamma: `206,781,605`
- Strike: `$6,500` | Gamma: `130,852,922`
- Strike: `$6,550` | Gamma: `121,718,709`
- Strike: `$6,590` | Gamma: `87,52...
2026-03-26 09:48:12 [INFO] telegram_listener: Saved snapshot #147627: price=6518.03, gamma=-12.53Bn, session=RTH
2026-03-26 09:49:40 [INFO] telegram_listener: Raw message (723 chars): **? SPX Gamma Exposure Update (20260326)**
? 2026-03-26 19:49:41
? **Current Price: $6,514.88**

**Top 5 Call Positions (Positive Gamma):**
- Strike: `$6,600` | Gamma: `193,670,427`
- Strike: `$6,500` | Gamma: `133,341,007`
- Strike: `$6,550` | Gamma: `111,873,003`
- Strike: `$6,590` | Gamma: `83,27...
2026-03-26 09:49:40 [INFO] telegram_listener: Saved snapshot #147628: price=6514.88, gamma=-13.06Bn, session=RTH
2026-03-26 09:51:12 [INFO] telegram_listener: Raw message (723 chars): **? SPX Gamma Exposure Update (20260326)**
? 2026-03-26 19:51:12
? **Current Price: $6,516.38**

**Top 5 Call Positions (Positive Gamma):**
- Strike: `$6,600` | Gamma: `193,759,619`
- Strike: `$6,500` | Gamma: `129,478,815`
- Strike: `$6,550` | Gamma: `116,790,808`
- Strike: `$6,590` | Gamma: `83,31...
2026-03-26 09:51:12 [INFO] telegram_listener: Saved snapshot #147629: price=6516.38, gamma=-12.16Bn, session=RTH
2026-03-26 09:52:41 [INFO] telegram_listener: Raw message (723 chars): **? SPX Gamma Exposure Update (20260326)**
? 2026-03-26 19:52:41
? **Current Price: $6,519.74**

**Top 5 Call Positions (Positive Gamma):**
- Strike: `$6,600` | Gamma: `219,820,750`
- Strike: `$6,550` | Gamma: `128,277,654`
- Strike: `$6,500` | Gamma: `125,684,726`
- Strike: `$6,590` | Gamma: `91,73...
2026-03-26 09:52:41 [INFO] telegram_listener: Saved snapshot #147630: price=6519.74, gamma=-11.63Bn, session=RTH
2026-03-26 09:54:09 [INFO] telegram_listener: Raw message (723 chars): **? SPX Gamma Exposure Update (20260326)**
? 2026-03-26 19:54:10
? **Current Price: $6,519.93**

**Top 5 Call Positions (Positive Gamma):**
- Strike: `$6,600` | Gamma: `219,833,562`
- Strike: `$6,550` | Gamma: `128,285,130`
- Strike: `$6,500` | Gamma: `125,692,052`
- Strike: `$6,590` | Gamma: `91,74...
2026-03-26 09:54:09 [INFO] telegram_listener: Saved snapshot #147631: price=6519.93, gamma=-11.89Bn, session=RTH
2026-03-26 09:55:38 [INFO] telegram_listener: Raw message (723 chars): **? SPX Gamma Exposure Update (20260326)**
? 2026-03-26 19:55:38
? **Current Price: $6,518.50**

**Top 5 Call Positions (Positive Gamma):**
- Strike: `$6,600` | Gamma: `206,811,427`
- Strike: `$6,500` | Gamma: `126,945,640`
- Strike: `$6,550` | Gamma: `123,359,413`
- Strike: `$6,590` | Gamma: `91,70...
2026-03-26 09:55:38 [INFO] telegram_listener: Saved snapshot #147632: price=6518.5, gamma=-11.76Bn, session=RTH
2026-03-26 09:57:10 [INFO] telegram_listener: Raw message (723 chars): **? SPX Gamma Exposure Update (20260326)**
? 2026-03-26 19:57:11
? **Current Price: $6,519.52**

**Top 5 Call Positions (Positive Gamma):**
- Strike: `$6,600` | Gamma: `219,805,915`
- Strike: `$6,550` | Gamma: `126,645,339`
- Strike: `$6,500` | Gamma: `124,367,117`
- Strike: `$6,590` | Gamma: `91,73...
2026-03-26 09:57:10 [INFO] telegram_listener: Saved snapshot #147633: price=6519.52, gamma=-11.67Bn, session=RTH
--- Logging error ---
Traceback (most recent call last):
  File "C:\Program Files\WindowsApps\PythonSoftwareFoundation.Python.3.12_3.12.2800.0_x64__qbz5n2kfra8p0\Lib\logging\__init__.py", line 1163, in emit
    stream.write(msg + self.terminator)
  File "C:\Program Files\WindowsApps\PythonSoftwareFoundation.Python.3.12_3.12.2800.0_x64__qbz5n2kfra8p0\Lib\encodings\cp1252.py", line 19, in encode
    return codecs.charmap_encode(input,self.errors,encoding_table)[0]
           ^^^^^^^^^^^^^^^^^^^^^^^^^^^^^^^^^^^^^^^^^^^^^^^^^^^^^^^
UnicodeEncodeError: 'charmap' codec can't encode characters in position 67-68: character maps to <undefined>
Call stack:
  File "C:\Code\gex_telegram\main.py", line 92, in <module>
    main()
  File "C:\Code\gex_telegram\main.py", line 80, in main
    asyncio.run(start_listener())
  File "C:\Program Files\WindowsApps\PythonSoftwareFoundation.Python.3.12_3.12.2800.0_x64__qbz5n2kfra8p0\Lib\asyncio\runners.py", line 195, in run
    return runner.run(main)
  File "C:\Program Files\WindowsApps\PythonSoftwareFoundation.Python.3.12_3.12.2800.0_x64__qbz5n2kfra8p0\Lib\asyncio\runners.py", line 118, in run
    return self._loop.run_until_complete(task)
  File "C:\Program Files\WindowsApps\PythonSoftwareFoundation.Python.3.12_3.12.2800.0_x64__qbz5n2kfra8p0\Lib\asyncio\base_events.py", line 678, in run_until_complete
    self.run_forever()
  File "C:\Program Files\WindowsApps\PythonSoftwareFoundation.Python.3.12_3.12.2800.0_x64__qbz5n2kfra8p0\Lib\asyncio\windows_events.py", line 322, in run_forever
    super().run_forever()
  File "C:\Program Files\WindowsApps\PythonSoftwareFoundation.Python.3.12_3.12.2800.0_x64__qbz5n2kfra8p0\Lib\asyncio\base_events.py", line 645, in run_forever
    self._run_once()
  File "C:\Program Files\WindowsApps\PythonSoftwareFoundation.Python.3.12_3.12.2800.0_x64__qbz5n2kfra8p0\Lib\asyncio\base_events.py", line 1999, in _run_once
    handle._run()
  File "C:\Program Files\WindowsApps\PythonSoftwareFoundation.Python.3.12_3.12.2800.0_x64__qbz5n2kfra8p0\Lib\asyncio\events.py", line 88, in _run
    self._context.run(self._callback, *self._args)
  File "C:\Code\gex_telegram\telegram_listener.py", line 1939, in data_feed_watchdog
    pipeline.watchdog.check_signal_flow()
  File "C:\Code\gex_telegram\delivery_watchdog.py", line 226, in check_signal_flow
    log.warning(f"DeliveryWatchdog: {msg}")
Message: 'DeliveryWatchdog: \u26a0\ufe0f ENGINE IDLE: No signals delivered in 119+ minutes\nCheck data feed, Telegram listener, or GEX engine health.\nTime: 09:57 AM PT'
Arguments: ()
2026-03-26 09:57:54 [INFO] discord_alerts: Sent DATA_RESTORED to gex_engine
2026-03-26 09:58:40 [INFO] telegram_listener: Raw message (723 chars): **? SPX Gamma Exposure Update (20260326)**
? 2026-03-26 19:58:40
? **Current Price: $6,520.12**

**Top 5 Call Positions (Positive Gamma):**
- Strike: `$6,600` | Gamma: `219,846,375`
- Strike: `$6,550` | Gamma: `129,916,564`
- Strike: `$6,500` | Gamma: `129,627,483`
- Strike: `$6,590` | Gamma: `91,74...
2026-03-26 09:58:40 [INFO] telegram_listener: Saved snapshot #147634: price=6520.12, gamma=-12.40Bn, session=RTH
2026-03-26 10:00:09 [INFO] telegram_listener: Raw message (723 chars): **? SPX Gamma Exposure Update (20260326)**
? 2026-03-26 20:00:10
? **Current Price: $6,522.19**

**Top 5 Call Positions (Positive Gamma):**
- Strike: `$6,600` | Gamma: `219,985,990`
- Strike: `$6,550` | Gamma: `136,499,023`
- Strike: `$6,500` | Gamma: `127,089,404`
- Strike: `$6,590` | Gamma: `91,80...
2026-03-26 10:00:09 [INFO] telegram_listener: Saved snapshot #147635: price=6522.19, gamma=-12.23Bn, session=RTH
2026-03-26 10:01:42 [INFO] telegram_listener: Raw message (724 chars): **? SPX Gamma Exposure Update (20260326)**
? 2026-03-26 20:01:42
? **Current Price: $6,524.78**

**Top 5 Call Positions (Positive Gamma):**
- Strike: `$6,600` | Gamma: `233,111,372`
- Strike: `$6,550` | Gamma: `151,243,966`
- Strike: `$6,500` | Gamma: `121,945,397`
- Strike: `$6,590` | Gamma: `100,2...
2026-03-26 10:01:42 [INFO] telegram_listener: Saved snapshot #147636: price=6524.78, gamma=-12.11Bn, session=RTH
2026-03-26 10:03:11 [INFO] telegram_listener: Raw message (723 chars): **? SPX Gamma Exposure Update (20260326)**
? 2026-03-26 20:03:11
? **Current Price: $6,522.94**

**Top 5 Call Positions (Positive Gamma):**
- Strike: `$6,600` | Gamma: `220,036,586`
- Strike: `$6,550` | Gamma: `143,031,865`
- Strike: `$6,500` | Gamma: `127,118,634`
- Strike: `$6,590` | Gamma: `91,82...
2026-03-26 10:03:11 [INFO] telegram_listener: Saved snapshot #147637: price=6522.94, gamma=-12.44Bn, session=RTH
2026-03-26 10:04:41 [INFO] telegram_listener: Raw message (723 chars): **? SPX Gamma Exposure Update (20260326)**
? 2026-03-26 20:04:41
? **Current Price: $6,521.49**

**Top 5 Call Positions (Positive Gamma):**
- Strike: `$6,600` | Gamma: `194,063,623`
- Strike: `$6,550` | Gamma: `136,469,724`
- Strike: `$6,500` | Gamma: `129,681,963`
- Strike: `$6,590` | Gamma: `87,61...
2026-03-26 10:04:41 [INFO] telegram_listener: Saved snapshot #147638: price=6521.49, gamma=-12.49Bn, session=RTH
2026-03-26 10:06:10 [INFO] telegram_listener: Raw message (723 chars): **? SPX Gamma Exposure Update (20260326)**
? 2026-03-26 20:06:11
? **Current Price: $6,521.08**

**Top 5 Call Positions (Positive Gamma):**
- Strike: `$6,600` | Gamma: `194,039,222`
- Strike: `$6,550` | Gamma: `134,828,130`
- Strike: `$6,500` | Gamma: `130,975,412`
- Strike: `$6,590` | Gamma: `83,43...
2026-03-26 10:06:10 [INFO] telegram_listener: Saved snapshot #147639: price=6521.08, gamma=-12.57Bn, session=RTH
2026-03-26 10:07:42 [INFO] telegram_listener: Raw message (723 chars): **? SPX Gamma Exposure Update (20260326)**
? 2026-03-26 20:07:42
? **Current Price: $6,520.02**

**Top 5 Call Positions (Positive Gamma):**
- Strike: `$6,600` | Gamma: `193,976,145`
- Strike: `$6,500` | Gamma: `132,242,164`
- Strike: `$6,550` | Gamma: `131,536,487`
- Strike: `$6,590` | Gamma: `83,40...
2026-03-26 10:07:42 [INFO] telegram_listener: Saved snapshot #147640: price=6520.02, gamma=-12.39Bn, session=RTH
2026-03-26 10:09:11 [INFO] telegram_listener: Raw message (723 chars): **? SPX Gamma Exposure Update (20260326)**
? 2026-03-26 20:09:11
? **Current Price: $6,520.59**

**Top 5 Call Positions (Positive Gamma):**
- Strike: `$6,600` | Gamma: `181,076,059`
- Strike: `$6,500` | Gamma: `134,884,401`
- Strike: `$6,550` | Gamma: `133,183,677`
- Strike: `$6,570` | Gamma: `79,59...
2026-03-26 10:09:11 [INFO] telegram_listener: Saved snapshot #147641: price=6520.59, gamma=-12.92Bn, session=RTH
2026-03-26 10:10:40 [INFO] telegram_listener: Raw message (723 chars): **? SPX Gamma Exposure Update (20260326)**
? 2026-03-26 20:10:40
? **Current Price: $6,519.17**

**Top 5 Call Positions (Positive Gamma):**
- Strike: `$6,600` | Gamma: `180,997,201`
- Strike: `$6,500` | Gamma: `136,134,647`
- Strike: `$6,550` | Gamma: `128,255,225`
- Strike: `$6,570` | Gamma: `75,58...
2026-03-26 10:10:40 [INFO] telegram_listener: Saved snapshot #147642: price=6519.17, gamma=-12.21Bn, session=RTH
2026-03-26 10:12:13 [INFO] telegram_listener: Raw message (723 chars): **? SPX Gamma Exposure Update (20260326)**
? 2026-03-26 20:12:13
? **Current Price: $6,517.15**

**Top 5 Call Positions (Positive Gamma):**
- Strike: `$6,600` | Gamma: `167,964,691`
- Strike: `$6,500` | Gamma: `146,515,703`
- Strike: `$6,550` | Gamma: `118,440,889`
- Strike: `$6,590` | Gamma: `70,83...
2026-03-26 10:12:13 [INFO] telegram_listener: Saved snapshot #147643: price=6517.15, gamma=-13.25Bn, session=RTH
2026-03-26 10:13:42 [INFO] telegram_listener: Raw message (723 chars): **? SPX Gamma Exposure Update (20260326)**
? 2026-03-26 20:13:42
? **Current Price: $6,517.76**

**Top 5 Call Positions (Positive Gamma):**
- Strike: `$6,600` | Gamma: `167,996,135`
- Strike: `$6,500` | Gamma: `145,234,711`
- Strike: `$6,550` | Gamma: `121,708,625`
- Strike: `$6,590` | Gamma: `70,84...
2026-03-26 10:13:42 [INFO] telegram_listener: Saved snapshot #147644: price=6517.76, gamma=-13.19Bn, session=RTH
2026-03-26 10:15:11 [INFO] telegram_listener: Raw message (723 chars): **? SPX Gamma Exposure Update (20260326)**
? 2026-03-26 20:15:12
? **Current Price: $6,515.47**

**Top 5 Call Positions (Positive Gamma):**
- Strike: `$6,600` | Gamma: `154,964,406`
- Strike: `$6,500` | Gamma: `151,670,181`
- Strike: `$6,550` | Gamma: `111,893,267`
- Strike: `$6,590` | Gamma: `66,63...
2026-03-26 10:15:11 [INFO] telegram_listener: Saved snapshot #147645: price=6515.47, gamma=-13.70Bn, session=RTH
2026-03-26 10:16:41 [INFO] telegram_listener: Raw message (723 chars): **? SPX Gamma Exposure Update (20260326)**
? 2026-03-26 20:16:41
? **Current Price: $6,516.02**

**Top 5 Call Positions (Positive Gamma):**
- Strike: `$6,600` | Gamma: `167,906,450`
- Strike: `$6,500` | Gamma: `145,157,177`
- Strike: `$6,550` | Gamma: `115,155,989`
- Strike: `$6,590` | Gamma: `66,64...
2026-03-26 10:16:41 [INFO] telegram_listener: Saved snapshot #147646: price=6516.02, gamma=-13.24Bn, session=RTH
2026-03-26 10:17:52 [INFO] telegram_listener: Raw message (723 chars): **? SPX Gamma Exposure Update (20260326)**
? 2026-03-26 20:17:52
? **Current Price: $6,517.04**

**Top 5 Call Positions (Positive Gamma):**
- Strike: `$6,600` | Gamma: `167,959,021`
- Strike: `$6,500` | Gamma: `143,894,494`
- Strike: `$6,550` | Gamma: `118,436,890`
- Strike: `$6,590` | Gamma: `74,99...
2026-03-26 10:17:52 [INFO] telegram_listener: Saved snapshot #147647: price=6517.04, gamma=-12.66Bn, session=RTH
2026-03-26 10:19:21 [INFO] telegram_listener: Raw message (723 chars): **? SPX Gamma Exposure Update (20260326)**
? 2026-03-26 20:19:22
? **Current Price: $6,516.07**

**Top 5 Call Positions (Positive Gamma):**
- Strike: `$6,600` | Gamma: `167,909,027`
- Strike: `$6,500` | Gamma: `146,467,147`
- Strike: `$6,550` | Gamma: `115,157,756`
- Strike: `$6,590` | Gamma: `70,80...
2026-03-26 10:19:21 [INFO] telegram_listener: Saved snapshot #147648: price=6516.07, gamma=-13.19Bn, session=RTH
2026-03-26 10:20:51 [INFO] telegram_listener: Raw message (723 chars): **? SPX Gamma Exposure Update (20260326)**
? 2026-03-26 20:20:51
? **Current Price: $6,514.24**

**Top 5 Call Positions (Positive Gamma):**
- Strike: `$6,500` | Gamma: `159,454,969`
- Strike: `$6,600` | Gamma: `154,905,902`
- Strike: `$6,550` | Gamma: `106,987,936`
- Strike: `$6,590` | Gamma: `70,76...
2026-03-26 10:20:51 [INFO] telegram_listener: Saved snapshot #147649: price=6514.24, gamma=-14.55Bn, session=RTH
2026-03-26 10:22:24 [INFO] telegram_listener: Raw message (722 chars): **? SPX Gamma Exposure Update (20260326)**
? 2026-03-26 20:22:25
? **Current Price: $6,511.36**

**Top 5 Call Positions (Positive Gamma):**
- Strike: `$6,500` | Gamma: `164,537,417`
- Strike: `$6,600` | Gamma: `141,871,549`
- Strike: `$6,550` | Gamma: `95,556,182`
- Strike: `$6,510` | Gamma: `66,115...
2026-03-26 10:22:24 [INFO] telegram_listener: Saved snapshot #147650: price=6511.36, gamma=-14.52Bn, session=RTH
2026-03-26 10:23:53 [INFO] telegram_listener: Raw message (722 chars): **? SPX Gamma Exposure Update (20260326)**
? 2026-03-26 20:23:54
? **Current Price: $6,510.57**

**Top 5 Call Positions (Positive Gamma):**
- Strike: `$6,500` | Gamma: `167,108,566`
- Strike: `$6,600` | Gamma: `141,837,125`
- Strike: `$6,550` | Gamma: `93,913,793`
- Strike: `$6,700` | Gamma: `67,311...
2026-03-26 10:23:53 [INFO] telegram_listener: Saved snapshot #147651: price=6510.57, gamma=-14.33Bn, session=RTH
2026-03-26 10:25:24 [INFO] telegram_listener: Raw message (726 chars): **? SPX Gamma Exposure Update (20260326)**
? 2026-03-26 20:25:24
? **Current Price: $6,507.76**

**Top 5 Call Positions (Positive Gamma):**
- Strike: `$6,500` | Gamma: `173,486,392`
- Strike: `$6,600` | Gamma: `128,831,560`
- Strike: `$6,550` | Gamma: `84,125,908`
- Strike: `$6,700` | Gamma: `67,253...
2026-03-26 10:25:24 [INFO] telegram_listener: Saved snapshot #147652: price=6507.76, gamma=-15.43Bn, session=RTH
2026-03-26 10:26:54 [INFO] telegram_listener: Raw message (726 chars): **? SPX Gamma Exposure Update (20260326)**
? 2026-03-26 20:26:55
? **Current Price: $6,507.83**

**Top 5 Call Positions (Positive Gamma):**
- Strike: `$6,500` | Gamma: `174,794,561`
- Strike: `$6,600` | Gamma: `128,834,332`
- Strike: `$6,550` | Gamma: `84,127,717`
- Strike: `$6,700` | Gamma: `67,254...
2026-03-26 10:26:54 [INFO] telegram_listener: Saved snapshot #147653: price=6507.83, gamma=-15.29Bn, session=RTH
2026-03-26 10:27:13 [INFO] telegram_listener: Channel msg [controlOptionalspx]: ??? ?????

 6491
--- Logging error ---
Traceback (most recent call last):
  File "C:\Program Files\WindowsApps\PythonSoftwareFoundation.Python.3.12_3.12.2800.0_x64__qbz5n2kfra8p0\Lib\logging\__init__.py", line 1163, in emit
    stream.write(msg + self.terminator)
  File "C:\Program Files\WindowsApps\PythonSoftwareFoundation.Python.3.12_3.12.2800.0_x64__qbz5n2kfra8p0\Lib\encodings\cp1252.py", line 19, in encode
    return codecs.charmap_encode(input,self.errors,encoding_table)[0]
           ^^^^^^^^^^^^^^^^^^^^^^^^^^^^^^^^^^^^^^^^^^^^^^^^^^^^^^^
UnicodeEncodeError: 'charmap' codec can't encode characters in position 67-68: character maps to <undefined>
Call stack:
  File "C:\Code\gex_telegram\main.py", line 92, in <module>
    main()
  File "C:\Code\gex_telegram\main.py", line 80, in main
    asyncio.run(start_listener())
  File "C:\Program Files\WindowsApps\PythonSoftwareFoundation.Python.3.12_3.12.2800.0_x64__qbz5n2kfra8p0\Lib\asyncio\runners.py", line 195, in run
    return runner.run(main)
  File "C:\Program Files\WindowsApps\PythonSoftwareFoundation.Python.3.12_3.12.2800.0_x64__qbz5n2kfra8p0\Lib\asyncio\runners.py", line 118, in run
    return self._loop.run_until_complete(task)
  File "C:\Program Files\WindowsApps\PythonSoftwareFoundation.Python.3.12_3.12.2800.0_x64__qbz5n2kfra8p0\Lib\asyncio\base_events.py", line 678, in run_until_complete
    self.run_forever()
  File "C:\Program Files\WindowsApps\PythonSoftwareFoundation.Python.3.12_3.12.2800.0_x64__qbz5n2kfra8p0\Lib\asyncio\windows_events.py", line 322, in run_forever
    super().run_forever()
  File "C:\Program Files\WindowsApps\PythonSoftwareFoundation.Python.3.12_3.12.2800.0_x64__qbz5n2kfra8p0\Lib\asyncio\base_events.py", line 645, in run_forever
    self._run_once()
  File "C:\Program Files\WindowsApps\PythonSoftwareFoundation.Python.3.12_3.12.2800.0_x64__qbz5n2kfra8p0\Lib\asyncio\base_events.py", line 1999, in _run_once
    handle._run()
  File "C:\Program Files\WindowsApps\PythonSoftwareFoundation.Python.3.12_3.12.2800.0_x64__qbz5n2kfra8p0\Lib\asyncio\events.py", line 88, in _run
    self._context.run(self._callback, *self._args)
  File "C:\Code\gex_telegram\telegram_listener.py", line 1939, in data_feed_watchdog
    pipeline.watchdog.check_signal_flow()
  File "C:\Code\gex_telegram\delivery_watchdog.py", line 226, in check_signal_flow
    log.warning(f"DeliveryWatchdog: {msg}")
Message: 'DeliveryWatchdog: \u26a0\ufe0f ENGINE IDLE: No signals delivered in 149+ minutes\nCheck data feed, Telegram listener, or GEX engine health.\nTime: 10:27 AM PT'
Arguments: ()
2026-03-26 10:27:55 [INFO] discord_alerts: Sent DATA_RESTORED to gex_engine
2026-03-26 10:28:26 [INFO] telegram_listener: Raw message (726 chars): **? SPX Gamma Exposure Update (20260326)**
? 2026-03-26 20:28:27
? **Current Price: $6,506.99**

**Top 5 Call Positions (Positive Gamma):**
- Strike: `$6,500` | Gamma: `169,533,039`
- Strike: `$6,600` | Gamma: `128,801,075`
- Strike: `$6,550` | Gamma: `82,488,578`
- Strike: `$6,700` | Gamma: `67,237...
2026-03-26 10:28:26 [INFO] telegram_listener: Saved snapshot #147654: price=6506.99, gamma=-14.55Bn, session=RTH
2026-03-26 10:29:57 [INFO] telegram_listener: Raw message (724 chars): **? SPX Gamma Exposure Update (20260326)**
? 2026-03-26 20:29:57
? **Current Price: $6,510.87**

**Top 5 Call Positions (Positive Gamma):**
- Strike: `$6,500` | Gamma: `168,429,622`
- Strike: `$6,600` | Gamma: `141,850,197`
- Strike: `$6,550` | Gamma: `93,922,448`
- Strike: `$6,510` | Gamma: `68,021...
2026-03-26 10:29:57 [INFO] telegram_listener: Saved snapshot #147655: price=6510.87, gamma=-13.92Bn, session=RTH
2026-03-26 10:31:28 [INFO] telegram_listener: Raw message (726 chars): **? SPX Gamma Exposure Update (20260326)**
? 2026-03-26 20:31:28
? **Current Price: $6,509.59**

**Top 5 Call Positions (Positive Gamma):**
- Strike: `$6,500` | Gamma: `176,194,260`
- Strike: `$6,600` | Gamma: `141,794,428`
- Strike: `$6,550` | Gamma: `89,029,375`
- Strike: `$6,510` | Gamma: `68,952...
2026-03-26 10:31:28 [INFO] telegram_listener: Saved snapshot #147656: price=6509.59, gamma=-14.83Bn, session=RTH
2026-03-26 10:33:00 [INFO] telegram_listener: Raw message (722 chars): **? SPX Gamma Exposure Update (20260326)**
? 2026-03-26 20:33:01
? **Current Price: $6,511.58**

**Top 5 Call Positions (Positive Gamma):**
- Strike: `$6,500` | Gamma: `172,384,181`
- Strike: `$6,600` | Gamma: `141,881,136`
- Strike: `$6,550` | Gamma: `95,562,639`
- Strike: `$6,510` | Gamma: `69,952...
2026-03-26 10:33:00 [INFO] telegram_listener: Saved snapshot #147657: price=6511.58, gamma=-14.32Bn, session=RTH
2026-03-26 10:34:08 [INFO] telegram_listener: Raw message (723 chars): **? SPX Gamma Exposure Update (20260326)**
? 2026-03-26 20:34:09
? **Current Price: $6,514.14**

**Top 5 Call Positions (Positive Gamma):**
- Strike: `$6,500` | Gamma: `162,064,009`
- Strike: `$6,600` | Gamma: `141,992,718`
- Strike: `$6,550` | Gamma: `105,363,672`
- Strike: `$6,510` | Gamma: `68,08...
2026-03-26 10:34:08 [INFO] telegram_listener: Saved snapshot #147658: price=6514.14, gamma=-13.87Bn, session=RTH
2026-03-26 10:34:58 [INFO] telegram_listener: Channel msg [SmartStrategy_Trader]: ????? ????? ???? ???? ???? ???? ???? ???????
2026-03-26 10:35:38 [INFO] telegram_listener: Raw message (723 chars): **? SPX Gamma Exposure Update (20260326)**
? 2026-03-26 20:35:39
? **Current Price: $6,514.83**

**Top 5 Call Positions (Positive Gamma):**
- Strike: `$6,600` | Gamma: `167,845,127`
- Strike: `$6,500` | Gamma: `162,098,344`
- Strike: `$6,550` | Gamma: `108,628,640`
- Strike: `$6,510` | Gamma: `68,10...
2026-03-26 10:35:38 [INFO] telegram_listener: Saved snapshot #147659: price=6514.83, gamma=-13.62Bn, session=RTH
2026-03-26 10:37:08 [INFO] telegram_listener: Raw message (722 chars): **? SPX Gamma Exposure Update (20260326)**
? 2026-03-26 20:37:09
? **Current Price: $6,512.02**

**Top 5 Call Positions (Positive Gamma):**
- Strike: `$6,500` | Gamma: `172,407,478`
- Strike: `$6,600` | Gamma: `141,900,311`
- Strike: `$6,550` | Gamma: `97,195,479`
- Strike: `$6,510` | Gamma: `69,962...
2026-03-26 10:37:08 [INFO] telegram_listener: Saved snapshot #147660: price=6512.02, gamma=-14.47Bn, session=RTH
2026-03-26 10:38:40 [INFO] telegram_listener: Raw message (723 chars): **? SPX Gamma Exposure Update (20260326)**
? 2026-03-26 20:38:40
? **Current Price: $6,512.71**

**Top 5 Call Positions (Positive Gamma):**
- Strike: `$6,500` | Gamma: `165,912,046`
- Strike: `$6,600` | Gamma: `154,833,145`
- Strike: `$6,550` | Gamma: `100,456,613`
- Strike: `$6,510` | Gamma: `67,58...
2026-03-26 10:38:40 [INFO] telegram_listener: Saved snapshot #147661: price=6512.71, gamma=-13.82Bn, session=RTH
2026-03-26 10:38:55 [INFO] telegram_listener: Channel msg [SmartStrategy_Trader]: ???? ??? ??? ????? ?????
2026-03-26 10:40:09 [INFO] telegram_listener: Raw message (726 chars): **? SPX Gamma Exposure Update (20260326)**
? 2026-03-26 20:40:10
? **Current Price: $6,508.50**

**Top 5 Call Positions (Positive Gamma):**
- Strike: `$6,500` | Gamma: `178,744,671`
- Strike: `$6,600` | Gamma: `141,746,947`
- Strike: `$6,550` | Gamma: `85,763,215`
- Strike: `$6,510` | Gamma: `68,929...
2026-03-26 10:40:09 [INFO] telegram_listener: Saved snapshot #147662: price=6508.5, gamma=-15.07Bn, session=RTH
2026-03-26 10:41:38 [INFO] telegram_listener: Raw message (726 chars): **? SPX Gamma Exposure Update (20260326)**
? 2026-03-26 20:41:39
? **Current Price: $6,508.52**

**Top 5 Call Positions (Positive Gamma):**
- Strike: `$6,500` | Gamma: `185,269,337`
- Strike: `$6,600` | Gamma: `141,747,818`
- Strike: `$6,550` | Gamma: `84,145,558`
- Strike: `$6,510` | Gamma: `71,322...
2026-03-26 10:41:38 [INFO] telegram_listener: Saved snapshot #147663: price=6508.52, gamma=-15.28Bn, session=RTH
2026-03-26 10:43:08 [INFO] telegram_listener: Raw message (726 chars): **? SPX Gamma Exposure Update (20260326)**
? 2026-03-26 20:43:08
? **Current Price: $6,506.28**

**Top 5 Call Positions (Positive Gamma):**
- Strike: `$6,500` | Gamma: `183,838,017`
- Strike: `$6,600` | Gamma: `128,772,969`
- Strike: `$6,550` | Gamma: `79,236,438`
- Strike: `$6,510` | Gamma: `68,882...
2026-03-26 10:43:08 [INFO] telegram_listener: Saved snapshot #147664: price=6506.28, gamma=-14.97Bn, session=RTH
2026-03-26 10:44:19 [INFO] telegram_listener: Raw message (728 chars): **? SPX Gamma Exposure Update (20260326)**
? 2026-03-26 20:44:19
? **Current Price: $6,504.89**

**Top 5 Call Positions (Positive Gamma):**
- Strike: `$6,500` | Gamma: `187,669,252`
- Strike: `$6,600` | Gamma: `115,846,157`
- Strike: `$6,550` | Gamma: `72,737,068`
- Strike: `$6,510` | Gamma: `68,374...
2026-03-26 10:44:19 [INFO] telegram_listener: Saved snapshot #147665: price=6504.89, gamma=-15.32Bn, session=RTH
2026-03-26 10:45:23 [INFO] telegram_listener: Channel msg [SmartStrategy_Trader]: ????? ????? ?????? ???? ??? ????? ?????? ?????? ?? ???? ?
2026-03-26 10:45:49 [INFO] telegram_listener: Raw message (730 chars): **? SPX Gamma Exposure Update (20260326)**
? 2026-03-26 20:45:49
? **Current Price: $6,503.92**

**Top 5 Call Positions (Positive Gamma):**
- Strike: `$6,500` | Gamma: `190,219,026`
- Strike: `$6,600` | Gamma: `115,811,610`
- Strike: `$6,550` | Gamma: `71,099,479`
- Strike: `$6,510` | Gamma: `68,354...
2026-03-26 10:45:49 [INFO] telegram_listener: Saved snapshot #147666: price=6503.92, gamma=-15.08Bn, session=RTH
2026-03-26 10:46:21 [INFO] telegram_listener: Channel msg [SmartStrategy_Trader]: ???????? ????? ???? ??? ??
?????? ?????? ??? ?????? ?
2026-03-26 10:46:52 [INFO] telethon.client.updates: Got difference for channel 1339255863 updates
2026-03-26 10:47:19 [INFO] telegram_listener: Raw message (730 chars): **? SPX Gamma Exposure Update (20260326)**
? 2026-03-26 20:47:20
? **Current Price: $6,503.80**

**Top 5 Call Positions (Positive Gamma):**
- Strike: `$6,500` | Gamma: `196,726,117`
- Strike: `$6,600` | Gamma: `115,807,337`
- Strike: `$6,510` | Gamma: `70,263,557`
- Strike: `$6,550` | Gamma: `69,481...
2026-03-26 10:47:19 [INFO] telegram_listener: Saved snapshot #147667: price=6503.8, gamma=-15.97Bn, session=RTH
2026-03-26 10:48:54 [INFO] telegram_listener: Raw message (730 chars): **? SPX Gamma Exposure Update (20260326)**
? 2026-03-26 20:48:54
? **Current Price: $6,502.79**

**Top 5 Call Positions (Positive Gamma):**
- Strike: `$6,500` | Gamma: `188,850,517`
- Strike: `$6,600` | Gamma: `115,771,371`
- Strike: `$6,550` | Gamma: `67,844,104`
- Strike: `$6,510` | Gamma: `67,374...
2026-03-26 10:48:54 [INFO] telegram_listener: Saved snapshot #147668: price=6502.79, gamma=-15.25Bn, session=RTH
2026-03-26 10:50:02 [INFO] telegram_listener: Raw message (730 chars): **? SPX Gamma Exposure Update (20260326)**
? 2026-03-26 20:50:02
? **Current Price: $6,500.76**

**Top 5 Call Positions (Positive Gamma):**
- Strike: `$6,500` | Gamma: `183,526,209`
- Strike: `$6,600` | Gamma: `102,843,645`
- Strike: `$6,510` | Gamma: `63,989,911`
- Strike: `$6,550` | Gamma: `62,958...
2026-03-26 10:50:02 [INFO] telegram_listener: Saved snapshot #147669: price=6500.76, gamma=-15.65Bn, session=RTH
2026-03-26 10:51:30 [INFO] telegram_listener: Channel msg [SmartStrategy_Trader]: ??? ??? trader ????? ??????
2026-03-26 10:51:34 [INFO] telegram_listener: Raw message (730 chars): **? SPX Gamma Exposure Update (20260326)**
? 2026-03-26 20:51:34
? **Current Price: $6,497.83**

**Top 5 Call Positions (Positive Gamma):**
- Strike: `$6,500` | Gamma: `179,459,516`
- Strike: `$6,600` | Gamma: `102,750,960`
- Strike: `$6,510` | Gamma: `60,115,391`
- Strike: `$6,550` | Gamma: `56,450...
2026-03-26 10:51:34 [INFO] telegram_listener: Saved snapshot #147670: price=6497.83, gamma=-16.34Bn, session=RTH
2026-03-26 10:53:03 [INFO] telegram_listener: Raw message (730 chars): **? SPX Gamma Exposure Update (20260326)**
? 2026-03-26 20:53:03
? **Current Price: $6,498.10**

**Top 5 Call Positions (Positive Gamma):**
- Strike: `$6,500` | Gamma: `179,474,430`
- Strike: `$6,600` | Gamma: `102,759,499`
- Strike: `$6,510` | Gamma: `60,597,533`
- Strike: `$6,550` | Gamma: `58,068...
2026-03-26 10:53:03 [INFO] telegram_listener: Saved snapshot #147671: price=6498.1, gamma=-16.08Bn, session=RTH
2026-03-26 10:53:17 [INFO] telegram_listener: Channel msg [SmartStrategy_Trader]: ??????? ????? ? ?????? 
???? ???? ???? ?????? ??
?????? ??????? ????? ???? ?
2026-03-26 10:54:34 [INFO] telegram_listener: Raw message (730 chars): **? SPX Gamma Exposure Update (20260326)**
? 2026-03-26 20:54:35
? **Current Price: $6,496.04**

**Top 5 Call Positions (Positive Gamma):**
- Strike: `$6,500` | Gamma: `172,862,082`
- Strike: `$6,600` | Gamma: `102,694,356`
- Strike: `$6,510` | Gamma: `57,221,214`
- Strike: `$6,550` | Gamma: `54,807...
2026-03-26 10:54:34 [INFO] telegram_listener: Saved snapshot #147672: price=6496.04, gamma=-16.24Bn, session=RTH
2026-03-26 10:56:03 [INFO] telegram_listener: Raw message (729 chars): **? SPX Gamma Exposure Update (20260326)**
? 2026-03-26 20:56:04
? **Current Price: $6,495.14**

**Top 5 Call Positions (Positive Gamma):**
- Strike: `$6,500` | Gamma: `172,814,186`
- Strike: `$6,600` | Gamma: `89,832,665`
- Strike: `$6,510` | Gamma: `56,728,649`
- Strike: `$6,550` | Gamma: `51,569,...
2026-03-26 10:56:03 [INFO] telegram_listener: Saved snapshot #147673: price=6495.14, gamma=-16.44Bn, session=RTH
2026-03-26 10:57:32 [INFO] telegram_listener: Raw message (729 chars): **? SPX Gamma Exposure Update (20260326)**
? 2026-03-26 20:57:33
? **Current Price: $6,493.47**

**Top 5 Call Positions (Positive Gamma):**
- Strike: `$6,500` | Gamma: `168,829,271`
- Strike: `$6,600` | Gamma: `89,786,476`
- Strike: `$6,510` | Gamma: `54,317,150`
- Strike: `$6,550` | Gamma: `48,321,...
2026-03-26 10:57:32 [INFO] telegram_listener: Saved snapshot #147674: price=6493.47, gamma=-16.54Bn, session=RTH
--- Logging error ---
Traceback (most recent call last):
  File "C:\Program Files\WindowsApps\PythonSoftwareFoundation.Python.3.12_3.12.2800.0_x64__qbz5n2kfra8p0\Lib\logging\__init__.py", line 1163, in emit
    stream.write(msg + self.terminator)
  File "C:\Program Files\WindowsApps\PythonSoftwareFoundation.Python.3.12_3.12.2800.0_x64__qbz5n2kfra8p0\Lib\encodings\cp1252.py", line 19, in encode
    return codecs.charmap_encode(input,self.errors,encoding_table)[0]
           ^^^^^^^^^^^^^^^^^^^^^^^^^^^^^^^^^^^^^^^^^^^^^^^^^^^^^^^
UnicodeEncodeError: 'charmap' codec can't encode characters in position 67-68: character maps to <undefined>
Call stack:
  File "C:\Code\gex_telegram\main.py", line 92, in <module>
    main()
  File "C:\Code\gex_telegram\main.py", line 80, in main
    asyncio.run(start_listener())
  File "C:\Program Files\WindowsApps\PythonSoftwareFoundation.Python.3.12_3.12.2800.0_x64__qbz5n2kfra8p0\Lib\asyncio\runners.py", line 195, in run
    return runner.run(main)
  File "C:\Program Files\WindowsApps\PythonSoftwareFoundation.Python.3.12_3.12.2800.0_x64__qbz5n2kfra8p0\Lib\asyncio\runners.py", line 118, in run
    return self._loop.run_until_complete(task)
  File "C:\Program Files\WindowsApps\PythonSoftwareFoundation.Python.3.12_3.12.2800.0_x64__qbz5n2kfra8p0\Lib\asyncio\base_events.py", line 678, in run_until_complete
    self.run_forever()
  File "C:\Program Files\WindowsApps\PythonSoftwareFoundation.Python.3.12_3.12.2800.0_x64__qbz5n2kfra8p0\Lib\asyncio\windows_events.py", line 322, in run_forever
    super().run_forever()
  File "C:\Program Files\WindowsApps\PythonSoftwareFoundation.Python.3.12_3.12.2800.0_x64__qbz5n2kfra8p0\Lib\asyncio\base_events.py", line 645, in run_forever
    self._run_once()
  File "C:\Program Files\WindowsApps\PythonSoftwareFoundation.Python.3.12_3.12.2800.0_x64__qbz5n2kfra8p0\Lib\asyncio\base_events.py", line 1999, in _run_once
    handle._run()
  File "C:\Program Files\WindowsApps\PythonSoftwareFoundation.Python.3.12_3.12.2800.0_x64__qbz5n2kfra8p0\Lib\asyncio\events.py", line 88, in _run
    self._context.run(self._callback, *self._args)
  File "C:\Code\gex_telegram\telegram_listener.py", line 1939, in data_feed_watchdog
    pipeline.watchdog.check_signal_flow()
  File "C:\Code\gex_telegram\delivery_watchdog.py", line 226, in check_signal_flow
    log.warning(f"DeliveryWatchdog: {msg}")
Message: 'DeliveryWatchdog: \u26a0\ufe0f ENGINE IDLE: No signals delivered in 179+ minutes\nCheck data feed, Telegram listener, or GEX engine health.\nTime: 10:57 AM PT'
Arguments: ()
2026-03-26 10:57:56 [INFO] discord_alerts: Sent DATA_RESTORED to gex_engine
2026-03-26 10:59:01 [INFO] telegram_listener: Raw message (729 chars): **? SPX Gamma Exposure Update (20260326)**
? 2026-03-26 20:59:02
? **Current Price: $6,492.17**

**Top 5 Call Positions (Positive Gamma):**
- Strike: `$6,500` | Gamma: `164,867,178`
- Strike: `$6,600` | Gamma: `89,750,529`
- Strike: `$6,510` | Gamma: `52,390,301`
- Strike: `$6,550` | Gamma: `46,691,...
2026-03-26 10:59:01 [INFO] telegram_listener: Saved snapshot #147675: price=6492.17, gamma=-16.85Bn, session=RTH
2026-03-26 11:00:12 [INFO] telegram_listener: Raw message (729 chars): **? SPX Gamma Exposure Update (20260326)**
? 2026-03-26 21:00:12
? **Current Price: $6,492.37**

**Top 5 Call Positions (Positive Gamma):**
- Strike: `$6,500` | Gamma: `162,280,843`
- Strike: `$6,600` | Gamma: `89,756,059`
- Strike: `$6,510` | Gamma: `51,917,224`
- Strike: `$6,550` | Gamma: `46,694,...
2026-03-26 11:00:12 [INFO] telegram_listener: Saved snapshot #147676: price=6492.37, gamma=-16.46Bn, session=RTH
2026-03-26 11:00:56 [INFO] delivery_watchdog: DeliveryWatchdog: firing Mid-Day health report
2026-03-26 11:00:57 [INFO] discord_alerts: Sent DATA_RESTORED to gex_engine
2026-03-26 11:01:40 [INFO] telegram_listener: Raw message (729 chars): **? SPX Gamma Exposure Update (20260326)**
? 2026-03-26 21:01:41
? **Current Price: $6,494.91**

**Top 5 Call Positions (Positive Gamma):**
- Strike: `$6,500` | Gamma: `170,203,422`
- Strike: `$6,600` | Gamma: `76,993,974`
- Strike: `$6,510` | Gamma: `56,247,953`
- Strike: `$6,550` | Gamma: `49,954,...
2026-03-26 11:01:40 [INFO] telegram_listener: Saved snapshot #147677: price=6494.91, gamma=-16.12Bn, session=RTH
2026-03-26 11:03:10 [INFO] telegram_listener: Raw message (729 chars): **? SPX Gamma Exposure Update (20260326)**
? 2026-03-26 21:03:10
? **Current Price: $6,499.68**

**Top 5 Call Positions (Positive Gamma):**
- Strike: `$6,500` | Gamma: `189,971,094`
- Strike: `$6,600` | Gamma: `77,107,107`
- Strike: `$6,510` | Gamma: `65,400,785`
- Strike: `$6,550` | Gamma: `56,482,...
2026-03-26 11:03:10 [INFO] telegram_listener: Saved snapshot #147678: price=6499.68, gamma=-15.69Bn, session=RTH
2026-03-26 11:04:42 [INFO] telegram_listener: Raw message (729 chars): **? SPX Gamma Exposure Update (20260326)**
? 2026-03-26 21:04:42
? **Current Price: $6,497.37**

**Top 5 Call Positions (Positive Gamma):**
- Strike: `$6,500` | Gamma: `188,535,838`
- Strike: `$6,600` | Gamma: `89,894,361`
- Strike: `$6,510` | Gamma: `62,492,074`
- Strike: `$6,550` | Gamma: `51,604,...
2026-03-26 11:04:42 [INFO] telegram_listener: Saved snapshot #147679: price=6497.37, gamma=-16.23Bn, session=RTH
2026-03-26 11:05:50 [INFO] telegram_listener: Raw message (729 chars): **? SPX Gamma Exposure Update (20260326)**
? 2026-03-26 21:05:50
? **Current Price: $6,497.72**

**Top 5 Call Positions (Positive Gamma):**
- Strike: `$6,500` | Gamma: `185,955,376`
- Strike: `$6,600` | Gamma: `89,904,046`
- Strike: `$6,510` | Gamma: `62,021,716`
- Strike: `$6,550` | Gamma: `54,835,...
2026-03-26 11:05:50 [INFO] telegram_listener: Saved snapshot #147680: price=6497.72, gamma=-16.22Bn, session=RTH
2026-03-26 11:06:11 [INFO] telegram_listener: Channel msg [SmartStrategy_Trader]: ??? ?? ??? ??? ????? ?????? 
?????? ???? ???? ??? ???? ??? 
???? ???? ?????? ?????? 5434
???? ??? ???? ??? ????? ?????
????????? ?????? ??????? ???? 1
--- Logging error ---
Traceback (most recent call last):
  File "C:\Program Files\WindowsApps\PythonSoftwareFoundation.Python.3.12_3.12.2800.0_x64__qbz5n2kfra8p0\Lib\logging\__init__.py", line 1163, in emit
    stream.write(msg + self.terminator)
  File "C:\Program Files\WindowsApps\PythonSoftwareFoundation.Python.3.12_3.12.2800.0_x64__qbz5n2kfra8p0\Lib\encodings\cp1252.py", line 19, in encode
    return codecs.charmap_encode(input,self.errors,encoding_table)[0]
           ^^^^^^^^^^^^^^^^^^^^^^^^^^^^^^^^^^^^^^^^^^^^^^^^^^^^^^^
UnicodeEncodeError: 'charmap' codec can't encode character '\u2192' in position 95: character maps to <undefined>
Call stack:
  File "C:\Code\gex_telegram\main.py", line 92, in <module>
    main()
  File "C:\Code\gex_telegram\main.py", line 80, in main
    asyncio.run(start_listener())
  File "C:\Program Files\WindowsApps\PythonSoftwareFoundation.Python.3.12_3.12.2800.0_x64__qbz5n2kfra8p0\Lib\asyncio\runners.py", line 195, in run
    return runner.run(main)
  File "C:\Program Files\WindowsApps\PythonSoftwareFoundation.Python.3.12_3.12.2800.0_x64__qbz5n2kfra8p0\Lib\asyncio\runners.py", line 118, in run
    return self._loop.run_until_complete(task)
  File "C:\Program Files\WindowsApps\PythonSoftwareFoundation.Python.3.12_3.12.2800.0_x64__qbz5n2kfra8p0\Lib\asyncio\base_events.py", line 678, in run_until_complete
    self.run_forever()
  File "C:\Program Files\WindowsApps\PythonSoftwareFoundation.Python.3.12_3.12.2800.0_x64__qbz5n2kfra8p0\Lib\asyncio\windows_events.py", line 322, in run_forever
    super().run_forever()
  File "C:\Program Files\WindowsApps\PythonSoftwareFoundation.Python.3.12_3.12.2800.0_x64__qbz5n2kfra8p0\Lib\asyncio\base_events.py", line 645, in run_forever
    self._run_once()
  File "C:\Program Files\WindowsApps\PythonSoftwareFoundation.Python.3.12_3.12.2800.0_x64__qbz5n2kfra8p0\Lib\asyncio\base_events.py", line 1999, in _run_once
    handle._run()
  File "C:\Program Files\WindowsApps\PythonSoftwareFoundation.Python.3.12_3.12.2800.0_x64__qbz5n2kfra8p0\Lib\asyncio\events.py", line 88, in _run
    self._context.run(self._callback, *self._args)
  File "C:\Users\raghu\AppData\Local\Packages\PythonSoftwareFoundation.Python.3.12_qbz5n2kfra8p0\LocalCache\local-packages\Python312\site-packages\telethon\client\updates.py", line 574, in _dispatch_update
    await callback(event)
  File "C:\Code\gex_telegram\telegram_listener.py", line 2132, in handler
    call = pipeline.consensus.ingest_raw_text(chat_username, text) if is_consensus_ch else None
  File "C:\Code\gex_telegram\consensus_tracker.py", line 172, in ingest_raw_text
    log.info(
Message: 'ConsensusTracker (keyword): SmartStrategy_Trader \u2192 LONG (entry=None, 2 channels active)'
Arguments: ()
C:\Users\raghu\AppData\Local\Packages\PythonSoftwareFoundation.Python.3.12_qbz5n2kfra8p0\LocalCache\local-packages\Python312\site-packages\yfinance\scrapers\quote.py:146: Pandas4Warning: Timestamp.utcnow is deprecated and will be removed in a future version. Use Timestamp.now('UTC') instead.
  dnow = pd.Timestamp.utcnow().tz_convert(self.timezone).date()
2026-03-26 11:06:12 [INFO] discord_alerts: Sent SPX_MILLION to gex_relay
2026-03-26 11:07:19 [INFO] telegram_listener: Raw message (729 chars): **? SPX Gamma Exposure Update (20260326)**
? 2026-03-26 21:07:19
? **Current Price: $6,497.18**

**Top 5 Call Positions (Positive Gamma):**
- Strike: `$6,500` | Gamma: `183,324,127`
- Strike: `$6,600` | Gamma: `89,889,103`
- Strike: `$6,510` | Gamma: `61,057,386`
- Strike: `$6,550` | Gamma: `53,214,...
2026-03-26 11:07:19 [INFO] telegram_listener: Saved snapshot #147681: price=6497.18, gamma=-16.10Bn, session=RTH
2026-03-26 11:08:48 [INFO] telegram_listener: Raw message (729 chars): **? SPX Gamma Exposure Update (20260326)**
? 2026-03-26 21:08:49
? **Current Price: $6,496.79**

**Top 5 Call Positions (Positive Gamma):**
- Strike: `$6,500` | Gamma: `185,902,150`
- Strike: `$6,600` | Gamma: `89,878,312`
- Strike: `$6,510` | Gamma: `61,527,010`
- Strike: `$6,550` | Gamma: `53,207,...
2026-03-26 11:08:48 [INFO] telegram_listener: Saved snapshot #147682: price=6496.79, gamma=-16.16Bn, session=RTH
2026-03-26 11:10:21 [INFO] telegram_listener: Raw message (730 chars): **? SPX Gamma Exposure Update (20260326)**
? 2026-03-26 21:10:21
? **Current Price: $6,497.82**

**Top 5 Call Positions (Positive Gamma):**
- Strike: `$6,500` | Gamma: `188,561,955`
- Strike: `$6,600` | Gamma: `102,750,643`
- Strike: `$6,510` | Gamma: `62,500,730`
- Strike: `$6,550` | Gamma: `56,450...
2026-03-26 11:10:21 [INFO] telegram_listener: Saved snapshot #147683: price=6497.82, gamma=-16.12Bn, session=RTH
2026-03-26 11:11:51 [INFO] telegram_listener: Raw message (730 chars): **? SPX Gamma Exposure Update (20260326)**
? 2026-03-26 21:11:51
? **Current Price: $6,494.73**

**Top 5 Call Positions (Positive Gamma):**
- Strike: `$6,500` | Gamma: `185,784,277`
- Strike: `$6,600` | Gamma: `102,652,942`
- Strike: `$6,510` | Gamma: `58,628,092`
- Strike: `$6,550` | Gamma: `49,951...
2026-03-26 11:11:51 [INFO] telegram_listener: Saved snapshot #147684: price=6494.73, gamma=-17.18Bn, session=RTH
2026-03-26 11:13:20 [INFO] telegram_listener: Raw message (729 chars): **? SPX Gamma Exposure Update (20260326)**
? 2026-03-26 21:13:21
? **Current Price: $6,494.98**

**Top 5 Call Positions (Positive Gamma):**
- Strike: `$6,500` | Gamma: `183,199,998`
- Strike: `$6,600` | Gamma: `89,828,239`
- Strike: `$6,510` | Gamma: `59,109,293`
- Strike: `$6,550` | Gamma: `49,955,...
2026-03-26 11:13:20 [INFO] telegram_listener: Saved snapshot #147685: price=6494.98, gamma=-16.57Bn, session=RTH
2026-03-26 11:14:23 [INFO] telegram_listener: Channel msg [controlOptionalspx]: 1510$ ( 5662? )
2026-03-26 11:14:49 [INFO] telegram_listener: Raw message (729 chars): **? SPX Gamma Exposure Update (20260326)**
? 2026-03-26 21:14:50
? **Current Price: $6,495.10**

**Top 5 Call Positions (Positive Gamma):**
- Strike: `$6,500` | Gamma: `184,506,107`
- Strike: `$6,600` | Gamma: `89,831,558`
- Strike: `$6,510` | Gamma: `58,634,772`
- Strike: `$6,550` | Gamma: `49,957,...
2026-03-26 11:14:49 [INFO] telegram_listener: Saved snapshot #147686: price=6495.1, gamma=-16.65Bn, session=RTH
2026-03-26 11:15:23 [INFO] telegram_listener: Channel msg [controlOptionalspx]: ???? ??? ??? ?? ????? ??? 

6564 


? ???? ????? 


6491
--- Logging error ---
Traceback (most recent call last):
  File "C:\Program Files\WindowsApps\PythonSoftwareFoundation.Python.3.12_3.12.2800.0_x64__qbz5n2kfra8p0\Lib\logging\__init__.py", line 1163, in emit
    stream.write(msg + self.terminator)
  File "C:\Program Files\WindowsApps\PythonSoftwareFoundation.Python.3.12_3.12.2800.0_x64__qbz5n2kfra8p0\Lib\encodings\cp1252.py", line 19, in encode
    return codecs.charmap_encode(input,self.errors,encoding_table)[0]
           ^^^^^^^^^^^^^^^^^^^^^^^^^^^^^^^^^^^^^^^^^^^^^^^^^^^^^^^
UnicodeEncodeError: 'charmap' codec can't encode character '\u2192' in position 93: character maps to <undefined>
Call stack:
  File "C:\Code\gex_telegram\main.py", line 92, in <module>
    main()
  File "C:\Code\gex_telegram\main.py", line 80, in main
    asyncio.run(start_listener())
  File "C:\Program Files\WindowsApps\PythonSoftwareFoundation.Python.3.12_3.12.2800.0_x64__qbz5n2kfra8p0\Lib\asyncio\runners.py", line 195, in run
    return runner.run(main)
  File "C:\Program Files\WindowsApps\PythonSoftwareFoundation.Python.3.12_3.12.2800.0_x64__qbz5n2kfra8p0\Lib\asyncio\runners.py", line 118, in run
    return self._loop.run_until_complete(task)
  File "C:\Program Files\WindowsApps\PythonSoftwareFoundation.Python.3.12_3.12.2800.0_x64__qbz5n2kfra8p0\Lib\asyncio\base_events.py", line 678, in run_until_complete
    self.run_forever()
  File "C:\Program Files\WindowsApps\PythonSoftwareFoundation.Python.3.12_3.12.2800.0_x64__qbz5n2kfra8p0\Lib\asyncio\windows_events.py", line 322, in run_forever
    super().run_forever()
  File "C:\Program Files\WindowsApps\PythonSoftwareFoundation.Python.3.12_3.12.2800.0_x64__qbz5n2kfra8p0\Lib\asyncio\base_events.py", line 645, in run_forever
    self._run_once()
  File "C:\Program Files\WindowsApps\PythonSoftwareFoundation.Python.3.12_3.12.2800.0_x64__qbz5n2kfra8p0\Lib\asyncio\base_events.py", line 1999, in _run_once
    handle._run()
  File "C:\Program Files\WindowsApps\PythonSoftwareFoundation.Python.3.12_3.12.2800.0_x64__qbz5n2kfra8p0\Lib\asyncio\events.py", line 88, in _run
    self._context.run(self._callback, *self._args)
  File "C:\Users\raghu\AppData\Local\Packages\PythonSoftwareFoundation.Python.3.12_qbz5n2kfra8p0\LocalCache\local-packages\Python312\site-packages\telethon\client\updates.py", line 574, in _dispatch_update
    await callback(event)
  File "C:\Code\gex_telegram\telegram_listener.py", line 2132, in handler
    call = pipeline.consensus.ingest_raw_text(chat_username, text) if is_consensus_ch else None
  File "C:\Code\gex_telegram\consensus_tracker.py", line 172, in ingest_raw_text
    log.info(
Message: 'ConsensusTracker (keyword): controlOptionalspx \u2192 SHORT (entry=6564.0, 3 channels active)'
Arguments: ()
2026-03-26 11:15:24 [INFO] discord_alerts: Sent SPX_MILLION to gex_relay
2026-03-26 11:16:20 [INFO] telegram_listener: Raw message (729 chars): **? SPX Gamma Exposure Update (20260326)**
? 2026-03-26 21:16:21
? **Current Price: $6,493.81**

**Top 5 Call Positions (Positive Gamma):**
- Strike: `$6,500` | Gamma: `183,134,001`
- Strike: `$6,600` | Gamma: `89,795,879`
- Strike: `$6,510` | Gamma: `57,658,451`
- Strike: `$6,550` | Gamma: `46,715,...
2026-03-26 11:16:20 [INFO] telegram_listener: Saved snapshot #147687: price=6493.81, gamma=-17.12Bn, session=RTH
2026-03-26 11:17:51 [INFO] telegram_listener: Raw message (730 chars): **? SPX Gamma Exposure Update (20260326)**
? 2026-03-26 21:17:52
? **Current Price: $6,493.65**

**Top 5 Call Positions (Positive Gamma):**
- Strike: `$6,500` | Gamma: `183,124,977`
- Strike: `$6,600` | Gamma: `102,618,804`
- Strike: `$6,510` | Gamma: `57,655,610`
- Strike: `$6,550` | Gamma: `48,323...
2026-03-26 11:17:51 [INFO] telegram_listener: Saved snapshot #147688: price=6493.65, gamma=-16.84Bn, session=RTH
2026-03-26 11:19:22 [INFO] telegram_listener: Raw message (730 chars): **? SPX Gamma Exposure Update (20260326)**
? 2026-03-26 21:19:22
? **Current Price: $6,495.18**

**Top 5 Call Positions (Positive Gamma):**
- Strike: `$6,500` | Gamma: `192,306,877`
- Strike: `$6,600` | Gamma: `102,667,167`
- Strike: `$6,510` | Gamma: `60,543,085`
- Strike: `$6,550` | Gamma: `49,958...
2026-03-26 11:19:22 [INFO] telegram_listener: Saved snapshot #147689: price=6495.18, gamma=-17.31Bn, session=RTH
2026-03-26 11:20:54 [INFO] telegram_listener: Raw message (729 chars): **? SPX Gamma Exposure Update (20260326)**
? 2026-03-26 21:20:55
? **Current Price: $6,491.60**

**Top 5 Call Positions (Positive Gamma):**
- Strike: `$6,500` | Gamma: `190,797,006`
- Strike: `$6,600` | Gamma: `89,734,770`
- Strike: `$6,510` | Gamma: `56,190,637`
- Strike: `$6,475` | Gamma: `47,298,...
2026-03-26 11:20:54 [INFO] telegram_listener: Saved snapshot #147690: price=6491.6, gamma=-18.39Bn, session=RTH
2026-03-26 11:21:28 [INFO] telegram_listener: Channel msg [controlOptionalspx]: ??? ????? ????

6479.8
6468.6



??? ??? 6491
2026-03-26 11:22:24 [INFO] telegram_listener: Raw message (730 chars): **? SPX Gamma Exposure Update (20260326)**
? 2026-03-26 21:22:24
? **Current Price: $6,494.17**

**Top 5 Call Positions (Positive Gamma):**
- Strike: `$6,500` | Gamma: `201,339,841`
- Strike: `$6,600` | Gamma: `102,635,240`
- Strike: `$6,510` | Gamma: `61,477,395`
- Strike: `$6,550` | Gamma: `46,720...
2026-03-26 11:22:24 [INFO] telegram_listener: Saved snapshot #147691: price=6494.17, gamma=-18.10Bn, session=RTH
2026-03-26 11:23:55 [INFO] telegram_listener: Raw message (730 chars): **? SPX Gamma Exposure Update (20260326)**
? 2026-03-26 21:23:55
? **Current Price: $6,495.21**

**Top 5 Call Positions (Positive Gamma):**
- Strike: `$6,500` | Gamma: `198,805,567`
- Strike: `$6,600` | Gamma: `102,668,116`
- Strike: `$6,510` | Gamma: `62,450,531`
- Strike: `$6,550` | Gamma: `48,347...
2026-03-26 11:23:55 [INFO] telegram_listener: Saved snapshot #147692: price=6495.21, gamma=-17.17Bn, session=RTH
2026-03-26 11:25:26 [INFO] telegram_listener: Raw message (730 chars): **? SPX Gamma Exposure Update (20260326)**
? 2026-03-26 21:25:26
? **Current Price: $6,496.86**

**Top 5 Call Positions (Positive Gamma):**
- Strike: `$6,500` | Gamma: `204,106,758`
- Strike: `$6,600` | Gamma: `115,560,320`
- Strike: `$6,510` | Gamma: `65,344,047`
- Strike: `$6,550` | Gamma: `51,596...
2026-03-26 11:25:26 [INFO] telegram_listener: Saved snapshot #147693: price=6496.86, gamma=-17.38Bn, session=RTH
2026-03-26 11:26:58 [INFO] telegram_listener: Raw message (730 chars): **? SPX Gamma Exposure Update (20260326)**
? 2026-03-26 21:26:59
? **Current Price: $6,493.49**

**Top 5 Call Positions (Positive Gamma):**
- Strike: `$6,500` | Gamma: `196,102,900`
- Strike: `$6,600` | Gamma: `102,613,748`
- Strike: `$6,510` | Gamma: `59,558,645`
- Strike: `$6,550` | Gamma: `46,710...
2026-03-26 11:26:58 [INFO] telegram_listener: Saved snapshot #147694: price=6493.49, gamma=-17.57Bn, session=RTH
2026-03-26 11:28:30 [INFO] telegram_listener: Raw message (729 chars): **? SPX Gamma Exposure Update (20260326)**
? 2026-03-26 21:28:30
? **Current Price: $6,490.87**

**Top 5 Call Positions (Positive Gamma):**
- Strike: `$6,500` | Gamma: `189,456,450`
- Strike: `$6,600` | Gamma: `89,714,589`
- Strike: `$6,510` | Gamma: `55,701,915`
- Strike: `$6,475` | Gamma: `47,675,...
2026-03-26 11:28:30 [INFO] telegram_listener: Saved snapshot #147695: price=6490.87, gamma=-18.11Bn, session=RTH
2026-03-26 11:30:00 [INFO] telegram_listener: Raw message (729 chars): **? SPX Gamma Exposure Update (20260326)**
? 2026-03-26 21:30:01
? **Current Price: $6,490.90**

**Top 5 Call Positions (Positive Gamma):**
- Strike: `$6,500` | Gamma: `192,053,519`
- Strike: `$6,600` | Gamma: `76,898,930`
- Strike: `$6,510` | Gamma: `56,178,519`
- Strike: `$6,475` | Gamma: `48,063,...
2026-03-26 11:30:00 [INFO] telegram_listener: Saved snapshot #147696: price=6490.9, gamma=-17.85Bn, session=RTH
2026-03-26 11:31:36 [INFO] telegram_listener: Raw message (729 chars): **? SPX Gamma Exposure Update (20260326)**
? 2026-03-26 21:31:36
? **Current Price: $6,494.32**

**Top 5 Call Positions (Positive Gamma):**
- Strike: `$6,500` | Gamma: `205,246,222`
- Strike: `$6,600` | Gamma: `89,809,984`
- Strike: `$6,510` | Gamma: `62,910,008`
- Strike: `$6,550` | Gamma: `45,111,...
2026-03-26 11:31:36 [INFO] telegram_listener: Saved snapshot #147697: price=6494.32, gamma=-17.03Bn, session=RTH
2026-03-26 11:33:07 [INFO] telegram_listener: Raw message (729 chars): **? SPX Gamma Exposure Update (20260326)**
? 2026-03-26 21:33:07
? **Current Price: $6,495.62**

**Top 5 Call Positions (Positive Gamma):**
- Strike: `$6,500` | Gamma: `213,125,682`
- Strike: `$6,600` | Gamma: `89,845,943`
- Strike: `$6,510` | Gamma: `65,795,888`
- Strike: `$6,550` | Gamma: `46,741,...
2026-03-26 11:33:07 [INFO] telegram_listener: Saved snapshot #147698: price=6495.62, gamma=-18.00Bn, session=RTH
2026-03-26 11:34:40 [INFO] telegram_listener: Raw message (729 chars): **? SPX Gamma Exposure Update (20260326)**
? 2026-03-26 21:34:40
? **Current Price: $6,495.93**

**Top 5 Call Positions (Positive Gamma):**
- Strike: `$6,500` | Gamma: `205,347,999`
- Strike: `$6,600` | Gamma: `89,854,519`
- Strike: `$6,510` | Gamma: `65,325,341`
- Strike: `$6,550` | Gamma: `48,357,...
2026-03-26 11:34:40 [INFO] telegram_listener: Saved snapshot #147699: price=6495.93, gamma=-16.65Bn, session=RTH
--- Logging error ---
Traceback (most recent call last):
  File "C:\Program Files\WindowsApps\PythonSoftwareFoundation.Python.3.12_3.12.2800.0_x64__qbz5n2kfra8p0\Lib\logging\__init__.py", line 1163, in emit
    stream.write(msg + self.terminator)
  File "C:\Program Files\WindowsApps\PythonSoftwareFoundation.Python.3.12_3.12.2800.0_x64__qbz5n2kfra8p0\Lib\encodings\cp1252.py", line 19, in encode
    return codecs.charmap_encode(input,self.errors,encoding_table)[0]
           ^^^^^^^^^^^^^^^^^^^^^^^^^^^^^^^^^^^^^^^^^^^^^^^^^^^^^^^
UnicodeEncodeError: 'charmap' codec can't encode characters in position 67-68: character maps to <undefined>
Call stack:
  File "C:\Code\gex_telegram\main.py", line 92, in <module>
    main()
  File "C:\Code\gex_telegram\main.py", line 80, in main
    asyncio.run(start_listener())
  File "C:\Program Files\WindowsApps\PythonSoftwareFoundation.Python.3.12_3.12.2800.0_x64__qbz5n2kfra8p0\Lib\asyncio\runners.py", line 195, in run
    return runner.run(main)
  File "C:\Program Files\WindowsApps\PythonSoftwareFoundation.Python.3.12_3.12.2800.0_x64__qbz5n2kfra8p0\Lib\asyncio\runners.py", line 118, in run
    return self._loop.run_until_complete(task)
  File "C:\Program Files\WindowsApps\PythonSoftwareFoundation.Python.3.12_3.12.2800.0_x64__qbz5n2kfra8p0\Lib\asyncio\base_events.py", line 678, in run_until_complete
    self.run_forever()
  File "C:\Program Files\WindowsApps\PythonSoftwareFoundation.Python.3.12_3.12.2800.0_x64__qbz5n2kfra8p0\Lib\asyncio\windows_events.py", line 322, in run_forever
    super().run_forever()
  File "C:\Program Files\WindowsApps\PythonSoftwareFoundation.Python.3.12_3.12.2800.0_x64__qbz5n2kfra8p0\Lib\asyncio\base_events.py", line 645, in run_forever
    self._run_once()
  File "C:\Program Files\WindowsApps\PythonSoftwareFoundation.Python.3.12_3.12.2800.0_x64__qbz5n2kfra8p0\Lib\asyncio\base_events.py", line 1999, in _run_once
    handle._run()
  File "C:\Program Files\WindowsApps\PythonSoftwareFoundation.Python.3.12_3.12.2800.0_x64__qbz5n2kfra8p0\Lib\asyncio\events.py", line 88, in _run
    self._context.run(self._callback, *self._args)
  File "C:\Code\gex_telegram\telegram_listener.py", line 1939, in data_feed_watchdog
    pipeline.watchdog.check_signal_flow()
  File "C:\Code\gex_telegram\delivery_watchdog.py", line 226, in check_signal_flow
    log.warning(f"DeliveryWatchdog: {msg}")
Message: 'DeliveryWatchdog: \u26a0\ufe0f ENGINE IDLE: No signals delivered in 21+ minutes\nCheck data feed, Telegram listener, or GEX engine health.\nTime: 11:35 AM PT'
Arguments: ()
2026-03-26 11:35:58 [INFO] discord_alerts: Sent DATA_RESTORED to gex_engine
2026-03-26 11:36:14 [INFO] telegram_listener: Raw message (729 chars): **? SPX Gamma Exposure Update (20260326)**
? 2026-03-26 21:36:15
? **Current Price: $6,497.38**

**Top 5 Call Positions (Positive Gamma):**
- Strike: `$6,500` | Gamma: `208,040,186`
- Strike: `$6,600` | Gamma: `89,894,637`
- Strike: `$6,510` | Gamma: `66,785,628`
- Strike: `$6,550` | Gamma: `51,604,...
2026-03-26 11:36:14 [INFO] telegram_listener: Saved snapshot #147700: price=6497.38, gamma=-16.49Bn, session=RTH
2026-03-26 11:37:22 [INFO] telegram_listener: Raw message (729 chars): **? SPX Gamma Exposure Update (20260326)**
? 2026-03-26 21:37:23
? **Current Price: $6,496.74**

**Top 5 Call Positions (Positive Gamma):**
- Strike: `$6,500` | Gamma: `214,499,179`
- Strike: `$6,600` | Gamma: `89,876,929`
- Strike: `$6,510` | Gamma: `67,249,418`
- Strike: `$6,550` | Gamma: `49,982,...
2026-03-26 11:37:22 [INFO] telegram_listener: Saved snapshot #147701: price=6496.74, gamma=-17.27Bn, session=RTH
2026-03-26 11:38:52 [INFO] telegram_listener: Raw message (729 chars): **? SPX Gamma Exposure Update (20260326)**
? 2026-03-26 21:38:53
? **Current Price: $6,497.65**

**Top 5 Call Positions (Positive Gamma):**
- Strike: `$6,500` | Gamma: `214,559,273`
- Strike: `$6,600` | Gamma: `89,902,109`
- Strike: `$6,510` | Gamma: `68,699,498`
- Strike: `$6,550` | Gamma: `49,996,...
2026-03-26 11:38:52 [INFO] telegram_listener: Saved snapshot #147702: price=6497.65, gamma=-16.51Bn, session=RTH
2026-03-26 11:40:22 [INFO] telegram_listener: Raw message (729 chars): **? SPX Gamma Exposure Update (20260326)**
? 2026-03-26 21:40:22
? **Current Price: $6,499.37**

**Top 5 Call Positions (Positive Gamma):**
- Strike: `$6,500` | Gamma: `222,479,167`
- Strike: `$6,600` | Gamma: `89,949,711`
- Strike: `$6,510` | Gamma: `73,031,866`
- Strike: `$6,550` | Gamma: `53,250,...
2026-03-26 11:40:22 [INFO] telegram_listener: Saved snapshot #147703: price=6499.37, gamma=-16.78Bn, session=RTH
2026-03-26 11:41:55 [INFO] telegram_listener: Raw message (729 chars): **? SPX Gamma Exposure Update (20260326)**
? 2026-03-26 21:41:55
? **Current Price: $6,497.88**

**Top 5 Call Positions (Positive Gamma):**
- Strike: `$6,500` | Gamma: `226,278,525`
- Strike: `$6,600` | Gamma: `89,908,473`
- Strike: `$6,510` | Gamma: `71,567,043`
- Strike: `$6,550` | Gamma: `49,999,...
2026-03-26 11:41:55 [INFO] telegram_listener: Saved snapshot #147704: price=6497.88, gamma=-17.26Bn, session=RTH
2026-03-26 11:43:24 [INFO] telegram_listener: Raw message (729 chars): **? SPX Gamma Exposure Update (20260326)**
? 2026-03-26 21:43:25
? **Current Price: $6,494.89**

**Top 5 Call Positions (Positive Gamma):**
- Strike: `$6,500` | Gamma: `215,676,290`
- Strike: `$6,600` | Gamma: `76,993,500`
- Strike: `$6,510` | Gamma: `64,827,751`
- Strike: `$6,550` | Gamma: `45,119,...
2026-03-26 11:43:24 [INFO] telegram_listener: Saved snapshot #147705: price=6494.89, gamma=-17.47Bn, session=RTH
2026-03-26 11:44:54 [INFO] telegram_listener: Raw message (729 chars): **? SPX Gamma Exposure Update (20260326)**
? 2026-03-26 21:44:55
? **Current Price: $6,495.45**

**Top 5 Call Positions (Positive Gamma):**
- Strike: `$6,500` | Gamma: `217,012,963`
- Strike: `$6,600` | Gamma: `77,006,777`
- Strike: `$6,510` | Gamma: `66,269,201`
- Strike: `$6,550` | Gamma: `45,127,...
2026-03-26 11:44:54 [INFO] telegram_listener: Saved snapshot #147706: price=6495.45, gamma=-16.93Bn, session=RTH
2026-03-26 11:45:39 [INFO] telegram_listener: Channel msg [controlOptionalspx]: ??? 

6491 ????? ???? ??? ????? ?
--- Logging error ---
Traceback (most recent call last):
  File "C:\Program Files\WindowsApps\PythonSoftwareFoundation.Python.3.12_3.12.2800.0_x64__qbz5n2kfra8p0\Lib\logging\__init__.py", line 1163, in emit
    stream.write(msg + self.terminator)
  File "C:\Program Files\WindowsApps\PythonSoftwareFoundation.Python.3.12_3.12.2800.0_x64__qbz5n2kfra8p0\Lib\encodings\cp1252.py", line 19, in encode
    return codecs.charmap_encode(input,self.errors,encoding_table)[0]
           ^^^^^^^^^^^^^^^^^^^^^^^^^^^^^^^^^^^^^^^^^^^^^^^^^^^^^^^
UnicodeEncodeError: 'charmap' codec can't encode character '\u2192' in position 93: character maps to <undefined>
Call stack:
  File "C:\Code\gex_telegram\main.py", line 92, in <module>
    main()
  File "C:\Code\gex_telegram\main.py", line 80, in main
    asyncio.run(start_listener())
  File "C:\Program Files\WindowsApps\PythonSoftwareFoundation.Python.3.12_3.12.2800.0_x64__qbz5n2kfra8p0\Lib\asyncio\runners.py", line 195, in run
    return runner.run(main)
  File "C:\Program Files\WindowsApps\PythonSoftwareFoundation.Python.3.12_3.12.2800.0_x64__qbz5n2kfra8p0\Lib\asyncio\runners.py", line 118, in run
    return self._loop.run_until_complete(task)
  File "C:\Program Files\WindowsApps\PythonSoftwareFoundation.Python.3.12_3.12.2800.0_x64__qbz5n2kfra8p0\Lib\asyncio\base_events.py", line 678, in run_until_complete
    self.run_forever()
  File "C:\Program Files\WindowsApps\PythonSoftwareFoundation.Python.3.12_3.12.2800.0_x64__qbz5n2kfra8p0\Lib\asyncio\windows_events.py", line 322, in run_forever
    super().run_forever()
  File "C:\Program Files\WindowsApps\PythonSoftwareFoundation.Python.3.12_3.12.2800.0_x64__qbz5n2kfra8p0\Lib\asyncio\base_events.py", line 645, in run_forever
    self._run_once()
  File "C:\Program Files\WindowsApps\PythonSoftwareFoundation.Python.3.12_3.12.2800.0_x64__qbz5n2kfra8p0\Lib\asyncio\base_events.py", line 1999, in _run_once
    handle._run()
  File "C:\Program Files\WindowsApps\PythonSoftwareFoundation.Python.3.12_3.12.2800.0_x64__qbz5n2kfra8p0\Lib\asyncio\events.py", line 88, in _run
    self._context.run(self._callback, *self._args)
  File "C:\Users\raghu\AppData\Local\Packages\PythonSoftwareFoundation.Python.3.12_qbz5n2kfra8p0\LocalCache\local-packages\Python312\site-packages\telethon\client\updates.py", line 574, in _dispatch_update
    await callback(event)
  File "C:\Code\gex_telegram\telegram_listener.py", line 2132, in handler
    call = pipeline.consensus.ingest_raw_text(chat_username, text) if is_consensus_ch else None
  File "C:\Code\gex_telegram\consensus_tracker.py", line 172, in ingest_raw_text
    log.info(
Message: 'ConsensusTracker (keyword): controlOptionalspx \u2192 LONG (entry=6491.0, 3 channels active)'
Arguments: ()
2026-03-26 11:45:40 [INFO] discord_alerts: Sent SPX_MILLION to gex_relay
2026-03-26 11:46:24 [INFO] telegram_listener: Raw message (729 chars): **? SPX Gamma Exposure Update (20260326)**
? 2026-03-26 21:46:24
? **Current Price: $6,495.03**

**Top 5 Call Positions (Positive Gamma):**
- Strike: `$6,500` | Gamma: `220,882,831`
- Strike: `$6,600` | Gamma: `76,996,819`
- Strike: `$6,510` | Gamma: `66,260,631`
- Strike: `$6,475` | Gamma: `44,632,...
2026-03-26 11:46:24 [INFO] telegram_listener: Saved snapshot #147707: price=6495.03, gamma=-17.27Bn, session=RTH
2026-03-26 11:46:48 [INFO] telegram_listener: Channel msg [ipospx]: ? **?????? ????? ????? ???? ???????**

??** ???????? ?????? ????? ????? :**

?? ?????? ?? ?????? ???????? ?? ????? ??????
?? + 4 ?????? ????? ???? ???
--- Logging error ---
Traceback (most recent call last):
  File "C:\Program Files\WindowsApps\PythonSoftwareFoundation.Python.3.12_3.12.2800.0_x64__qbz5n2kfra8p0\Lib\logging\__init__.py", line 1163, in emit
    stream.write(msg + self.terminator)
  File "C:\Program Files\WindowsApps\PythonSoftwareFoundation.Python.3.12_3.12.2800.0_x64__qbz5n2kfra8p0\Lib\encodings\cp1252.py", line 19, in encode
    return codecs.charmap_encode(input,self.errors,encoding_table)[0]
           ^^^^^^^^^^^^^^^^^^^^^^^^^^^^^^^^^^^^^^^^^^^^^^^^^^^^^^^
UnicodeEncodeError: 'charmap' codec can't encode character '\u2192' in position 81: character maps to <undefined>
Call stack:
  File "C:\Code\gex_telegram\main.py", line 92, in <module>
    main()
  File "C:\Code\gex_telegram\main.py", line 80, in main
    asyncio.run(start_listener())
  File "C:\Program Files\WindowsApps\PythonSoftwareFoundation.Python.3.12_3.12.2800.0_x64__qbz5n2kfra8p0\Lib\asyncio\runners.py", line 195, in run
    return runner.run(main)
  File "C:\Program Files\WindowsApps\PythonSoftwareFoundation.Python.3.12_3.12.2800.0_x64__qbz5n2kfra8p0\Lib\asyncio\runners.py", line 118, in run
    return self._loop.run_until_complete(task)
  File "C:\Program Files\WindowsApps\PythonSoftwareFoundation.Python.3.12_3.12.2800.0_x64__qbz5n2kfra8p0\Lib\asyncio\base_events.py", line 678, in run_until_complete
    self.run_forever()
  File "C:\Program Files\WindowsApps\PythonSoftwareFoundation.Python.3.12_3.12.2800.0_x64__qbz5n2kfra8p0\Lib\asyncio\windows_events.py", line 322, in run_forever
    super().run_forever()
  File "C:\Program Files\WindowsApps\PythonSoftwareFoundation.Python.3.12_3.12.2800.0_x64__qbz5n2kfra8p0\Lib\asyncio\base_events.py", line 645, in run_forever
    self._run_once()
  File "C:\Program Files\WindowsApps\PythonSoftwareFoundation.Python.3.12_3.12.2800.0_x64__qbz5n2kfra8p0\Lib\asyncio\base_events.py", line 1999, in _run_once
    handle._run()
  File "C:\Program Files\WindowsApps\PythonSoftwareFoundation.Python.3.12_3.12.2800.0_x64__qbz5n2kfra8p0\Lib\asyncio\events.py", line 88, in _run
    self._context.run(self._callback, *self._args)
  File "C:\Users\raghu\AppData\Local\Packages\PythonSoftwareFoundation.Python.3.12_qbz5n2kfra8p0\LocalCache\local-packages\Python312\site-packages\telethon\client\updates.py", line 574, in _dispatch_update
    await callback(event)
  File "C:\Code\gex_telegram\telegram_listener.py", line 2132, in handler
    call = pipeline.consensus.ingest_raw_text(chat_username, text) if is_consensus_ch else None
  File "C:\Code\gex_telegram\consensus_tracker.py", line 172, in ingest_raw_text
    log.info(
Message: 'ConsensusTracker (keyword): ipospx \u2192 SHORT (entry=None, 3 channels active)'
Arguments: ()
2026-03-26 11:46:48 [INFO] discord_alerts: Sent SPX_MILLION to gex_relay
2026-03-26 11:47:35 [INFO] telegram_listener: Raw message (729 chars): **? SPX Gamma Exposure Update (20260326)**
? 2026-03-26 21:47:36
? **Current Price: $6,497.19**

**Top 5 Call Positions (Positive Gamma):**
- Strike: `$6,500` | Gamma: `226,230,471`
- Strike: `$6,600` | Gamma: `77,048,040`
- Strike: `$6,510` | Gamma: `71,074,833`
- Strike: `$6,550` | Gamma: `46,764,...
2026-03-26 11:47:35 [INFO] telegram_listener: Saved snapshot #147708: price=6497.19, gamma=-16.81Bn, session=RTH
2026-03-26 11:49:05 [INFO] telegram_listener: Raw message (729 chars): **? SPX Gamma Exposure Update (20260326)**
? 2026-03-26 21:49:05
? **Current Price: $6,497.76**

**Top 5 Call Positions (Positive Gamma):**
- Strike: `$6,500` | Gamma: `232,772,183`
- Strike: `$6,600` | Gamma: `77,061,559`
- Strike: `$6,510` | Gamma: `72,995,688`
- Strike: `$6,520` | Gamma: `46,966,...
2026-03-26 11:49:05 [INFO] telegram_listener: Saved snapshot #147709: price=6497.76, gamma=-17.25Bn, session=RTH
2026-03-26 11:50:35 [INFO] telegram_listener: Raw message (729 chars): **? SPX Gamma Exposure Update (20260326)**
? 2026-03-26 21:50:35
? **Current Price: $6,499.51**

**Top 5 Call Positions (Positive Gamma):**
- Strike: `$6,500` | Gamma: `222,488,752`
- Strike: `$6,600` | Gamma: `77,103,074`
- Strike: `$6,510` | Gamma: `73,989,718`
- Strike: `$6,550` | Gamma: `51,638,...
2026-03-26 11:50:35 [INFO] telegram_listener: Saved snapshot #147710: price=6499.51, gamma=-16.00Bn, session=RTH
2026-03-26 11:52:07 [INFO] telegram_listener: Raw message (729 chars): **? SPX Gamma Exposure Update (20260326)**
? 2026-03-26 21:52:07
? **Current Price: $6,499.77**

**Top 5 Call Positions (Positive Gamma):**
- Strike: `$6,500` | Gamma: `234,217,424`
- Strike: `$6,600` | Gamma: `77,109,243`
- Strike: `$6,510` | Gamma: `76,382,594`
- Strike: `$6,520` | Gamma: `50,911,...
2026-03-26 11:52:07 [INFO] telegram_listener: Saved snapshot #147711: price=6499.77, gamma=-16.53Bn, session=RTH
2026-03-26 11:53:36 [INFO] telegram_listener: Raw message (729 chars): **? SPX Gamma Exposure Update (20260326)**
? 2026-03-26 21:53:37
? **Current Price: $6,498.49**

**Top 5 Call Positions (Positive Gamma):**
- Strike: `$6,500` | Gamma: `243,230,052`
- Strike: `$6,600` | Gamma: `77,078,875`
- Strike: `$6,510` | Gamma: `75,875,310`
- Strike: `$6,520` | Gamma: `48,716,...
2026-03-26 11:53:36 [INFO] telegram_listener: Saved snapshot #147712: price=6498.49, gamma=-16.96Bn, session=RTH
2026-03-26 11:55:07 [INFO] telegram_listener: Raw message (729 chars): **? SPX Gamma Exposure Update (20260326)**
? 2026-03-26 21:55:07
? **Current Price: $6,499.40**

**Top 5 Call Positions (Positive Gamma):**
- Strike: `$6,500` | Gamma: `244,599,237`
- Strike: `$6,600` | Gamma: `89,950,541`
- Strike: `$6,510` | Gamma: `76,373,898`
- Strike: `$6,550` | Gamma: `53,250,...
2026-03-26 11:55:07 [INFO] telegram_listener: Saved snapshot #147713: price=6499.4, gamma=-17.21Bn, session=RTH
2026-03-26 11:56:37 [INFO] telegram_listener: Raw message (729 chars): **? SPX Gamma Exposure Update (20260326)**
? 2026-03-26 21:56:37
? **Current Price: $6,496.43**

**Top 5 Call Positions (Positive Gamma):**
- Strike: `$6,500` | Gamma: `233,976,774`
- Strike: `$6,600` | Gamma: `77,030,016`
- Strike: `$6,510` | Gamma: `69,627,504`
- Strike: `$6,550` | Gamma: `46,753,...
2026-03-26 11:56:37 [INFO] telegram_listener: Saved snapshot #147714: price=6496.43, gamma=-17.45Bn, session=RTH
2026-03-26 11:57:47 [INFO] telegram_listener: Raw message (729 chars): **? SPX Gamma Exposure Update (20260326)**
? 2026-03-26 21:57:47
? **Current Price: $6,497.93**

**Top 5 Call Positions (Positive Gamma):**
- Strike: `$6,500` | Gamma: `237,986,249`
- Strike: `$6,600` | Gamma: `77,065,592`
- Strike: `$6,510` | Gamma: `72,999,508`
- Strike: `$6,550` | Gamma: `50,000,...
2026-03-26 11:57:47 [INFO] telegram_listener: Saved snapshot #147715: price=6497.93, gamma=-17.00Bn, session=RTH
2026-03-26 11:59:16 [INFO] telegram_listener: Raw message (729 chars): **? SPX Gamma Exposure Update (20260326)**
? 2026-03-26 21:59:16
? **Current Price: $6,499.69**

**Top 5 Call Positions (Positive Gamma):**
- Strike: `$6,500` | Gamma: `243,319,889`
- Strike: `$6,510` | Gamma: `77,335,473`
- Strike: `$6,600` | Gamma: `77,107,345`
- Strike: `$6,550` | Gamma: `53,255,...
2026-03-26 11:59:16 [INFO] telegram_listener: Saved snapshot #147716: price=6499.69, gamma=-16.65Bn, session=RTH
2026-03-26 12:00:46 [INFO] telegram_listener: Raw message (729 chars): **? SPX Gamma Exposure Update (20260326)**
? 2026-03-26 22:00:47
? **Current Price: $6,499.37**

**Top 5 Call Positions (Positive Gamma):**
- Strike: `$6,500` | Gamma: `252,403,265`
- Strike: `$6,510` | Gamma: `77,327,858`
- Strike: `$6,600` | Gamma: `77,099,752`
- Strike: `$6,550` | Gamma: `53,250,...
2026-03-26 12:00:46 [INFO] telegram_listener: Saved snapshot #147717: price=6499.37, gamma=-17.52Bn, session=RTH
2026-03-26 12:01:53 [INFO] telethon.client.updates: Got difference for channel 1339255863 updates
2026-03-26 12:02:16 [INFO] telegram_listener: Raw message (729 chars): **? SPX Gamma Exposure Update (20260326)**
? 2026-03-26 22:02:16
? **Current Price: $6,497.61**

**Top 5 Call Positions (Positive Gamma):**
- Strike: `$6,500` | Gamma: `258,768,301`
- Strike: `$6,600` | Gamma: `77,058,001`
- Strike: `$6,510` | Gamma: `75,377,688`
- Strike: `$6,550` | Gamma: `48,382,...
2026-03-26 12:02:16 [INFO] telegram_listener: Saved snapshot #147718: price=6497.61, gamma=-18.17Bn, session=RTH
2026-03-26 12:03:43 [INFO] telethon.client.updates: Got difference for channel 1527121992 updates
2026-03-26 12:03:48 [INFO] telegram_listener: Raw message (729 chars): **? SPX Gamma Exposure Update (20260326)**
? 2026-03-26 22:03:48
? **Current Price: $6,492.59**

**Top 5 Call Positions (Positive Gamma):**
- Strike: `$6,500` | Gamma: `244,086,929`
- Strike: `$6,510` | Gamma: `64,305,507`
- Strike: `$6,600` | Gamma: `64,115,816`
- Strike: `$6,475` | Gamma: `52,354,...
2026-03-26 12:03:48 [INFO] telegram_listener: Saved snapshot #147719: price=6492.59, gamma=-19.66Bn, session=RTH
2026-03-26 12:05:17 [INFO] telegram_listener: Raw message (729 chars): **? SPX Gamma Exposure Update (20260326)**
? 2026-03-26 22:05:17
? **Current Price: $6,491.33**

**Top 5 Call Positions (Positive Gamma):**
- Strike: `$6,500` | Gamma: `241,396,538`
- Strike: `$6,510` | Gamma: `60,947,485`
- Strike: `$6,475` | Gamma: `55,435,918`
- Strike: `$6,480` | Gamma: `53,522,...
2026-03-26 12:05:17 [INFO] telegram_listener: Saved snapshot #147720: price=6491.33, gamma=-19.84Bn, session=RTH
2026-03-26 12:06:46 [INFO] telegram_listener: Raw message (727 chars): **? SPX Gamma Exposure Update (20260326)**
? 2026-03-26 22:06:47
? **Current Price: $6,489.90**

**Top 5 Call Positions (Positive Gamma):**
- Strike: `$6,500` | Gamma: `229,614,861`
- Strike: `$6,475` | Gamma: `58,511,440`
- Strike: `$6,510` | Gamma: `57,113,096`
- Strike: `$6,480` | Gamma: `55,651,...
2026-03-26 12:06:46 [INFO] telegram_listener: Saved snapshot #147721: price=6489.9, gamma=-20.51Bn, session=RTH
--- Logging error ---
Traceback (most recent call last):
  File "C:\Program Files\WindowsApps\PythonSoftwareFoundation.Python.3.12_3.12.2800.0_x64__qbz5n2kfra8p0\Lib\logging\__init__.py", line 1163, in emit
    stream.write(msg + self.terminator)
  File "C:\Program Files\WindowsApps\PythonSoftwareFoundation.Python.3.12_3.12.2800.0_x64__qbz5n2kfra8p0\Lib\encodings\cp1252.py", line 19, in encode
    return codecs.charmap_encode(input,self.errors,encoding_table)[0]
           ^^^^^^^^^^^^^^^^^^^^^^^^^^^^^^^^^^^^^^^^^^^^^^^^^^^^^^^
UnicodeEncodeError: 'charmap' codec can't encode characters in position 67-68: character maps to <undefined>
Call stack:
  File "C:\Code\gex_telegram\main.py", line 92, in <module>
    main()
  File "C:\Code\gex_telegram\main.py", line 80, in main
    asyncio.run(start_listener())
  File "C:\Program Files\WindowsApps\PythonSoftwareFoundation.Python.3.12_3.12.2800.0_x64__qbz5n2kfra8p0\Lib\asyncio\runners.py", line 195, in run
    return runner.run(main)
  File "C:\Program Files\WindowsApps\PythonSoftwareFoundation.Python.3.12_3.12.2800.0_x64__qbz5n2kfra8p0\Lib\asyncio\runners.py", line 118, in run
    return self._loop.run_until_complete(task)
  File "C:\Program Files\WindowsApps\PythonSoftwareFoundation.Python.3.12_3.12.2800.0_x64__qbz5n2kfra8p0\Lib\asyncio\base_events.py", line 678, in run_until_complete
    self.run_forever()
  File "C:\Program Files\WindowsApps\PythonSoftwareFoundation.Python.3.12_3.12.2800.0_x64__qbz5n2kfra8p0\Lib\asyncio\windows_events.py", line 322, in run_forever
    super().run_forever()
  File "C:\Program Files\WindowsApps\PythonSoftwareFoundation.Python.3.12_3.12.2800.0_x64__qbz5n2kfra8p0\Lib\asyncio\base_events.py", line 645, in run_forever
    self._run_once()
  File "C:\Program Files\WindowsApps\PythonSoftwareFoundation.Python.3.12_3.12.2800.0_x64__qbz5n2kfra8p0\Lib\asyncio\base_events.py", line 1999, in _run_once
    handle._run()
  File "C:\Program Files\WindowsApps\PythonSoftwareFoundation.Python.3.12_3.12.2800.0_x64__qbz5n2kfra8p0\Lib\asyncio\events.py", line 88, in _run
    self._context.run(self._callback, *self._args)
  File "C:\Code\gex_telegram\telegram_listener.py", line 1939, in data_feed_watchdog
    pipeline.watchdog.check_signal_flow()
  File "C:\Code\gex_telegram\delivery_watchdog.py", line 226, in check_signal_flow
    log.warning(f"DeliveryWatchdog: {msg}")
Message: 'DeliveryWatchdog: \u26a0\ufe0f ENGINE IDLE: No signals delivered in 20+ minutes\nCheck data feed, Telegram listener, or GEX engine health.\nTime: 12:06 PM PT'
Arguments: ()
2026-03-26 12:06:58 [INFO] discord_alerts: Sent DATA_RESTORED to gex_engine
2026-03-26 12:07:06 [INFO] telethon.client.updates: Got difference for channel 2231281895 updates
2026-03-26 12:08:18 [INFO] telegram_listener: Raw message (727 chars): **? SPX Gamma Exposure Update (20260326)**
? 2026-03-26 22:08:19
? **Current Price: $6,487.54**

**Top 5 Call Positions (Positive Gamma):**
- Strike: `$6,500` | Gamma: `210,003,159`
- Strike: `$6,475` | Gamma: `60,017,738`
- Strike: `$6,480` | Gamma: `54,996,619`
- Strike: `$6,510` | Gamma: `50,888,...
2026-03-26 12:08:18 [INFO] telegram_listener: Saved snapshot #147722: price=6487.54, gamma=-19.39Bn, session=RTH
2026-03-26 12:09:48 [INFO] telegram_listener: Raw message (727 chars): **? SPX Gamma Exposure Update (20260326)**
? 2026-03-26 22:09:48
? **Current Price: $6,487.75**

**Top 5 Call Positions (Positive Gamma):**
- Strike: `$6,500` | Gamma: `216,498,754`
- Strike: `$6,475` | Gamma: `61,957,805`
- Strike: `$6,480` | Gamma: `57,458,288`
- Strike: `$6,510` | Gamma: `51,367,...
2026-03-26 12:09:48 [INFO] telegram_listener: Saved snapshot #147723: price=6487.75, gamma=-19.58Bn, session=RTH
2026-03-26 12:11:19 [INFO] telegram_listener: Raw message (727 chars): **? SPX Gamma Exposure Update (20260326)**
? 2026-03-26 22:11:20
? **Current Price: $6,486.20**

**Top 5 Call Positions (Positive Gamma):**
- Strike: `$6,500` | Gamma: `206,029,075`
- Strike: `$6,475` | Gamma: `63,476,409`
- Strike: `$6,480` | Gamma: `58,045,070`
- Strike: `$6,510` | Gamma: `47,539,...
2026-03-26 12:11:19 [INFO] telegram_listener: Saved snapshot #147724: price=6486.2, gamma=-19.61Bn, session=RTH
2026-03-26 12:12:49 [INFO] telegram_listener: Raw message (727 chars): **? SPX Gamma Exposure Update (20260326)**
? 2026-03-26 22:12:50
? **Current Price: $6,485.51**

**Top 5 Call Positions (Positive Gamma):**
- Strike: `$6,500` | Gamma: `202,098,729`
- Strike: `$6,475` | Gamma: `69,267,438`
- Strike: `$6,480` | Gamma: `62,024,389`
- Strike: `$6,510` | Gamma: `45,628,...
2026-03-26 12:12:49 [INFO] telegram_listener: Saved snapshot #147725: price=6485.51, gamma=-20.31Bn, session=RTH
2026-03-26 12:14:21 [INFO] telegram_listener: Raw message (727 chars): **? SPX Gamma Exposure Update (20260326)**
? 2026-03-26 22:14:22
? **Current Price: $6,485.26**

**Top 5 Call Positions (Positive Gamma):**
- Strike: `$6,500` | Gamma: `200,787,743`
- Strike: `$6,475` | Gamma: `68,101,281`
- Strike: `$6,480` | Gamma: `62,019,608`
- Strike: `$6,510` | Gamma: `44,674,...
2026-03-26 12:14:21 [INFO] telegram_listener: Saved snapshot #147726: price=6485.26, gamma=-19.91Bn, session=RTH
2026-03-26 12:15:54 [INFO] telegram_listener: Raw message (727 chars): **? SPX Gamma Exposure Update (20260326)**
? 2026-03-26 22:15:54
? **Current Price: $6,490.25**

**Top 5 Call Positions (Positive Gamma):**
- Strike: `$6,500` | Gamma: `247,803,214`
- Strike: `$6,510` | Gamma: `58,071,244`
- Strike: `$6,475` | Gamma: `57,742,681`
- Strike: `$6,480` | Gamma: `55,965,...
2026-03-26 12:15:54 [INFO] telegram_listener: Saved snapshot #147727: price=6490.25, gamma=-18.80Bn, session=RTH
2026-03-26 12:17:25 [INFO] telegram_listener: Raw message (727 chars): **? SPX Gamma Exposure Update (20260326)**
? 2026-03-26 22:17:25
? **Current Price: $6,490.37**

**Top 5 Call Positions (Positive Gamma):**
- Strike: `$6,500` | Gamma: `259,489,401`
- Strike: `$6,475` | Gamma: `59,682,562`
- Strike: `$6,480` | Gamma: `59,042,264`
- Strike: `$6,510` | Gamma: `58,549,...
2026-03-26 12:17:25 [INFO] telegram_listener: Saved snapshot #147728: price=6490.37, gamma=-19.87Bn, session=RTH
2026-03-26 12:18:57 [INFO] telegram_listener: Raw message (727 chars): **? SPX Gamma Exposure Update (20260326)**
? 2026-03-26 22:18:57
? **Current Price: $6,490.91**

**Top 5 Call Positions (Positive Gamma):**
- Strike: `$6,500` | Gamma: `263,425,571`
- Strike: `$6,510` | Gamma: `60,463,508`
- Strike: `$6,480` | Gamma: `57,821,837`
- Strike: `$6,475` | Gamma: `57,754,...
2026-03-26 12:18:57 [INFO] telegram_listener: Saved snapshot #147729: price=6490.91, gamma=-19.34Bn, session=RTH
2026-03-26 12:20:27 [INFO] telegram_listener: Raw message (727 chars): **? SPX Gamma Exposure Update (20260326)**
? 2026-03-26 22:20:28
? **Current Price: $6,490.29**

**Top 5 Call Positions (Positive Gamma):**
- Strike: `$6,500` | Gamma: `255,590,759`
- Strike: `$6,510` | Gamma: `58,071,959`
- Strike: `$6,475` | Gamma: `57,743,393`
- Strike: `$6,480` | Gamma: `56,273,...
2026-03-26 12:20:27 [INFO] telegram_listener: Saved snapshot #147730: price=6490.29, gamma=-18.83Bn, session=RTH
2026-03-26 12:21:58 [INFO] telegram_listener: Raw message (727 chars): **? SPX Gamma Exposure Update (20260326)**
? 2026-03-26 22:21:59
? **Current Price: $6,488.27**

**Top 5 Call Positions (Positive Gamma):**
- Strike: `$6,500` | Gamma: `241,169,004`
- Strike: `$6,475` | Gamma: `65,066,124`
- Strike: `$6,480` | Gamma: `62,999,130`
- Strike: `$6,510` | Gamma: `51,375,...
2026-03-26 12:21:58 [INFO] telegram_listener: Saved snapshot #147731: price=6488.27, gamma=-19.88Bn, session=RTH
2026-03-26 12:23:28 [INFO] telegram_listener: Raw message (727 chars): **? SPX Gamma Exposure Update (20260326)**
? 2026-03-26 22:23:28
? **Current Price: $6,488.48**

**Top 5 Call Positions (Positive Gamma):**
- Strike: `$6,500` | Gamma: `248,964,764`
- Strike: `$6,480` | Gamma: `67,920,531`
- Strike: `$6,475` | Gamma: `67,394,277`
- Strike: `$6,490` | Gamma: `51,050,...
2026-03-26 12:23:28 [INFO] telegram_listener: Saved snapshot #147732: price=6488.48, gamma=-20.90Bn, session=RTH
2026-03-26 12:25:00 [INFO] telegram_listener: Raw message (727 chars): **? SPX Gamma Exposure Update (20260326)**
? 2026-03-26 22:25:01
? **Current Price: $6,485.78**

**Top 5 Call Positions (Positive Gamma):**
- Strike: `$6,500` | Gamma: `216,367,294`
- Strike: `$6,475` | Gamma: `72,369,215`
- Strike: `$6,480` | Gamma: `68,478,171`
- Strike: `$6,490` | Gamma: `48,042,...
2026-03-26 12:25:00 [INFO] telegram_listener: Saved snapshot #147733: price=6485.78, gamma=-19.95Bn, session=RTH
2026-03-26 12:26:30 [INFO] telegram_listener: Raw message (727 chars): **? SPX Gamma Exposure Update (20260326)**
? 2026-03-26 22:26:31
? **Current Price: $6,484.58**

**Top 5 Call Positions (Positive Gamma):**
- Strike: `$6,500` | Gamma: `202,040,772`
- Strike: `$6,475` | Gamma: `79,305,881`
- Strike: `$6,480` | Gamma: `74,285,137`
- Strike: `$6,485` | Gamma: `49,904,...
2026-03-26 12:26:30 [INFO] telegram_listener: Saved snapshot #147734: price=6484.58, gamma=-20.73Bn, session=RTH
2026-03-26 12:27:53 [INFO] telegram_listener: Channel msg [ipospx]: ?**??????**
**6466 **?** 6504 **?** 6530**

?**?????????**
**6655 **? **6607** ? **6572**


?**????? ?????**
?**????? ???? 6572 ?????? ??? ????? 6600 
2026-03-26 12:27:53 [INFO] telegram_listener: Channel msg [ipospx]: **? ????? ?????**
?**??????? ???? 6517 ?????? 6490 ~ 6479
??

?? ??? ????? ??????? ??? ??? ??????? 6517 - ??? ?????? ???????? ?????? 

 ?**
--- Logging error ---
Traceback (most recent call last):
  File "C:\Program Files\WindowsApps\PythonSoftwareFoundation.Python.3.12_3.12.2800.0_x64__qbz5n2kfra8p0\Lib\logging\__init__.py", line 1163, in emit
    stream.write(msg + self.terminator)
  File "C:\Program Files\WindowsApps\PythonSoftwareFoundation.Python.3.12_3.12.2800.0_x64__qbz5n2kfra8p0\Lib\encodings\cp1252.py", line 19, in encode
    return codecs.charmap_encode(input,self.errors,encoding_table)[0]
           ^^^^^^^^^^^^^^^^^^^^^^^^^^^^^^^^^^^^^^^^^^^^^^^^^^^^^^^
UnicodeEncodeError: 'charmap' codec can't encode character '\u2192' in position 81: character maps to <undefined>
Call stack:
  File "C:\Code\gex_telegram\main.py", line 92, in <module>
    main()
  File "C:\Code\gex_telegram\main.py", line 80, in main
    asyncio.run(start_listener())
  File "C:\Program Files\WindowsApps\PythonSoftwareFoundation.Python.3.12_3.12.2800.0_x64__qbz5n2kfra8p0\Lib\asyncio\runners.py", line 195, in run
    return runner.run(main)
  File "C:\Program Files\WindowsApps\PythonSoftwareFoundation.Python.3.12_3.12.2800.0_x64__qbz5n2kfra8p0\Lib\asyncio\runners.py", line 118, in run
    return self._loop.run_until_complete(task)
  File "C:\Program Files\WindowsApps\PythonSoftwareFoundation.Python.3.12_3.12.2800.0_x64__qbz5n2kfra8p0\Lib\asyncio\base_events.py", line 678, in run_until_complete
    self.run_forever()
  File "C:\Program Files\WindowsApps\PythonSoftwareFoundation.Python.3.12_3.12.2800.0_x64__qbz5n2kfra8p0\Lib\asyncio\windows_events.py", line 322, in run_forever
    super().run_forever()
  File "C:\Program Files\WindowsApps\PythonSoftwareFoundation.Python.3.12_3.12.2800.0_x64__qbz5n2kfra8p0\Lib\asyncio\base_events.py", line 645, in run_forever
    self._run_once()
  File "C:\Program Files\WindowsApps\PythonSoftwareFoundation.Python.3.12_3.12.2800.0_x64__qbz5n2kfra8p0\Lib\asyncio\base_events.py", line 1999, in _run_once
    handle._run()
  File "C:\Program Files\WindowsApps\PythonSoftwareFoundation.Python.3.12_3.12.2800.0_x64__qbz5n2kfra8p0\Lib\asyncio\events.py", line 88, in _run
    self._context.run(self._callback, *self._args)
  File "C:\Users\raghu\AppData\Local\Packages\PythonSoftwareFoundation.Python.3.12_qbz5n2kfra8p0\LocalCache\local-packages\Python312\site-packages\telethon\client\updates.py", line 574, in _dispatch_update
    await callback(event)
  File "C:\Code\gex_telegram\telegram_listener.py", line 2132, in handler
    call = pipeline.consensus.ingest_raw_text(chat_username, text) if is_consensus_ch else None
  File "C:\Code\gex_telegram\consensus_tracker.py", line 172, in ingest_raw_text
    log.info(
Message: 'ConsensusTracker (keyword): ipospx \u2192 SHORT (entry=6517.0, 3 channels active)'
Arguments: ()
C:\Users\raghu\AppData\Local\Packages\PythonSoftwareFoundation.Python.3.12_qbz5n2kfra8p0\LocalCache\local-packages\Python312\site-packages\yfinance\scrapers\quote.py:146: Pandas4Warning: Timestamp.utcnow is deprecated and will be removed in a future version. Use Timestamp.now('UTC') instead.
  dnow = pd.Timestamp.utcnow().tz_convert(self.timezone).date()
2026-03-26 12:27:54 [INFO] discord_alerts: Sent SPX_MILLION to gex_relay
2026-03-26 12:28:00 [INFO] telegram_listener: Raw message (727 chars): **? SPX Gamma Exposure Update (20260326)**
? 2026-03-26 22:28:00
? **Current Price: $6,484.56**

**Top 5 Call Positions (Positive Gamma):**
- Strike: `$6,500` | Gamma: `202,039,526`
- Strike: `$6,475` | Gamma: `77,371,114`
- Strike: `$6,480` | Gamma: `73,056,833`
- Strike: `$6,485` | Gamma: `49,130,...
2026-03-26 12:28:00 [INFO] telegram_listener: Saved snapshot #147735: price=6484.56, gamma=-20.37Bn, session=RTH
2026-03-26 12:29:08 [INFO] telegram_listener: Channel msg [ipospx]: **? ????? ?????**
?**??????? ???? 6517 ?????? 6490 ~ 6479
??****

?? ??? ????? ??????? ??? ??? ??????? 6517 - ??? ?????? ???????? ?????? 

 ?**
--- Logging error ---
Traceback (most recent call last):
  File "C:\Program Files\WindowsApps\PythonSoftwareFoundation.Python.3.12_3.12.2800.0_x64__qbz5n2kfra8p0\Lib\logging\__init__.py", line 1163, in emit
    stream.write(msg + self.terminator)
  File "C:\Program Files\WindowsApps\PythonSoftwareFoundation.Python.3.12_3.12.2800.0_x64__qbz5n2kfra8p0\Lib\encodings\cp1252.py", line 19, in encode
    return codecs.charmap_encode(input,self.errors,encoding_table)[0]
           ^^^^^^^^^^^^^^^^^^^^^^^^^^^^^^^^^^^^^^^^^^^^^^^^^^^^^^^
UnicodeEncodeError: 'charmap' codec can't encode character '\u2192' in position 81: character maps to <undefined>
Call stack:
  File "C:\Code\gex_telegram\main.py", line 92, in <module>
    main()
  File "C:\Code\gex_telegram\main.py", line 80, in main
    asyncio.run(start_listener())
  File "C:\Program Files\WindowsApps\PythonSoftwareFoundation.Python.3.12_3.12.2800.0_x64__qbz5n2kfra8p0\Lib\asyncio\runners.py", line 195, in run
    return runner.run(main)
  File "C:\Program Files\WindowsApps\PythonSoftwareFoundation.Python.3.12_3.12.2800.0_x64__qbz5n2kfra8p0\Lib\asyncio\runners.py", line 118, in run
    return self._loop.run_until_complete(task)
  File "C:\Program Files\WindowsApps\PythonSoftwareFoundation.Python.3.12_3.12.2800.0_x64__qbz5n2kfra8p0\Lib\asyncio\base_events.py", line 678, in run_until_complete
    self.run_forever()
  File "C:\Program Files\WindowsApps\PythonSoftwareFoundation.Python.3.12_3.12.2800.0_x64__qbz5n2kfra8p0\Lib\asyncio\windows_events.py", line 322, in run_forever
    super().run_forever()
  File "C:\Program Files\WindowsApps\PythonSoftwareFoundation.Python.3.12_3.12.2800.0_x64__qbz5n2kfra8p0\Lib\asyncio\base_events.py", line 645, in run_forever
    self._run_once()
  File "C:\Program Files\WindowsApps\PythonSoftwareFoundation.Python.3.12_3.12.2800.0_x64__qbz5n2kfra8p0\Lib\asyncio\base_events.py", line 1999, in _run_once
    handle._run()
  File "C:\Program Files\WindowsApps\PythonSoftwareFoundation.Python.3.12_3.12.2800.0_x64__qbz5n2kfra8p0\Lib\asyncio\events.py", line 88, in _run
    self._context.run(self._callback, *self._args)
  File "C:\Users\raghu\AppData\Local\Packages\PythonSoftwareFoundation.Python.3.12_qbz5n2kfra8p0\LocalCache\local-packages\Python312\site-packages\telethon\client\updates.py", line 574, in _dispatch_update
    await callback(event)
  File "C:\Code\gex_telegram\telegram_listener.py", line 2132, in handler
    call = pipeline.consensus.ingest_raw_text(chat_username, text) if is_consensus_ch else None
  File "C:\Code\gex_telegram\consensus_tracker.py", line 172, in ingest_raw_text
    log.info(
Message: 'ConsensusTracker (keyword): ipospx \u2192 SHORT (entry=6517.0, 3 channels active)'
Arguments: ()
2026-03-26 12:29:09 [INFO] discord_alerts: Sent SPX_MILLION to gex_relay
2026-03-26 12:29:31 [INFO] telegram_listener: Raw message (727 chars): **? SPX Gamma Exposure Update (20260326)**
? 2026-03-26 22:29:32
? **Current Price: $6,484.79**

**Top 5 Call Positions (Positive Gamma):**
- Strike: `$6,500` | Gamma: `205,939,510`
- Strike: `$6,475` | Gamma: `78,537,252`
- Strike: `$6,480` | Gamma: `74,903,915`
- Strike: `$6,485` | Gamma: `51,261,...
2026-03-26 12:29:31 [INFO] telegram_listener: Saved snapshot #147736: price=6484.79, gamma=-20.33Bn, session=RTH
2026-03-26 12:31:01 [INFO] telegram_listener: Raw message (727 chars): **? SPX Gamma Exposure Update (20260326)**
? 2026-03-26 22:31:02
? **Current Price: $6,485.08**

**Top 5 Call Positions (Positive Gamma):**
- Strike: `$6,500` | Gamma: `209,843,928`
- Strike: `$6,475` | Gamma: `78,544,276`
- Strike: `$6,480` | Gamma: `75,524,636`
- Strike: `$6,485` | Gamma: `52,040,...
2026-03-26 12:31:01 [INFO] telegram_listener: Saved snapshot #147737: price=6485.08, gamma=-20.13Bn, session=RTH
2026-03-26 12:31:53 [INFO] telethon.client.updates: Got difference for channel 1339255863 updates
2026-03-26 12:32:31 [INFO] telegram_listener: Raw message (727 chars): **? SPX Gamma Exposure Update (20260326)**
? 2026-03-26 22:32:32
? **Current Price: $6,479.91**

**Top 5 Call Positions (Positive Gamma):**
- Strike: `$6,500` | Gamma: `138,379,718`
- Strike: `$6,475` | Gamma: `99,279,344`
- Strike: `$6,480` | Gamma: `86,745,558`
- Strike: `$6,485` | Gamma: `52,150,...
2026-03-26 12:32:31 [INFO] telegram_listener: Saved snapshot #147738: price=6479.91, gamma=-21.69Bn, session=RTH
2026-03-26 12:34:00 [INFO] telegram_listener: Raw message (728 chars): **? SPX Gamma Exposure Update (20260326)**
? 2026-03-26 22:34:01
? **Current Price: $6,480.52**

**Top 5 Call Positions (Positive Gamma):**
- Strike: `$6,500` | Gamma: `147,460,356`
- Strike: `$6,475` | Gamma: `101,229,905`
- Strike: `$6,480` | Gamma: `90,747,419`
- Strike: `$6,485` | Gamma: `55,058...
2026-03-26 12:34:00 [INFO] telegram_listener: Saved snapshot #147739: price=6480.52, gamma=-21.00Bn, session=RTH
2026-03-26 12:35:32 [INFO] telegram_listener: Raw message (727 chars): **? SPX Gamma Exposure Update (20260326)**
? 2026-03-26 22:35:32
? **Current Price: $6,482.58**

**Top 5 Call Positions (Positive Gamma):**
- Strike: `$6,500` | Gamma: `173,440,807`
- Strike: `$6,475` | Gamma: `93,948,504`
- Strike: `$6,480` | Gamma: `91,111,895`
- Strike: `$6,485` | Gamma: `59,152,...
2026-03-26 12:35:32 [INFO] telegram_listener: Saved snapshot #147740: price=6482.58, gamma=-20.88Bn, session=RTH
2026-03-26 12:37:01 [INFO] telegram_listener: Raw message (727 chars): **? SPX Gamma Exposure Update (20260326)**
? 2026-03-26 22:37:02
? **Current Price: $6,485.28**

**Top 5 Call Positions (Positive Gamma):**
- Strike: `$6,500` | Gamma: `212,447,697`
- Strike: `$6,480` | Gamma: `90,266,718`
- Strike: `$6,475` | Gamma: `87,448,775`
- Strike: `$6,485` | Gamma: `63,264,...
2026-03-26 12:37:01 [INFO] telegram_listener: Saved snapshot #147741: price=6485.28, gamma=-21.03Bn, session=RTH
2026-03-26 12:37:53 [INFO] telegram_listener: Channel msg [ipospx]: ?? ?????? ??????? ????? ?????? 
6479 

? ?????
--- Logging error ---
Traceback (most recent call last):
  File "C:\Program Files\WindowsApps\PythonSoftwareFoundation.Python.3.12_3.12.2800.0_x64__qbz5n2kfra8p0\Lib\logging\__init__.py", line 1163, in emit
    stream.write(msg + self.terminator)
  File "C:\Program Files\WindowsApps\PythonSoftwareFoundation.Python.3.12_3.12.2800.0_x64__qbz5n2kfra8p0\Lib\encodings\cp1252.py", line 19, in encode
    return codecs.charmap_encode(input,self.errors,encoding_table)[0]
           ^^^^^^^^^^^^^^^^^^^^^^^^^^^^^^^^^^^^^^^^^^^^^^^^^^^^^^^
UnicodeEncodeError: 'charmap' codec can't encode character '\u2192' in position 81: character maps to <undefined>
Call stack:
  File "C:\Code\gex_telegram\main.py", line 92, in <module>
    main()
  File "C:\Code\gex_telegram\main.py", line 80, in main
    asyncio.run(start_listener())
  File "C:\Program Files\WindowsApps\PythonSoftwareFoundation.Python.3.12_3.12.2800.0_x64__qbz5n2kfra8p0\Lib\asyncio\runners.py", line 195, in run
    return runner.run(main)
  File "C:\Program Files\WindowsApps\PythonSoftwareFoundation.Python.3.12_3.12.2800.0_x64__qbz5n2kfra8p0\Lib\asyncio\runners.py", line 118, in run
    return self._loop.run_until_complete(task)
  File "C:\Program Files\WindowsApps\PythonSoftwareFoundation.Python.3.12_3.12.2800.0_x64__qbz5n2kfra8p0\Lib\asyncio\base_events.py", line 678, in run_until_complete
    self.run_forever()
  File "C:\Program Files\WindowsApps\PythonSoftwareFoundation.Python.3.12_3.12.2800.0_x64__qbz5n2kfra8p0\Lib\asyncio\windows_events.py", line 322, in run_forever
    super().run_forever()
  File "C:\Program Files\WindowsApps\PythonSoftwareFoundation.Python.3.12_3.12.2800.0_x64__qbz5n2kfra8p0\Lib\asyncio\base_events.py", line 645, in run_forever
    self._run_once()
  File "C:\Program Files\WindowsApps\PythonSoftwareFoundation.Python.3.12_3.12.2800.0_x64__qbz5n2kfra8p0\Lib\asyncio\base_events.py", line 1999, in _run_once
    handle._run()
  File "C:\Program Files\WindowsApps\PythonSoftwareFoundation.Python.3.12_3.12.2800.0_x64__qbz5n2kfra8p0\Lib\asyncio\events.py", line 88, in _run
    self._context.run(self._callback, *self._args)
  File "C:\Users\raghu\AppData\Local\Packages\PythonSoftwareFoundation.Python.3.12_qbz5n2kfra8p0\LocalCache\local-packages\Python312\site-packages\telethon\client\updates.py", line 574, in _dispatch_update
    await callback(event)
  File "C:\Code\gex_telegram\telegram_listener.py", line 2132, in handler
    call = pipeline.consensus.ingest_raw_text(chat_username, text) if is_consensus_ch else None
  File "C:\Code\gex_telegram\consensus_tracker.py", line 172, in ingest_raw_text
    log.info(
Message: 'ConsensusTracker (keyword): ipospx \u2192 SHORT (entry=6479.0, 3 channels active)'
Arguments: ()
2026-03-26 12:37:53 [INFO] discord_alerts: Sent SPX_MILLION to gex_relay
2026-03-26 12:38:31 [INFO] telegram_listener: Raw message (727 chars): **? SPX Gamma Exposure Update (20260326)**
? 2026-03-26 22:38:32
? **Current Price: $6,484.57**

**Top 5 Call Positions (Positive Gamma):**
- Strike: `$6,500` | Gamma: `195,564,503`
- Strike: `$6,480` | Gamma: `91,781,767`
- Strike: `$6,475` | Gamma: `90,137,626`
- Strike: `$6,485` | Gamma: `64,991,...
2026-03-26 12:38:31 [INFO] telegram_listener: Saved snapshot #147742: price=6484.57, gamma=-19.83Bn, session=RTH
2026-03-26 12:40:03 [INFO] telegram_listener: Raw message (729 chars): **? SPX Gamma Exposure Update (20260326)**
? 2026-03-26 22:40:03
? **Current Price: $6,483.22**

**Top 5 Call Positions (Positive Gamma):**
- Strike: `$6,500` | Gamma: `168,296,695`
- Strike: `$6,480` | Gamma: `106,471,618`
- Strike: `$6,475` | Gamma: `104,021,144`
- Strike: `$6,485` | Gamma: `70,18...
2026-03-26 12:40:03 [INFO] telegram_listener: Saved snapshot #147743: price=6483.22, gamma=-21.22Bn, session=RTH
2026-03-26 12:41:33 [INFO] telegram_listener: Raw message (728 chars): **? SPX Gamma Exposure Update (20260326)**
? 2026-03-26 22:41:33
? **Current Price: $6,483.81**

**Top 5 Call Positions (Positive Gamma):**
- Strike: `$6,500` | Gamma: `179,980,758`
- Strike: `$6,480` | Gamma: `104,035,874`
- Strike: `$6,475` | Gamma: `98,625,352`
- Strike: `$6,485` | Gamma: `70,198...
2026-03-26 12:41:33 [INFO] telegram_listener: Saved snapshot #147744: price=6483.81, gamma=-19.70Bn, session=RTH
2026-03-26 12:43:02 [INFO] telegram_listener: Raw message (729 chars): **? SPX Gamma Exposure Update (20260326)**
? 2026-03-26 22:43:02
? **Current Price: $6,483.36**

**Top 5 Call Positions (Positive Gamma):**
- Strike: `$6,500` | Gamma: `169,598,609`
- Strike: `$6,480` | Gamma: `108,010,456`
- Strike: `$6,475` | Gamma: `102,478,787`
- Strike: `$6,485` | Gamma: `72,12...
2026-03-26 12:43:02 [INFO] telegram_listener: Saved snapshot #147745: price=6483.36, gamma=-19.06Bn, session=RTH
2026-03-26 12:44:31 [INFO] telegram_listener: Raw message (729 chars): **? SPX Gamma Exposure Update (20260326)**
? 2026-03-26 22:44:32
? **Current Price: $6,479.88**

**Top 5 Call Positions (Positive Gamma):**
- Strike: `$6,475` | Gamma: `127,091,835`
- Strike: `$6,500` | Gamma: `122,859,360`
- Strike: `$6,480` | Gamma: `116,170,537`
- Strike: `$6,485` | Gamma: `64,89...
2026-03-26 12:44:31 [INFO] telegram_listener: Saved snapshot #147746: price=6479.88, gamma=-21.36Bn, session=RTH
2026-03-26 12:45:42 [INFO] telegram_listener: Raw message (729 chars): **? SPX Gamma Exposure Update (20260326)**
? 2026-03-26 22:45:42
? **Current Price: $6,479.06**

**Top 5 Call Positions (Positive Gamma):**
- Strike: `$6,475` | Gamma: `125,901,073`
- Strike: `$6,480` | Gamma: `113,076,727`
- Strike: `$6,500` | Gamma: `111,191,905`
- Strike: `$6,485` | Gamma: `62,17...
2026-03-26 12:45:42 [INFO] telegram_listener: Saved snapshot #147747: price=6479.06, gamma=-21.30Bn, session=RTH
2026-03-26 12:46:53 [INFO] telegram_listener: Channel msg [ipospx]: ??? ?????? 
????????? ?????? ?????? ???????

?
2026-03-26 12:46:53 [INFO] telegram_listener: Channel msg [ipospx]: ?????? ??? ????? ??? ???? ??????? ???? 6542 

????? ????? 6542 ~ 6525
?? ???? ???? ?????? ??

?? ???? 6525 ?????? ?????? ??????? ????? 

???? 6542 ???
2026-03-26 12:46:53 [INFO] telegram_listener: Channel msg [ipospx]: ????? ???? ??

???? ????? ????? ???? 

?
--- Logging error ---
Traceback (most recent call last):
  File "C:\Program Files\WindowsApps\PythonSoftwareFoundation.Python.3.12_3.12.2800.0_x64__qbz5n2kfra8p0\Lib\logging\__init__.py", line 1163, in emit
    stream.write(msg + self.terminator)
  File "C:\Program Files\WindowsApps\PythonSoftwareFoundation.Python.3.12_3.12.2800.0_x64__qbz5n2kfra8p0\Lib\encodings\cp1252.py", line 19, in encode
    return codecs.charmap_encode(input,self.errors,encoding_table)[0]
           ^^^^^^^^^^^^^^^^^^^^^^^^^^^^^^^^^^^^^^^^^^^^^^^^^^^^^^^
UnicodeEncodeError: 'charmap' codec can't encode character '\u2192' in position 81: character maps to <undefined>
Call stack:
  File "C:\Code\gex_telegram\main.py", line 92, in <module>
    main()
  File "C:\Code\gex_telegram\main.py", line 80, in main
    asyncio.run(start_listener())
  File "C:\Program Files\WindowsApps\PythonSoftwareFoundation.Python.3.12_3.12.2800.0_x64__qbz5n2kfra8p0\Lib\asyncio\runners.py", line 195, in run
    return runner.run(main)
  File "C:\Program Files\WindowsApps\PythonSoftwareFoundation.Python.3.12_3.12.2800.0_x64__qbz5n2kfra8p0\Lib\asyncio\runners.py", line 118, in run
    return self._loop.run_until_complete(task)
  File "C:\Program Files\WindowsApps\PythonSoftwareFoundation.Python.3.12_3.12.2800.0_x64__qbz5n2kfra8p0\Lib\asyncio\base_events.py", line 678, in run_until_complete
    self.run_forever()
  File "C:\Program Files\WindowsApps\PythonSoftwareFoundation.Python.3.12_3.12.2800.0_x64__qbz5n2kfra8p0\Lib\asyncio\windows_events.py", line 322, in run_forever
    super().run_forever()
  File "C:\Program Files\WindowsApps\PythonSoftwareFoundation.Python.3.12_3.12.2800.0_x64__qbz5n2kfra8p0\Lib\asyncio\base_events.py", line 645, in run_forever
    self._run_once()
  File "C:\Program Files\WindowsApps\PythonSoftwareFoundation.Python.3.12_3.12.2800.0_x64__qbz5n2kfra8p0\Lib\asyncio\base_events.py", line 1999, in _run_once
    handle._run()
  File "C:\Program Files\WindowsApps\PythonSoftwareFoundation.Python.3.12_3.12.2800.0_x64__qbz5n2kfra8p0\Lib\asyncio\events.py", line 88, in _run
    self._context.run(self._callback, *self._args)
  File "C:\Users\raghu\AppData\Local\Packages\PythonSoftwareFoundation.Python.3.12_qbz5n2kfra8p0\LocalCache\local-packages\Python312\site-packages\telethon\client\updates.py", line 574, in _dispatch_update
    await callback(event)
  File "C:\Code\gex_telegram\telegram_listener.py", line 2132, in handler
    call = pipeline.consensus.ingest_raw_text(chat_username, text) if is_consensus_ch else None
  File "C:\Code\gex_telegram\consensus_tracker.py", line 172, in ingest_raw_text
    log.info(
Message: 'ConsensusTracker (keyword): ipospx \u2192 SHORT (entry=None, 3 channels active)'
Arguments: ()
2026-03-26 12:46:53 [INFO] discord_alerts: Sent SPX_MILLION to gex_relay
2026-03-26 12:46:53 [INFO] telegram_listener: Channel msg [ipospx]: ???? ?? ??? ????? 6504????? ??? ??? 6489

??? ????? ???? 6525 

????
--- Logging error ---
Traceback (most recent call last):
  File "C:\Program Files\WindowsApps\PythonSoftwareFoundation.Python.3.12_3.12.2800.0_x64__qbz5n2kfra8p0\Lib\logging\__init__.py", line 1163, in emit
    stream.write(msg + self.terminator)
  File "C:\Program Files\WindowsApps\PythonSoftwareFoundation.Python.3.12_3.12.2800.0_x64__qbz5n2kfra8p0\Lib\encodings\cp1252.py", line 19, in encode
    return codecs.charmap_encode(input,self.errors,encoding_table)[0]
           ^^^^^^^^^^^^^^^^^^^^^^^^^^^^^^^^^^^^^^^^^^^^^^^^^^^^^^^
UnicodeEncodeError: 'charmap' codec can't encode character '\u2192' in position 81: character maps to <undefined>
Call stack:
  File "C:\Code\gex_telegram\main.py", line 92, in <module>
    main()
  File "C:\Code\gex_telegram\main.py", line 80, in main
    asyncio.run(start_listener())
  File "C:\Program Files\WindowsApps\PythonSoftwareFoundation.Python.3.12_3.12.2800.0_x64__qbz5n2kfra8p0\Lib\asyncio\runners.py", line 195, in run
    return runner.run(main)
  File "C:\Program Files\WindowsApps\PythonSoftwareFoundation.Python.3.12_3.12.2800.0_x64__qbz5n2kfra8p0\Lib\asyncio\runners.py", line 118, in run
    return self._loop.run_until_complete(task)
  File "C:\Program Files\WindowsApps\PythonSoftwareFoundation.Python.3.12_3.12.2800.0_x64__qbz5n2kfra8p0\Lib\asyncio\base_events.py", line 678, in run_until_complete
    self.run_forever()
  File "C:\Program Files\WindowsApps\PythonSoftwareFoundation.Python.3.12_3.12.2800.0_x64__qbz5n2kfra8p0\Lib\asyncio\windows_events.py", line 322, in run_forever
    super().run_forever()
  File "C:\Program Files\WindowsApps\PythonSoftwareFoundation.Python.3.12_3.12.2800.0_x64__qbz5n2kfra8p0\Lib\asyncio\base_events.py", line 645, in run_forever
    self._run_once()
  File "C:\Program Files\WindowsApps\PythonSoftwareFoundation.Python.3.12_3.12.2800.0_x64__qbz5n2kfra8p0\Lib\asyncio\base_events.py", line 1999, in _run_once
    handle._run()
  File "C:\Program Files\WindowsApps\PythonSoftwareFoundation.Python.3.12_3.12.2800.0_x64__qbz5n2kfra8p0\Lib\asyncio\events.py", line 88, in _run
    self._context.run(self._callback, *self._args)
  File "C:\Users\raghu\AppData\Local\Packages\PythonSoftwareFoundation.Python.3.12_qbz5n2kfra8p0\LocalCache\local-packages\Python312\site-packages\telethon\client\updates.py", line 574, in _dispatch_update
    await callback(event)
  File "C:\Code\gex_telegram\telegram_listener.py", line 2132, in handler
    call = pipeline.consensus.ingest_raw_text(chat_username, text) if is_consensus_ch else None
  File "C:\Code\gex_telegram\consensus_tracker.py", line 172, in ingest_raw_text
    log.info(
Message: 'ConsensusTracker (keyword): ipospx \u2192 SHORT (entry=6489.0, 3 channels active)'
Arguments: ()
2026-03-26 12:46:54 [INFO] discord_alerts: Sent SPX_MILLION to gex_relay
2026-03-26 12:46:54 [INFO] telegram_listener: Channel msg [ipospx]: ??? ??? ???? ??
2026-03-26 12:46:54 [INFO] telegram_listener: Channel msg [ipospx]: ?? ???? ??????? ???? 6525

????? ??????? ??????? ????? ?

??
--- Logging error ---
Traceback (most recent call last):
  File "C:\Program Files\WindowsApps\PythonSoftwareFoundation.Python.3.12_3.12.2800.0_x64__qbz5n2kfra8p0\Lib\logging\__init__.py", line 1163, in emit
    stream.write(msg + self.terminator)
  File "C:\Program Files\WindowsApps\PythonSoftwareFoundation.Python.3.12_3.12.2800.0_x64__qbz5n2kfra8p0\Lib\encodings\cp1252.py", line 19, in encode
    return codecs.charmap_encode(input,self.errors,encoding_table)[0]
           ^^^^^^^^^^^^^^^^^^^^^^^^^^^^^^^^^^^^^^^^^^^^^^^^^^^^^^^
UnicodeEncodeError: 'charmap' codec can't encode character '\u2192' in position 81: character maps to <undefined>
Call stack:
  File "C:\Code\gex_telegram\main.py", line 92, in <module>
    main()
  File "C:\Code\gex_telegram\main.py", line 80, in main
    asyncio.run(start_listener())
  File "C:\Program Files\WindowsApps\PythonSoftwareFoundation.Python.3.12_3.12.2800.0_x64__qbz5n2kfra8p0\Lib\asyncio\runners.py", line 195, in run
    return runner.run(main)
  File "C:\Program Files\WindowsApps\PythonSoftwareFoundation.Python.3.12_3.12.2800.0_x64__qbz5n2kfra8p0\Lib\asyncio\runners.py", line 118, in run
    return self._loop.run_until_complete(task)
  File "C:\Program Files\WindowsApps\PythonSoftwareFoundation.Python.3.12_3.12.2800.0_x64__qbz5n2kfra8p0\Lib\asyncio\base_events.py", line 678, in run_until_complete
    self.run_forever()
  File "C:\Program Files\WindowsApps\PythonSoftwareFoundation.Python.3.12_3.12.2800.0_x64__qbz5n2kfra8p0\Lib\asyncio\windows_events.py", line 322, in run_forever
    super().run_forever()
  File "C:\Program Files\WindowsApps\PythonSoftwareFoundation.Python.3.12_3.12.2800.0_x64__qbz5n2kfra8p0\Lib\asyncio\base_events.py", line 645, in run_forever
    self._run_once()
  File "C:\Program Files\WindowsApps\PythonSoftwareFoundation.Python.3.12_3.12.2800.0_x64__qbz5n2kfra8p0\Lib\asyncio\base_events.py", line 1999, in _run_once
    handle._run()
  File "C:\Program Files\WindowsApps\PythonSoftwareFoundation.Python.3.12_3.12.2800.0_x64__qbz5n2kfra8p0\Lib\asyncio\events.py", line 88, in _run
    self._context.run(self._callback, *self._args)
  File "C:\Users\raghu\AppData\Local\Packages\PythonSoftwareFoundation.Python.3.12_qbz5n2kfra8p0\LocalCache\local-packages\Python312\site-packages\telethon\client\updates.py", line 574, in _dispatch_update
    await callback(event)
  File "C:\Code\gex_telegram\telegram_listener.py", line 2132, in handler
    call = pipeline.consensus.ingest_raw_text(chat_username, text) if is_consensus_ch else None
  File "C:\Code\gex_telegram\consensus_tracker.py", line 172, in ingest_raw_text
    log.info(
Message: 'ConsensusTracker (keyword): ipospx \u2192 SHORT (entry=6525.0, 3 channels active)'
Arguments: ()
2026-03-26 12:46:54 [INFO] discord_alerts: Sent SPX_MILLION to gex_relay
2026-03-26 12:47:12 [INFO] telegram_listener: Raw message (729 chars): **? SPX Gamma Exposure Update (20260326)**
? 2026-03-26 22:47:12
? **Current Price: $6,479.75**

**Top 5 Call Positions (Positive Gamma):**
- Strike: `$6,475` | Gamma: `128,245,582`
- Strike: `$6,480` | Gamma: `119,843,951`
- Strike: `$6,500` | Gamma: `116,388,408`
- Strike: `$6,485` | Gamma: `65,86...
2026-03-26 12:47:12 [INFO] telegram_listener: Saved snapshot #147748: price=6479.75, gamma=-21.21Bn, session=RTH
2026-03-26 12:48:43 [INFO] telegram_listener: Raw message (729 chars): **? SPX Gamma Exposure Update (20260326)**
? 2026-03-26 22:48:43
? **Current Price: $6,480.55**

**Top 5 Call Positions (Positive Gamma):**
- Strike: `$6,475` | Gamma: `128,663,628`
- Strike: `$6,480` | Gamma: `124,778,856`
- Strike: `$6,500` | Gamma: `121,591,244`
- Strike: `$6,485` | Gamma: `70,51...
2026-03-26 12:48:43 [INFO] telegram_listener: Saved snapshot #147749: price=6480.55, gamma=-20.48Bn, session=RTH
2026-03-26 12:49:53 [INFO] telegram_listener: Channel msg [ipospx]: ?????? ????? ??????? 
???? ??? ???? ?? ??? ??? 
?? ???? ??????? ???? ?????? 

**@SPXIPO**

?
2026-03-26 12:50:17 [INFO] telegram_listener: Raw message (729 chars): **? SPX Gamma Exposure Update (20260326)**
? 2026-03-26 22:50:18
? **Current Price: $6,481.15**

**Top 5 Call Positions (Positive Gamma):**
- Strike: `$6,475` | Gamma: `131,779,044`
- Strike: `$6,480` | Gamma: `131,241,376`
- Strike: `$6,500` | Gamma: `125,495,050`
- Strike: `$6,485` | Gamma: `74,19...
2026-03-26 12:50:17 [INFO] telegram_listener: Saved snapshot #147750: price=6481.15, gamma=-19.60Bn, session=RTH
2026-03-26 12:51:25 [INFO] telegram_listener: Raw message (728 chars): **? SPX Gamma Exposure Update (20260326)**
? 2026-03-26 22:51:26
? **Current Price: $6,479.90**

**Top 5 Call Positions (Positive Gamma):**
- Strike: `$6,480` | Gamma: `162,455,843`
- Strike: `$6,475` | Gamma: `152,974,704`
- Strike: `$6,485` | Gamma: `81,702,399`
- Strike: `$6,500` | Gamma: `80,182...
2026-03-26 12:51:25 [INFO] telegram_listener: Saved snapshot #147751: price=6479.9, gamma=-20.08Bn, session=RTH
2026-03-26 12:52:55 [INFO] telegram_listener: Raw message (726 chars): **? SPX Gamma Exposure Update (20260326)**
? 2026-03-26 22:52:55
? **Current Price: $6,479.27**

**Top 5 Call Positions (Positive Gamma):**
- Strike: `$6,480` | Gamma: `178,973,142`
- Strike: `$6,475` | Gamma: `161,828,126`
- Strike: `$6,485` | Gamma: `80,334,726`
- Strike: `$6,470` | Gamma: `60,183...
2026-03-26 12:52:55 [INFO] telegram_listener: Saved snapshot #147752: price=6479.27, gamma=-19.02Bn, session=RTH
2026-03-26 12:54:25 [INFO] telegram_listener: Raw message (726 chars): **? SPX Gamma Exposure Update (20260326)**
? 2026-03-26 22:54:26
? **Current Price: $6,476.28**

**Top 5 Call Positions (Positive Gamma):**
- Strike: `$6,475` | Gamma: `197,950,420`
- Strike: `$6,480` | Gamma: `160,131,135`
- Strike: `$6,470` | Gamma: `79,623,077`
- Strike: `$6,485` | Gamma: `48,233...
2026-03-26 12:54:25 [INFO] telegram_listener: Saved snapshot #147753: price=6476.28, gamma=-24.23Bn, session=RTH
2026-03-26 12:55:58 [INFO] telegram_listener: Raw message (727 chars): **? SPX Gamma Exposure Update (20260326)**
? 2026-03-26 22:55:58
? **Current Price: $6,476.55**

**Top 5 Call Positions (Positive Gamma):**
- Strike: `$6,475` | Gamma: `283,250,922`
- Strike: `$6,480` | Gamma: `197,195,124`
- Strike: `$6,470` | Gamma: `85,737,011`
- Strike: `$6,485` | Gamma: `40,326...
2026-03-26 12:55:58 [INFO] telegram_listener: Saved snapshot #147754: price=6476.55, gamma=-24.75Bn, session=RTH
2026-03-26 12:57:27 [INFO] telegram_listener: Raw message (728 chars): **? SPX Gamma Exposure Update (20260326)**
? 2026-03-26 22:57:28
? **Current Price: $6,478.92**

**Top 5 Call Positions (Positive Gamma):**
- Strike: `$6,480` | Gamma: `315,314,157`
- Strike: `$6,475` | Gamma: `216,262,435`
- Strike: `$6,485` | Gamma: `76,850,401`
- Strike: `$6,470` | Gamma: `39,256...
2026-03-26 12:57:27 [INFO] telegram_listener: Saved snapshot #147755: price=6478.92, gamma=-23.02Bn, session=RTH
2026-03-26 12:58:53 [INFO] telegram_listener: Channel msg [ipospx]: ? **?????? ????? ????? ???? ???????**

??** ???????? ????? ????? :**

?? 4 ?????? ????? ???? ?????? 1
?? ??? ?????? ???? ?? ???? ???????
?????????????
--- Logging error ---
Traceback (most recent call last):
  File "C:\Program Files\WindowsApps\PythonSoftwareFoundation.Python.3.12_3.12.2800.0_x64__qbz5n2kfra8p0\Lib\logging\__init__.py", line 1163, in emit
    stream.write(msg + self.terminator)
  File "C:\Program Files\WindowsApps\PythonSoftwareFoundation.Python.3.12_3.12.2800.0_x64__qbz5n2kfra8p0\Lib\encodings\cp1252.py", line 19, in encode
    return codecs.charmap_encode(input,self.errors,encoding_table)[0]
           ^^^^^^^^^^^^^^^^^^^^^^^^^^^^^^^^^^^^^^^^^^^^^^^^^^^^^^^
UnicodeEncodeError: 'charmap' codec can't encode character '\u2192' in position 81: character maps to <undefined>
Call stack:
  File "C:\Code\gex_telegram\main.py", line 92, in <module>
    main()
  File "C:\Code\gex_telegram\main.py", line 80, in main
    asyncio.run(start_listener())
  File "C:\Program Files\WindowsApps\PythonSoftwareFoundation.Python.3.12_3.12.2800.0_x64__qbz5n2kfra8p0\Lib\asyncio\runners.py", line 195, in run
    return runner.run(main)
  File "C:\Program Files\WindowsApps\PythonSoftwareFoundation.Python.3.12_3.12.2800.0_x64__qbz5n2kfra8p0\Lib\asyncio\runners.py", line 118, in run
    return self._loop.run_until_complete(task)
  File "C:\Program Files\WindowsApps\PythonSoftwareFoundation.Python.3.12_3.12.2800.0_x64__qbz5n2kfra8p0\Lib\asyncio\base_events.py", line 678, in run_until_complete
    self.run_forever()
  File "C:\Program Files\WindowsApps\PythonSoftwareFoundation.Python.3.12_3.12.2800.0_x64__qbz5n2kfra8p0\Lib\asyncio\windows_events.py", line 322, in run_forever
    super().run_forever()
  File "C:\Program Files\WindowsApps\PythonSoftwareFoundation.Python.3.12_3.12.2800.0_x64__qbz5n2kfra8p0\Lib\asyncio\base_events.py", line 645, in run_forever
    self._run_once()
  File "C:\Program Files\WindowsApps\PythonSoftwareFoundation.Python.3.12_3.12.2800.0_x64__qbz5n2kfra8p0\Lib\asyncio\base_events.py", line 1999, in _run_once
    handle._run()
  File "C:\Program Files\WindowsApps\PythonSoftwareFoundation.Python.3.12_3.12.2800.0_x64__qbz5n2kfra8p0\Lib\asyncio\events.py", line 88, in _run
    self._context.run(self._callback, *self._args)
  File "C:\Users\raghu\AppData\Local\Packages\PythonSoftwareFoundation.Python.3.12_qbz5n2kfra8p0\LocalCache\local-packages\Python312\site-packages\telethon\client\updates.py", line 574, in _dispatch_update
    await callback(event)
  File "C:\Code\gex_telegram\telegram_listener.py", line 2132, in handler
    call = pipeline.consensus.ingest_raw_text(chat_username, text) if is_consensus_ch else None
  File "C:\Code\gex_telegram\consensus_tracker.py", line 172, in ingest_raw_text
    log.info(
Message: 'ConsensusTracker (keyword): ipospx \u2192 SHORT (entry=None, 3 channels active)'
Arguments: ()
2026-03-26 12:58:53 [INFO] discord_alerts: Sent SPX_MILLION to gex_relay
2026-03-26 12:58:57 [INFO] telegram_listener: Raw message (725 chars): **? SPX Gamma Exposure Update (20260326)**
? 2026-03-26 22:58:58
? **Current Price: $6,476.89**

**Top 5 Call Positions (Positive Gamma):**
- Strike: `$6,475` | Gamma: `366,643,910`
- Strike: `$6,480` | Gamma: `234,270,356`
- Strike: `$6,470` | Gamma: `77,053,951`
- Strike: `$6,485` | Gamma: `34,927...
2026-03-26 12:58:57 [INFO] telegram_listener: Saved snapshot #147756: price=6476.89, gamma=-23.81Bn, session=RTH
2026-03-26 13:01:15 [INFO] telethon.client.updates: Got difference for channel 1339255863 updates
2026-03-26 13:15:24 [INFO] telethon.client.updates: Got difference for channel 1220977767 updates
2026-03-26 13:15:59 [INFO] delivery_watchdog: DeliveryWatchdog: firing EOD health report
2026-03-26 13:16:00 [INFO] discord_alerts: Sent DATA_RESTORED to gex_engine
2026-03-26 13:19:44 [INFO] telegram_listener: Channel msg [SPXW500]: ?? ??? ? ??
2026-03-26 13:20:37 [INFO] telethon.client.updates: Got difference for channel 1339255863 updates
2026-03-26 13:37:07 [INFO] telethon.client.updates: Got difference for channel 2231281895 updates
2026-03-26 14:05:37 [INFO] telethon.client.updates: Got difference for channel 1339255863 updates
2026-03-26 14:45:24 [INFO] telethon.client.updates: Got difference for channel 1220977767 updates
2026-03-26 15:01:55 [INFO] telethon.client.updates: Got difference for channel 2231281895 updates
2026-03-26 15:07:07 [INFO] telethon.client.updates: Got difference for channel 2087725490 updates
2026-03-26 15:16:55 [INFO] telethon.client.updates: Got difference for channel 2231281895 updates
2026-03-26 15:39:20 [INFO] telegram_listener: Channel msg [SmartStrategy_Trader]: ???? ?????? ??? ?????? ???? ????? 
???? ?? ?????? ?????? ???? 
???? ?????? ??????? ???? ?
2026-03-26 15:56:47 [INFO] telegram_listener: Channel msg [SmartStrategy_Trader]: https://x.com/optiontrader444/status/2037302476534054998?s=46&t=8Q5XPr36ILQ2Op51MLql8g

???????? ?? ????? ?????? ??
2026-03-26 16:05:11 [INFO] telegram_listener: Channel msg [SmartStrategy_Trader]: ?????? ??????? ???? ??????? ????????? ????? ???? ????? ???? ??? ????? ?????

??? ???? ???? ?? ????? ????? ?????? ??? ???? ??? ????? ???? ?????

????? 
--- Logging error ---
Traceback (most recent call last):
  File "C:\Program Files\WindowsApps\PythonSoftwareFoundation.Python.3.12_3.12.2800.0_x64__qbz5n2kfra8p0\Lib\logging\__init__.py", line 1163, in emit
    stream.write(msg + self.terminator)
  File "C:\Program Files\WindowsApps\PythonSoftwareFoundation.Python.3.12_3.12.2800.0_x64__qbz5n2kfra8p0\Lib\encodings\cp1252.py", line 19, in encode
    return codecs.charmap_encode(input,self.errors,encoding_table)[0]
           ^^^^^^^^^^^^^^^^^^^^^^^^^^^^^^^^^^^^^^^^^^^^^^^^^^^^^^^
UnicodeEncodeError: 'charmap' codec can't encode character '\u2192' in position 95: character maps to <undefined>
Call stack:
  File "C:\Code\gex_telegram\main.py", line 92, in <module>
    main()
  File "C:\Code\gex_telegram\main.py", line 80, in main
    asyncio.run(start_listener())
  File "C:\Program Files\WindowsApps\PythonSoftwareFoundation.Python.3.12_3.12.2800.0_x64__qbz5n2kfra8p0\Lib\asyncio\runners.py", line 195, in run
    return runner.run(main)
  File "C:\Program Files\WindowsApps\PythonSoftwareFoundation.Python.3.12_3.12.2800.0_x64__qbz5n2kfra8p0\Lib\asyncio\runners.py", line 118, in run
    return self._loop.run_until_complete(task)
  File "C:\Program Files\WindowsApps\PythonSoftwareFoundation.Python.3.12_3.12.2800.0_x64__qbz5n2kfra8p0\Lib\asyncio\base_events.py", line 678, in run_until_complete
    self.run_forever()
  File "C:\Program Files\WindowsApps\PythonSoftwareFoundation.Python.3.12_3.12.2800.0_x64__qbz5n2kfra8p0\Lib\asyncio\windows_events.py", line 322, in run_forever
    super().run_forever()
  File "C:\Program Files\WindowsApps\PythonSoftwareFoundation.Python.3.12_3.12.2800.0_x64__qbz5n2kfra8p0\Lib\asyncio\base_events.py", line 645, in run_forever
    self._run_once()
  File "C:\Program Files\WindowsApps\PythonSoftwareFoundation.Python.3.12_3.12.2800.0_x64__qbz5n2kfra8p0\Lib\asyncio\base_events.py", line 1999, in _run_once
    handle._run()
  File "C:\Program Files\WindowsApps\PythonSoftwareFoundation.Python.3.12_3.12.2800.0_x64__qbz5n2kfra8p0\Lib\asyncio\events.py", line 88, in _run
    self._context.run(self._callback, *self._args)
  File "C:\Users\raghu\AppData\Local\Packages\PythonSoftwareFoundation.Python.3.12_qbz5n2kfra8p0\LocalCache\local-packages\Python312\site-packages\telethon\client\updates.py", line 574, in _dispatch_update
    await callback(event)
  File "C:\Code\gex_telegram\telegram_listener.py", line 2132, in handler
    call = pipeline.consensus.ingest_raw_text(chat_username, text) if is_consensus_ch else None
  File "C:\Code\gex_telegram\consensus_tracker.py", line 172, in ingest_raw_text
    log.info(
Message: 'ConsensusTracker (keyword): SmartStrategy_Trader \u2192 SHORT (entry=None, 3 channels active)'
Arguments: ()
C:\Users\raghu\AppData\Local\Packages\PythonSoftwareFoundation.Python.3.12_qbz5n2kfra8p0\LocalCache\local-packages\Python312\site-packages\yfinance\scrapers\quote.py:146: Pandas4Warning: Timestamp.utcnow is deprecated and will be removed in a future version. Use Timestamp.now('UTC') instead.
  dnow = pd.Timestamp.utcnow().tz_convert(self.timezone).date()
2026-03-26 16:05:12 [INFO] discord_alerts: Sent SPX_MILLION to gex_relay
2026-03-26 16:20:38 [INFO] telethon.client.updates: Got difference for channel 1339255863 updates
2026-03-26 16:50:38 [INFO] telethon.client.updates: Got difference for channel 1339255863 updates
2026-03-26 17:00:22 [INFO] telegram_listener: Raw message (724 chars): **? SPX Gamma Exposure Update (20260327)**
? 2026-03-27 03:00:22
? **Current Price: $6,477.16**

**Top 5 Call Positions (Positive Gamma):**
- Strike: `$6,600` | Gamma: `282,129,580`
- Strike: `$6,550` | Gamma: `176,746,328`
- Strike: `$6,000` | Gamma: `168,133,254`
- Strike: `$6,650` | Gamma: `146,0...
2026-03-26 17:00:22 [INFO] telegram_listener: Saved snapshot #147757: price=6477.16, gamma=-7.71Bn, session=NEXT_DAY_PREVIEW
2026-03-26 17:10:37 [INFO] telegram_listener: Raw message (724 chars): **? SPX Gamma Exposure Update (20260327)**
? 2026-03-27 03:10:37
? **Current Price: $6,477.16**

**Top 5 Call Positions (Positive Gamma):**
- Strike: `$6,600` | Gamma: `282,129,580`
- Strike: `$6,550` | Gamma: `176,746,328`
- Strike: `$6,000` | Gamma: `168,133,254`
- Strike: `$6,650` | Gamma: `146,0...
2026-03-26 17:10:37 [INFO] telegram_listener: Saved snapshot #147758: price=6477.16, gamma=-7.71Bn, session=NEXT_DAY_PREVIEW
2026-03-26 17:20:58 [INFO] telegram_listener: Raw message (724 chars): **? SPX Gamma Exposure Update (20260327)**
? 2026-03-27 03:20:58
? **Current Price: $6,477.16**

**Top 5 Call Positions (Positive Gamma):**
- Strike: `$6,600` | Gamma: `282,129,580`
- Strike: `$6,550` | Gamma: `176,746,328`
- Strike: `$6,000` | Gamma: `168,133,254`
- Strike: `$6,575` | Gamma: `133,7...
2026-03-26 17:20:58 [INFO] telegram_listener: Saved snapshot #147759: price=6477.16, gamma=-8.42Bn, session=NEXT_DAY_PREVIEW
2026-03-26 17:31:03 [INFO] telegram_listener: Raw message (724 chars): **? SPX Gamma Exposure Update (20260327)**
? 2026-03-27 03:31:04
? **Current Price: $6,477.16**

**Top 5 Call Positions (Positive Gamma):**
- Strike: `$6,600` | Gamma: `282,129,580`
- Strike: `$6,550` | Gamma: `176,746,328`
- Strike: `$6,000` | Gamma: `168,133,254`
- Strike: `$6,575` | Gamma: `133,7...
2026-03-26 17:31:03 [INFO] telegram_listener: Saved snapshot #147760: price=6477.16, gamma=-8.24Bn, session=NEXT_DAY_PREVIEW
2026-03-26 17:41:06 [INFO] telegram_listener: Raw message (724 chars): **? SPX Gamma Exposure Update (20260327)**
? 2026-03-27 03:41:07
? **Current Price: $6,477.16**

**Top 5 Call Positions (Positive Gamma):**
- Strike: `$6,600` | Gamma: `282,129,580`
- Strike: `$6,550` | Gamma: `176,746,328`
- Strike: `$6,000` | Gamma: `168,133,254`
- Strike: `$6,575` | Gamma: `133,7...
2026-03-26 17:41:06 [INFO] telegram_listener: Saved snapshot #147761: price=6477.16, gamma=-8.06Bn, session=NEXT_DAY_PREVIEW
2026-03-26 17:51:21 [INFO] telegram_listener: Raw message (724 chars): **? SPX Gamma Exposure Update (20260327)**
? 2026-03-27 03:51:21
? **Current Price: $6,477.16**

**Top 5 Call Positions (Positive Gamma):**
- Strike: `$6,600` | Gamma: `282,129,580`
- Strike: `$6,550` | Gamma: `176,746,328`
- Strike: `$6,000` | Gamma: `168,133,254`
- Strike: `$6,575` | Gamma: `133,7...
2026-03-26 17:51:21 [INFO] telegram_listener: Saved snapshot #147762: price=6477.16, gamma=-7.70Bn, session=NEXT_DAY_PREVIEW
2026-03-26 18:01:35 [INFO] telegram_listener: Raw message (724 chars): **? SPX Gamma Exposure Update (20260327)**
? 2026-03-27 04:01:36
? **Current Price: $6,477.16**

**Top 5 Call Positions (Positive Gamma):**
- Strike: `$6,600` | Gamma: `250,781,849`
- Strike: `$6,550` | Gamma: `182,447,823`
- Strike: `$6,000` | Gamma: `168,133,254`
- Strike: `$6,575` | Gamma: `128,3...
2026-03-26 18:01:35 [INFO] telegram_listener: Saved snapshot #147763: price=6477.16, gamma=-8.26Bn, session=NEXT_DAY_PREVIEW
2026-03-26 18:11:52 [INFO] telegram_listener: Raw message (724 chars): **? SPX Gamma Exposure Update (20260327)**
? 2026-03-27 04:11:53
? **Current Price: $6,477.16**

**Top 5 Call Positions (Positive Gamma):**
- Strike: `$6,600` | Gamma: `250,781,849`
- Strike: `$6,550` | Gamma: `182,447,823`
- Strike: `$6,000` | Gamma: `168,133,254`
- Strike: `$6,575` | Gamma: `128,3...
2026-03-26 18:11:52 [INFO] telegram_listener: Saved snapshot #147764: price=6477.16, gamma=-8.65Bn, session=NEXT_DAY_PREVIEW
2026-03-26 18:22:04 [INFO] telegram_listener: Raw message (724 chars): **? SPX Gamma Exposure Update (20260327)**
? 2026-03-27 04:22:05
? **Current Price: $6,477.16**

**Top 5 Call Positions (Positive Gamma):**
- Strike: `$6,600` | Gamma: `250,781,849`
- Strike: `$6,550` | Gamma: `182,447,823`
- Strike: `$6,000` | Gamma: `168,133,254`
- Strike: `$6,575` | Gamma: `128,3...
2026-03-26 18:22:04 [INFO] telegram_listener: Saved snapshot #147765: price=6477.16, gamma=-8.62Bn, session=NEXT_DAY_PREVIEW
2026-03-26 18:32:14 [INFO] telegram_listener: Raw message (726 chars): **? SPX Gamma Exposure Update (20260327)**
? 2026-03-27 04:32:13
? **Current Price: $6,477.16**

**Top 5 Call Positions (Positive Gamma):**
- Strike: `$6,600` | Gamma: `250,781,849`
- Strike: `$6,550` | Gamma: `182,447,823`
- Strike: `$6,000` | Gamma: `168,133,254`
- Strike: `$6,575` | Gamma: `128,3...
2026-03-26 18:32:14 [INFO] telegram_listener: Saved snapshot #147766: price=6477.16, gamma=-9.02Bn, session=NEXT_DAY_PREVIEW
2026-03-26 18:42:38 [INFO] telegram_listener: Raw message (726 chars): **? SPX Gamma Exposure Update (20260327)**
? 2026-03-27 04:42:37
? **Current Price: $6,477.16**

**Top 5 Call Positions (Positive Gamma):**
- Strike: `$6,600` | Gamma: `250,781,849`
- Strike: `$6,550` | Gamma: `182,447,823`
- Strike: `$6,000` | Gamma: `168,133,254`
- Strike: `$6,575` | Gamma: `128,3...
2026-03-26 18:42:38 [INFO] telegram_listener: Saved snapshot #147767: price=6477.16, gamma=-8.99Bn, session=NEXT_DAY_PREVIEW
2026-03-26 18:50:35 [INFO] telethon.client.updates: Got difference for channel 2231281895 updates
2026-03-26 18:52:44 [INFO] telegram_listener: Raw message (724 chars): **? SPX Gamma Exposure Update (20260327)**
? 2026-03-27 04:52:43
? **Current Price: $6,477.16**

**Top 5 Call Positions (Positive Gamma):**
- Strike: `$6,600` | Gamma: `250,781,849`
- Strike: `$6,550` | Gamma: `182,447,823`
- Strike: `$6,000` | Gamma: `168,133,254`
- Strike: `$6,575` | Gamma: `128,3...
2026-03-26 18:52:44 [INFO] telegram_listener: Saved snapshot #147768: price=6477.16, gamma=-8.76Bn, session=NEXT_DAY_PREVIEW
2026-03-26 19:04:31 [INFO] telegram_listener: Raw message (726 chars): **? SPX Gamma Exposure Update (20260327)**
? 2026-03-27 05:04:30
? **Current Price: $6,477.16**

**Top 5 Call Positions (Positive Gamma):**
- Strike: `$6,600` | Gamma: `250,781,849`
- Strike: `$6,550` | Gamma: `182,447,823`
- Strike: `$6,000` | Gamma: `168,133,254`
- Strike: `$6,575` | Gamma: `128,3...
2026-03-26 19:04:31 [INFO] telegram_listener: Saved snapshot #147769: price=6477.16, gamma=-8.99Bn, session=NEXT_DAY_PREVIEW
2026-03-26 19:07:07 [INFO] telethon.client.updates: Got difference for account updates
2026-03-26 19:13:40 [INFO] telegram_listener: Raw message (726 chars): **? SPX Gamma Exposure Update (20260327)**
? 2026-03-27 05:13:39
? **Current Price: $6,477.16**

**Top 5 Call Positions (Positive Gamma):**
- Strike: `$6,600` | Gamma: `250,781,849`
- Strike: `$6,550` | Gamma: `182,447,823`
- Strike: `$6,000` | Gamma: `168,133,254`
- Strike: `$6,575` | Gamma: `128,3...
2026-03-26 19:13:40 [INFO] telegram_listener: Saved snapshot #147770: price=6477.16, gamma=-9.09Bn, session=NEXT_DAY_PREVIEW
2026-03-26 19:23:41 [INFO] telegram_listener: Raw message (724 chars): **? SPX Gamma Exposure Update (20260327)**
? 2026-03-27 05:23:41
? **Current Price: $6,477.16**

**Top 5 Call Positions (Positive Gamma):**
- Strike: `$6,600` | Gamma: `235,107,984`
- Strike: `$6,550` | Gamma: `182,447,823`
- Strike: `$6,000` | Gamma: `168,133,254`
- Strike: `$6,575` | Gamma: `128,3...
2026-03-26 19:23:41 [INFO] telegram_listener: Saved snapshot #147771: price=6477.16, gamma=-8.58Bn, session=NEXT_DAY_PREVIEW
2026-03-26 19:33:49 [INFO] telegram_listener: Raw message (726 chars): **? SPX Gamma Exposure Update (20260327)**
? 2026-03-27 05:33:48
? **Current Price: $6,477.16**

**Top 5 Call Positions (Positive Gamma):**
- Strike: `$6,600` | Gamma: `250,781,849`
- Strike: `$6,550` | Gamma: `182,447,823`
- Strike: `$6,000` | Gamma: `168,133,254`
- Strike: `$6,575` | Gamma: `128,3...
2026-03-26 19:33:49 [INFO] telegram_listener: Saved snapshot #147772: price=6477.16, gamma=-8.97Bn, session=NEXT_DAY_PREVIEW
2026-03-26 19:43:55 [INFO] telegram_listener: Raw message (724 chars): **? SPX Gamma Exposure Update (20260327)**
? 2026-03-27 05:43:54
? **Current Price: $6,477.16**

**Top 5 Call Positions (Positive Gamma):**
- Strike: `$6,600` | Gamma: `235,107,984`
- Strike: `$6,550` | Gamma: `182,447,823`
- Strike: `$6,000` | Gamma: `168,133,254`
- Strike: `$6,575` | Gamma: `128,3...
2026-03-26 19:43:55 [INFO] telegram_listener: Saved snapshot #147773: price=6477.16, gamma=-8.75Bn, session=NEXT_DAY_PREVIEW
2026-03-26 19:54:01 [INFO] telegram_listener: Raw message (724 chars): **? SPX Gamma Exposure Update (20260327)**
? 2026-03-27 05:54:01
? **Current Price: $6,477.16**

**Top 5 Call Positions (Positive Gamma):**
- Strike: `$6,600` | Gamma: `235,107,984`
- Strike: `$6,550` | Gamma: `182,447,823`
- Strike: `$6,000` | Gamma: `168,133,254`
- Strike: `$6,575` | Gamma: `128,3...
2026-03-26 19:54:01 [INFO] telegram_listener: Saved snapshot #147774: price=6477.16, gamma=-8.70Bn, session=NEXT_DAY_PREVIEW
2026-03-26 20:04:09 [INFO] telegram_listener: Raw message (724 chars): **? SPX Gamma Exposure Update (20260327)**
? 2026-03-27 06:04:08
? **Current Price: $6,477.16**

**Top 5 Call Positions (Positive Gamma):**
- Strike: `$6,600` | Gamma: `235,107,984`
- Strike: `$6,550` | Gamma: `182,447,823`
- Strike: `$6,000` | Gamma: `168,133,254`
- Strike: `$6,575` | Gamma: `128,3...
2026-03-26 20:04:09 [INFO] telegram_listener: Saved snapshot #147775: price=6477.16, gamma=-8.77Bn, session=NEXT_DAY_PREVIEW
2026-03-26 20:14:16 [INFO] telegram_listener: Raw message (724 chars): **? SPX Gamma Exposure Update (20260327)**
? 2026-03-27 06:14:15
? **Current Price: $6,477.16**

**Top 5 Call Positions (Positive Gamma):**
- Strike: `$6,600` | Gamma: `235,107,984`
- Strike: `$6,550` | Gamma: `182,447,823`
- Strike: `$6,000` | Gamma: `168,133,254`
- Strike: `$6,575` | Gamma: `128,3...
2026-03-26 20:14:16 [INFO] telegram_listener: Saved snapshot #147776: price=6477.16, gamma=-8.68Bn, session=NEXT_DAY_PREVIEW
2026-03-26 20:20:42 [INFO] telethon.client.updates: Got difference for channel 1339255863 updates
2026-03-26 20:24:21 [INFO] telegram_listener: Raw message (724 chars): **? SPX Gamma Exposure Update (20260327)**
? 2026-03-27 06:24:20
? **Current Price: $6,477.16**

**Top 5 Call Positions (Positive Gamma):**
- Strike: `$6,600` | Gamma: `235,107,984`
- Strike: `$6,550` | Gamma: `188,149,317`
- Strike: `$6,000` | Gamma: `168,133,254`
- Strike: `$6,575` | Gamma: `128,3...
2026-03-26 20:24:21 [INFO] telegram_listener: Saved snapshot #147777: price=6477.16, gamma=-8.58Bn, session=NEXT_DAY_PREVIEW
2026-03-26 20:26:24 [INFO] telegram_listener: Channel msg [SmartStrategy_Trader]: ??? ????? ???????
???? ?????? ??? ??? 
???? ???? ????? ??? 5.00-5.30 ?????? ?????? ?????? 4.00-3.80-3.50 
???? ??? ????? ??????? 
??????? ???? ?????? 
2026-03-26 20:34:30 [INFO] telegram_listener: Raw message (724 chars): **? SPX Gamma Exposure Update (20260327)**
? 2026-03-27 06:34:29
? **Current Price: $6,477.16**

**Top 5 Call Positions (Positive Gamma):**
- Strike: `$6,600` | Gamma: `235,107,984`
- Strike: `$6,550` | Gamma: `182,447,823`
- Strike: `$6,000` | Gamma: `168,133,254`
- Strike: `$6,575` | Gamma: `128,3...
2026-03-26 20:34:30 [INFO] telegram_listener: Saved snapshot #147778: price=6477.16, gamma=-8.83Bn, session=NEXT_DAY_PREVIEW
2026-03-26 20:44:00 [INFO] telethon.client.updates: Got difference for channel 1897923732 updates
2026-03-26 20:44:40 [INFO] telegram_listener: Raw message (726 chars): **? SPX Gamma Exposure Update (20260327)**
? 2026-03-27 06:44:40
? **Current Price: $6,477.16**

**Top 5 Call Positions (Positive Gamma):**
- Strike: `$6,600` | Gamma: `250,781,849`
- Strike: `$6,550` | Gamma: `182,447,823`
- Strike: `$6,000` | Gamma: `168,133,254`
- Strike: `$6,575` | Gamma: `128,3...
2026-03-26 20:44:40 [INFO] telegram_listener: Saved snapshot #147779: price=6477.16, gamma=-9.26Bn, session=NEXT_DAY_PREVIEW
2026-03-26 20:54:53 [INFO] telegram_listener: Raw message (726 chars): **? SPX Gamma Exposure Update (20260327)**
? 2026-03-27 06:54:52
? **Current Price: $6,477.16**

**Top 5 Call Positions (Positive Gamma):**
- Strike: `$6,600` | Gamma: `250,781,849`
- Strike: `$6,550` | Gamma: `176,746,328`
- Strike: `$6,000` | Gamma: `168,133,254`
- Strike: `$6,575` | Gamma: `128,3...
2026-03-26 20:54:53 [INFO] telegram_listener: Saved snapshot #147780: price=6477.16, gamma=-9.31Bn, session=NEXT_DAY_PREVIEW
2026-03-26 21:05:08 [INFO] telegram_listener: Raw message (726 chars): **? SPX Gamma Exposure Update (20260327)**
? 2026-03-27 07:05:07
? **Current Price: $6,477.16**

**Top 5 Call Positions (Positive Gamma):**
- Strike: `$6,600` | Gamma: `250,781,849`
- Strike: `$6,550` | Gamma: `182,447,823`
- Strike: `$6,000` | Gamma: `168,133,254`
- Strike: `$6,575` | Gamma: `128,3...
2026-03-26 21:05:08 [INFO] telegram_listener: Saved snapshot #147781: price=6477.16, gamma=-9.29Bn, session=NEXT_DAY_PREVIEW
2026-03-26 21:15:18 [INFO] telegram_listener: Raw message (726 chars): **? SPX Gamma Exposure Update (20260327)**
? 2026-03-27 07:15:17
? **Current Price: $6,477.16**

**Top 5 Call Positions (Positive Gamma):**
- Strike: `$6,600` | Gamma: `250,781,849`
- Strike: `$6,550` | Gamma: `182,447,823`
- Strike: `$6,000` | Gamma: `168,133,254`
- Strike: `$6,575` | Gamma: `128,3...
2026-03-26 21:15:18 [INFO] telegram_listener: Saved snapshot #147782: price=6477.16, gamma=-9.29Bn, session=NEXT_DAY_PREVIEW
2026-03-26 21:25:25 [INFO] telegram_listener: Raw message (726 chars): **? SPX Gamma Exposure Update (20260327)**
? 2026-03-27 07:25:24
? **Current Price: $6,477.16**

**Top 5 Call Positions (Positive Gamma):**
- Strike: `$6,600` | Gamma: `250,781,849`
- Strike: `$6,550` | Gamma: `176,746,328`
- Strike: `$6,000` | Gamma: `168,133,254`
- Strike: `$6,575` | Gamma: `128,3...
2026-03-26 21:25:25 [INFO] telegram_listener: Saved snapshot #147783: price=6477.16, gamma=-9.40Bn, session=NEXT_DAY_PREVIEW
2026-03-26 21:35:29 [INFO] telegram_listener: Raw message (726 chars): **? SPX Gamma Exposure Update (20260327)**
? 2026-03-27 07:35:29
? **Current Price: $6,477.16**

**Top 5 Call Positions (Positive Gamma):**
- Strike: `$6,600` | Gamma: `250,781,849`
- Strike: `$6,550` | Gamma: `176,746,328`
- Strike: `$6,000` | Gamma: `168,133,254`
- Strike: `$6,575` | Gamma: `128,3...
2026-03-26 21:35:29 [INFO] telegram_listener: Saved snapshot #147784: price=6477.16, gamma=-9.31Bn, session=NEXT_DAY_PREVIEW
2026-03-26 21:43:38 [INFO] telegram_listener: Channel msg [SmartStrategy_Trader]: ?????? ?????? ??? ??? ?????
2026-03-26 21:45:21 [INFO] telegram_listener: Channel msg [SmartStrategy_Trader]: ??? ????? ????? ??? 6512 ???? ???? ??????? ????? ????? ????? ??? ?? ???? ????? ????? ???? 2.80$ 
???? ??? ??? 3.70 ???? 
???????? ?? ???? ????? ??????
--- Logging error ---
Traceback (most recent call last):
  File "C:\Program Files\WindowsApps\PythonSoftwareFoundation.Python.3.12_3.12.2800.0_x64__qbz5n2kfra8p0\Lib\logging\__init__.py", line 1163, in emit
    stream.write(msg + self.terminator)
  File "C:\Program Files\WindowsApps\PythonSoftwareFoundation.Python.3.12_3.12.2800.0_x64__qbz5n2kfra8p0\Lib\encodings\cp1252.py", line 19, in encode
    return codecs.charmap_encode(input,self.errors,encoding_table)[0]
           ^^^^^^^^^^^^^^^^^^^^^^^^^^^^^^^^^^^^^^^^^^^^^^^^^^^^^^^
UnicodeEncodeError: 'charmap' codec can't encode character '\u2192' in position 95: character maps to <undefined>
Call stack:
  File "C:\Code\gex_telegram\main.py", line 92, in <module>
    main()
  File "C:\Code\gex_telegram\main.py", line 80, in main
    asyncio.run(start_listener())
  File "C:\Program Files\WindowsApps\PythonSoftwareFoundation.Python.3.12_3.12.2800.0_x64__qbz5n2kfra8p0\Lib\asyncio\runners.py", line 195, in run
    return runner.run(main)
  File "C:\Program Files\WindowsApps\PythonSoftwareFoundation.Python.3.12_3.12.2800.0_x64__qbz5n2kfra8p0\Lib\asyncio\runners.py", line 118, in run
    return self._loop.run_until_complete(task)
  File "C:\Program Files\WindowsApps\PythonSoftwareFoundation.Python.3.12_3.12.2800.0_x64__qbz5n2kfra8p0\Lib\asyncio\base_events.py", line 678, in run_until_complete
    self.run_forever()
  File "C:\Program Files\WindowsApps\PythonSoftwareFoundation.Python.3.12_3.12.2800.0_x64__qbz5n2kfra8p0\Lib\asyncio\windows_events.py", line 322, in run_forever
    super().run_forever()
  File "C:\Program Files\WindowsApps\PythonSoftwareFoundation.Python.3.12_3.12.2800.0_x64__qbz5n2kfra8p0\Lib\asyncio\base_events.py", line 645, in run_forever
    self._run_once()
  File "C:\Program Files\WindowsApps\PythonSoftwareFoundation.Python.3.12_3.12.2800.0_x64__qbz5n2kfra8p0\Lib\asyncio\base_events.py", line 1999, in _run_once
    handle._run()
  File "C:\Program Files\WindowsApps\PythonSoftwareFoundation.Python.3.12_3.12.2800.0_x64__qbz5n2kfra8p0\Lib\asyncio\events.py", line 88, in _run
    self._context.run(self._callback, *self._args)
  File "C:\Users\raghu\AppData\Local\Packages\PythonSoftwareFoundation.Python.3.12_qbz5n2kfra8p0\LocalCache\local-packages\Python312\site-packages\telethon\client\updates.py", line 574, in _dispatch_update
    await callback(event)
  File "C:\Code\gex_telegram\telegram_listener.py", line 2132, in handler
    call = pipeline.consensus.ingest_raw_text(chat_username, text) if is_consensus_ch else None
  File "C:\Code\gex_telegram\consensus_tracker.py", line 172, in ingest_raw_text
    log.info(
Message: 'ConsensusTracker (keyword): SmartStrategy_Trader \u2192 SHORT (entry=6512.0, 3 channels active)'
Arguments: ()
C:\Users\raghu\AppData\Local\Packages\PythonSoftwareFoundation.Python.3.12_qbz5n2kfra8p0\LocalCache\local-packages\Python312\site-packages\yfinance\scrapers\quote.py:146: Pandas4Warning: Timestamp.utcnow is deprecated and will be removed in a future version. Use Timestamp.now('UTC') instead.
  dnow = pd.Timestamp.utcnow().tz_convert(self.timezone).date()
2026-03-26 21:45:22 [INFO] discord_alerts: Sent SPX_MILLION to gex_relay
2026-03-26 21:45:35 [INFO] telegram_listener: Raw message (726 chars): **? SPX Gamma Exposure Update (20260327)**
? 2026-03-27 07:45:34
? **Current Price: $6,477.16**

**Top 5 Call Positions (Positive Gamma):**
- Strike: `$6,600` | Gamma: `250,781,849`
- Strike: `$6,550` | Gamma: `182,447,823`
- Strike: `$6,000` | Gamma: `168,133,254`
- Strike: `$6,575` | Gamma: `128,3...
2026-03-26 21:45:35 [INFO] telegram_listener: Saved snapshot #147785: price=6477.16, gamma=-9.53Bn, session=NEXT_DAY_PREVIEW
2026-03-26 21:55:40 [INFO] telegram_listener: Raw message (726 chars): **? SPX Gamma Exposure Update (20260327)**
? 2026-03-27 07:55:39
? **Current Price: $6,477.16**

**Top 5 Call Positions (Positive Gamma):**
- Strike: `$6,600` | Gamma: `250,781,849`
- Strike: `$6,550` | Gamma: `182,447,823`
- Strike: `$6,000` | Gamma: `168,133,254`
- Strike: `$6,575` | Gamma: `128,3...
2026-03-26 21:55:40 [INFO] telegram_listener: Saved snapshot #147786: price=6477.16, gamma=-9.75Bn, session=NEXT_DAY_PREVIEW
2026-03-26 22:05:48 [INFO] telegram_listener: Raw message (726 chars): **? SPX Gamma Exposure Update (20260327)**
? 2026-03-27 08:05:47
? **Current Price: $6,477.16**

**Top 5 Call Positions (Positive Gamma):**
- Strike: `$6,600` | Gamma: `250,781,849`
- Strike: `$6,550` | Gamma: `176,746,328`
- Strike: `$6,000` | Gamma: `168,133,254`
- Strike: `$6,575` | Gamma: `128,3...
2026-03-26 22:05:48 [INFO] telegram_listener: Saved snapshot #147787: price=6477.16, gamma=-9.97Bn, session=NEXT_DAY_PREVIEW
7 08:05:47
? **Current Price: $6,477.16**

**Top 5 Call Positions (Positive Gamma):**
- Strike: `$6,600` | Gamma: `250,781,849`
- Strike: `$6,550` | Gamma: `176,746,328`
- Strike: `$6,000` | Gamma: `168,133,254`
- Strike: `$6,575` | Gamma: `128,3...
2026-03-26 22:05:48 [INFO] telegram_listener: Saved snapshot #147787: price=6477.16, gamma=-9.97Bn, session=NEXT_DAY_PREVIEW
